FIPS,Name,have_mentalhealth,have_no_mentalhealth,no_highschool,highschool,year,p_have_mentalhealth,p_have_no_mentalhealth,p_highschool,p_no_highschool
1,Alabama,2260,4311,800,5934,2017,0.3439354740526556,0.6560645259473444,0.8811998811998812,0.1188001188001188
2,Alaska,987,2129,204,2979,2017,0.31675224646983313,0.6832477535301669,0.9359095193213949,0.0640904806786051
4,Arizona,4755,10514,1000,14422,2017,0.3114152858733381,0.6885847141266619,0.935157567111918,0.06484243288808196
5,Arkansas,1604,3631,481,4824,2017,0.3063992359121299,0.6936007640878701,0.9093308199811498,0.09066918001885015
6,California,3268,5999,1152,8179,2017,0.352649185281105,0.647350814718895,0.8765405637123567,0.12345943628764335
8,Colorado,3373,6278,507,9255,2017,0.34949746140296345,0.6505025385970366,0.9480639213275968,0.0519360786724032
9,Connecticut,3146,7288,500,10031,2017,0.3015142802376845,0.6984857197623155,0.9525211280979964,0.04747887190200361
10,Delaware,1216,2846,444,3670,2017,0.29935992122107336,0.7006400787789266,0.8920758385999028,0.10792416140009722
11,District of Columbia,1258,2533,208,3643,2017,0.33183856502242154,0.6681614349775785,0.9459880550506362,0.0540119449493638
12,Florida,6684,14953,2389,19571,2017,0.308915284004252,0.6910847159957481,0.8912112932604735,0.10878870673952641
13,Georgia,1753,4205,696,5332,2017,0.2942262504196039,0.7057737495803961,0.8845388188453882,0.1154611811546118
15,Hawaii,2396,5318,287,7455,2017,0.3106040964480166,0.6893959035519834,0.9629294755877035,0.037070524412296565
16,Idaho,1634,3174,317,4548,2017,0.3398502495840266,0.6601497504159733,0.9348406988694759,0.06515930113052415
17,Illinois,1946,3560,366,5171,2017,0.3534326189611333,0.6465673810388667,0.9338992234061766,0.06610077659382337
18,Indiana,4716,8853,1073,12724,2017,0.3475569312403272,0.6524430687596727,0.9222294701746756,0.07777052982532434
19,Iowa,2267,5340,369,7301,2017,0.2980149861969239,0.7019850138030761,0.951890482398957,0.048109517601043025
20,Kansas,6494,14941,951,20825,2017,0.30296244459995336,0.6970375554000466,0.9563280675973549,0.043671932402645115
21,Kentucky,2987,5539,805,7816,2017,0.35034013605442177,0.6496598639455783,0.9066233615589839,0.09337663844101612
22,Louisiana,1743,2972,475,4326,2017,0.3696712619300106,0.6303287380699893,0.9010622786919392,0.09893772130806082
23,Maine,3304,6252,428,9238,2017,0.3457513604018418,0.6542486395981583,0.9557210842127043,0.044278915787295675
24,Maryland,4055,9315,696,12815,2017,0.3032909498878085,0.6967090501121914,0.9484864184738361,0.051513581526163865
25,Massachusetts,2394,4365,345,6524,2017,0.35419440745672437,0.6458055925432756,0.9497743485223468,0.050225651477653226
26,Michigan,3874,6885,522,10328,2017,0.36007063853517984,0.6399293614648202,0.951889400921659,0.04811059907834101
27,Minnesota,4988,11882,740,16272,2017,0.2956727919383521,0.704327208061648,0.9565012932047966,0.04349870679520339
28,Mississippi,1660,3284,547,4509,2017,0.33576051779935273,0.6642394822006472,0.8918117088607594,0.1081882911392405
29,Missouri,2331,5170,649,6932,2017,0.31075856552459674,0.6892414344754033,0.9143912412610473,0.08560875873895264
30,Montana,1708,4113,368,5527,2017,0.2934203745060986,0.7065796254939014,0.9375742154368109,0.062425784563189146
31,Nebraska,4399,10780,991,14334,2017,0.2898082877659925,0.7101917122340075,0.9353344208809136,0.06466557911908646
32,Nevada,1211,2510,314,3437,2017,0.3254501478097286,0.6745498521902714,0.9162889896027726,0.0837110103972274
33,New Hampshire,1750,3924,249,5482,2017,0.30842439196334154,0.6915756080366584,0.9565520851509335,0.04344791484906648
34,New Jersey,3509,7995,772,10891,2017,0.30502433936022255,0.6949756606397774,0.9338077681557061,0.06619223184429392
35,New Mexico,2184,4286,744,5782,2017,0.3375579598145286,0.6624420401854714,0.8859944836040453,0.11400551639595465
36,New York,4123,7842,1140,11026,2017,0.34458838278311743,0.6554116172168826,0.9062962354101595,0.09370376458984053
37,North Carolina,1533,3315,510,4390,2017,0.3162128712871287,0.6837871287128713,0.8959183673469387,0.10408163265306122
38,North Dakota,1999,4889,398,6575,2017,0.2902148664343786,0.7097851335656213,0.9429227018499928,0.05707729815000717
39,Ohio,3919,8152,792,11455,2017,0.32466241405020296,0.675337585949797,0.9353311014942435,0.06466889850575651
40,Oklahoma,2056,4432,492,6128,2017,0.31689272503082616,0.6831072749691739,0.9256797583081571,0.0743202416918429
41,Oregon,2049,3226,298,5045,2017,0.388436018957346,0.6115639810426541,0.9442260902114916,0.05577390978850833
42,Pennsylvania,2407,4070,334,6189,2017,0.37162266481395706,0.6283773351860429,0.9487965659972405,0.051203434002759465
44,Rhode Island,1839,3735,350,5259,2017,0.32992465016146394,0.670075349838536,0.9376002852558388,0.06239971474416117
45,South Carolina,3521,7506,1167,10091,2017,0.319307155164596,0.680692844835404,0.8963403801740985,0.10365961982590158
46,South Dakota,1830,5080,498,6504,2017,0.26483357452966716,0.7351664254703328,0.9288774635818338,0.07112253641816624
47,Tennessee,1937,3767,579,5245,2017,0.33958625525946706,0.6604137447405329,0.9005837912087912,0.09941620879120878
48,Texas,3693,8319,1528,10672,2017,0.30744255744255744,0.6925574425574426,0.8747540983606558,0.12524590163934426
49,Utah,3771,6344,472,9736,2017,0.3728126544735541,0.6271873455264458,0.9537617554858934,0.04623824451410658
50,Vermont,2144,4299,257,6228,2017,0.3327642402607481,0.6672357597392519,0.9603700848111025,0.039629915188897455
51,Virginia,2847,6619,660,8935,2017,0.3007606169448553,0.6992393830551448,0.9312141740489839,0.06878582595101615
53,Washington,4567,8485,756,12462,2017,0.34990806006742264,0.6500919399325774,0.9428052655469814,0.05719473445301861
54,West Virginia,1865,3529,606,4854,2017,0.3457545420837968,0.6542454579162031,0.889010989010989,0.11098901098901098
55,Wisconsin,1957,3804,270,5516,2017,0.3396979691025864,0.6603020308974137,0.9533356377462842,0.04666436225371587
56,Wyoming,1279,3138,198,4257,2017,0.28956305184514375,0.7104369481548563,0.9555555555555556,0.044444444444444446
66,Guam,497,998,135,1370,2017,0.33244147157190634,0.6675585284280936,0.9102990033222591,0.08970099667774087
72,Puerto Rico,992,3440,858,3608,2017,0.22382671480144403,0.776173285198556,0.8078817733990148,0.1921182266009852
1,Alabama,2452,4415,786,6226,2016,0.35707004514343965,0.6429299548565603,0.887906446092413,0.11209355390758699
2,Alaska,949,1893,165,2736,2016,0.33391977480647433,0.6660802251935257,0.9431230610134437,0.05687693898655636
4,Arizona,3158,7643,723,10188,2016,0.2923803351541524,0.7076196648458476,0.9337365960956833,0.06626340390431674
5,Arkansas,1600,3596,526,4758,2016,0.30792917628945343,0.6920708237105466,0.9004542013626041,0.09954579863739592
6,California,3951,7355,1494,9819,2016,0.3494604634707235,0.6505395365292765,0.86793953858393,0.13206046141607
8,Colorado,4918,9801,875,14027,2016,0.33412595964399755,0.6658740403560024,0.9412830492551335,0.058716950744866464
9,Connecticut,3358,7525,540,10465,2016,0.30855462648166865,0.6914453735183314,0.9509313948205361,0.04906860517946388
10,Delaware,1098,2883,401,3640,2016,0.27581009796533534,0.7241899020346647,0.900767136847315,0.09923286315268498
11,District of Columbia,1224,2545,219,3608,2016,0.32475457681082515,0.6752454231891748,0.942775019597596,0.05722498040240397
12,Florida,10026,26139,3898,32830,2016,0.27722936540854415,0.7227706345914559,0.8938684382487475,0.10613156175125245
13,Georgia,1511,3764,620,4741,2016,0.2864454976303318,0.7135545023696682,0.8843499347136728,0.11565006528632718
15,Hawaii,2388,5648,298,7772,2016,0.2971627675460428,0.7028372324539572,0.9630731102850062,0.036926889714993805
16,Idaho,1711,3437,355,4877,2016,0.33236208236208237,0.6676379176379177,0.9321483180428135,0.06785168195718655
17,Illinois,1588,3126,351,4412,2016,0.336868901145524,0.6631310988544761,0.9263069494016376,0.07369305059836238
18,Indiana,3468,7395,893,10145,2016,0.3192488262910798,0.6807511737089202,0.9190976626200399,0.08090233737996014
19,Iowa,1916,5233,384,6862,2016,0.26800951181983496,0.7319904881801651,0.9470052442727022,0.05299475572729782
20,Kansas,3342,8613,622,11504,2016,0.2795483061480552,0.7204516938519447,0.9487052614217384,0.051294738578261584
21,Kentucky,3236,6872,934,9309,2016,0.32014246141669966,0.6798575385833003,0.908815776627941,0.09118422337205896
22,Louisiana,1743,3416,579,4661,2016,0.3378561736770692,0.6621438263229308,0.8895038167938931,0.11049618320610687
23,Maine,3315,6558,466,9533,2016,0.33576420540869034,0.6642357945913097,0.9533953395339534,0.0466046604660466
24,Maryland,5588,12647,1028,17376,2016,0.30644365231697285,0.6935563476830271,0.9441425777004999,0.05585742229950011
25,Massachusetts,2853,5347,499,7865,2016,0.34792682926829266,0.6520731707317073,0.940339550454328,0.05966044954567193
26,Michigan,4091,7777,645,11355,2016,0.34470845972362657,0.6552915402763735,0.94625,0.05375
27,Minnesota,4923,11677,748,16026,2016,0.296566265060241,0.703433734939759,0.9554071777751282,0.04459282222487183
28,Mississippi,1456,3516,680,4442,2016,0.2928399034593725,0.7071600965406275,0.8672393596251464,0.13276064037485358
29,Missouri,2162,4845,635,6476,2016,0.30854859426288,0.69145140573712,0.9107017297145268,0.08929827028547321
30,Montana,1640,4240,381,5576,2016,0.2789115646258503,0.7210884353741497,0.9360416316938056,0.06395836830619439
31,Nebraska,4224,10811,951,14207,2016,0.2809444629198537,0.7190555370801464,0.937260852355192,0.06273914764480802
32,Nevada,1483,2791,394,3933,2016,0.34698175011698645,0.6530182498830136,0.9089438409983822,0.09105615900161775
33,New Hampshire,1884,4454,314,6094,2016,0.29725465446513094,0.702745345534869,0.9509987515605494,0.04900124843945069
34,New Jersey,2131,5375,577,7035,2016,0.28390620836664004,0.71609379163336,0.924198633736206,0.07580136626379401
35,New Mexico,1849,4105,720,5291,2016,0.31054753107154853,0.6894524689284515,0.880219597404758,0.11978040259524206
36,New York,10926,22579,2952,31070,2016,0.32610058200268616,0.6738994179973138,0.9132326141908177,0.08676738580918229
37,North Carolina,1986,4460,720,5798,2016,0.3080980452994105,0.6919019547005895,0.8895366676894753,0.1104633323105247
38,North Dakota,1553,4100,325,5401,2016,0.2747213868742261,0.7252786131257739,0.9432413552217953,0.05675864477820468
39,Ohio,3671,8532,860,11504,2016,0.300827665328198,0.6991723346718021,0.9304432222581689,0.06955677774183112
40,Oklahoma,2054,4727,518,6379,2016,0.302905176227695,0.6970948237723049,0.9248948818326809,0.07510511816731913
41,Oregon,2073,3256,301,5112,2016,0.38900356539688496,0.610996434603115,0.9443931276556439,0.05560687234435618
42,Pennsylvania,2462,4267,398,6391,2016,0.3658790310595928,0.6341209689404071,0.9413757548976285,0.058624245102371485
44,Rhode Island,1785,3589,409,5016,2016,0.33215481950130255,0.6678451804986975,0.9246082949308756,0.07539170506912442
45,South Carolina,3561,7479,1215,10003,2016,0.32255434782608694,0.6774456521739131,0.8916919236940631,0.10830807630593689
46,South Dakota,1480,4204,314,5442,2016,0.2603800140745954,0.7396199859254047,0.9454482279360668,0.05455177206393329
47,Tennessee,1991,4047,649,5496,2016,0.3297449486584962,0.6702550513415038,0.8943856794141578,0.10561432058584215
48,Texas,3283,8186,1351,10314,2016,0.2862498910105502,0.7137501089894498,0.8841834547792542,0.11581654522074582
49,Utah,3891,6938,511,10440,2016,0.3593129559516114,0.6406870440483886,0.9533375947402064,0.04666240525979363
50,Vermont,2141,4312,318,6210,2016,0.3317836665117,0.6682163334883,0.9512867647058824,0.04871323529411765
51,Virginia,2612,6250,735,8230,2016,0.2947415933197924,0.7052584066802077,0.9180145008365868,0.08198549916341327
53,Washington,4815,9268,769,13426,2016,0.3419015834694312,0.6580984165305688,0.9458259950686861,0.05417400493131384
54,West Virginia,2362,4676,827,6312,2016,0.33560670645069623,0.6643932935493038,0.884157445020311,0.11584255497968904
55,Wisconsin,1683,3545,270,4986,2016,0.321920428462127,0.678079571537873,0.9486301369863014,0.05136986301369863
56,Wyoming,1207,3232,228,4253,2016,0.2719080874070737,0.7280919125929264,0.9491185003347468,0.050881499665253294
66,Guam,472,1095,138,1435,2016,0.30121250797702614,0.6987874920229739,0.912269548633185,0.08773045136681501
72,Puerto Rico,1297,4416,1161,4611,2016,0.22702608086819534,0.7729739191318047,0.7988565488565489,0.20114345114345114
1,Alabama,2579,5206,947,6977,2015,0.33127809890815674,0.6687219010918433,0.8804896516910651,0.11951034830893488
2,Alaska,1196,2372,239,3397,2015,0.3352017937219731,0.6647982062780269,0.9342684268426843,0.06573157315731573
4,Arizona,2366,5425,580,7323,2015,0.3036837376460018,0.6963162623539982,0.9266101480450462,0.07338985195495382
5,Arkansas,1545,3574,591,4645,2015,0.30181676108614963,0.6981832389138504,0.8871275783040489,0.1128724216959511
6,California,4477,8022,1663,10899,2015,0.3581886550924074,0.6418113449075926,0.8676166215570769,0.1323833784429231
8,Colorado,4322,8977,896,12579,2015,0.3249868411158734,0.6750131588841266,0.9335064935064935,0.0664935064935065
9,Connecticut,3789,7943,787,11063,2015,0.322962836685987,0.677037163314013,0.9335864978902954,0.06641350210970465
10,Delaware,1154,2844,368,3680,2015,0.28864432216108055,0.7113556778389195,0.9090909090909091,0.09090909090909091
11,District of Columbia,1109,2804,236,3736,2015,0.28341426015844623,0.7165857398415538,0.9405840886203424,0.059415911379657606
12,Florida,2894,6607,696,8983,2015,0.3045995158404379,0.6954004841595621,0.9280917450149809,0.07190825498501911
13,Georgia,1352,3225,511,4144,2015,0.29538999344548833,0.7046100065545117,0.8902255639097745,0.10977443609022557
15,Hawaii,2037,5085,288,6859,2015,0.2860151642796967,0.7139848357203032,0.9597033720442144,0.04029662795578565
16,Idaho,1860,3840,419,5349,2015,0.3263157894736842,0.6736842105263158,0.9273578363384188,0.07264216366158113
17,Illinois,1888,3346,376,4907,2015,0.3607183798242262,0.6392816201757738,0.9288283172439902,0.07117168275600984
18,Indiana,1939,4011,481,5546,2015,0.32588235294117646,0.6741176470588235,0.9201924672307947,0.07980753276920524
19,Iowa,1687,4442,345,5856,2015,0.27524881709903737,0.7247511829009626,0.9443638122883405,0.05563618771165941
20,Kansas,6212,16644,1481,21637,2015,0.2717885894294715,0.7282114105705285,0.9359373648239467,0.06406263517605329
21,Kentucky,2787,5864,880,7899,2015,0.32215928794359033,0.6778407120564096,0.8997607928010024,0.1002392071989976
22,Louisiana,1529,3102,587,4121,2015,0.33016627078384797,0.669833729216152,0.8753186066270179,0.12468139337298216
23,Maine,2908,5996,411,8624,2015,0.3265947888589398,0.6734052111410602,0.9545102379634753,0.04548976203652463
24,Maryland,3577,8805,699,11828,2015,0.2888870941689549,0.711112905831045,0.9442005268619781,0.055799473138021874
25,Massachusetts,3149,5935,652,8568,2015,0.34665345662703656,0.6533465433729635,0.9292841648590021,0.07071583514099783
26,Michigan,3000,5834,444,8463,2015,0.3395970115462984,0.6604029884537016,0.9501515661839003,0.0498484338160997
27,Minnesota,4725,11805,645,16078,2015,0.28584392014519056,0.7141560798548094,0.9614303653650661,0.03856963463493392
28,Mississippi,1642,4287,809,5205,2015,0.2769438353853938,0.7230561646146062,0.8654805453940805,0.13451945460591952
29,Missouri,2201,4989,686,6591,2015,0.30611961057023646,0.6938803894297636,0.9057303833997526,0.09426961660024735
30,Montana,1639,4321,342,5690,2015,0.275,0.725,0.9433023872679045,0.05669761273209549
31,Nebraska,4588,12781,1024,16495,2015,0.26414877079854915,0.7358512292014509,0.9415491751812318,0.0584508248187682
32,Nevada,986,1885,230,2682,2015,0.3434343434343434,0.6565656565656566,0.9210164835164835,0.07898351648351648
33,New Hampshire,2007,4893,354,6634,2015,0.2908695652173913,0.7091304347826087,0.9493417286777333,0.050658271322266746
34,New Jersey,3200,8032,755,10657,2015,0.2849002849002849,0.7150997150997151,0.9338415702769015,0.06615842972309849
35,New Mexico,2062,4589,777,5937,2015,0.310028567132762,0.689971432867238,0.8842716711349419,0.11572832886505809
36,New York,4015,8021,1119,11145,2015,0.33358258557660353,0.6664174144233965,0.9087573385518591,0.0912426614481409
37,North Carolina,1970,4638,718,5949,2015,0.2981234866828087,0.7018765133171913,0.8923053847307635,0.10769461526923654
38,North Dakota,1363,3519,300,4657,2015,0.2791888570258091,0.7208111429741909,0.9394795239055881,0.06052047609441194
39,Ohio,3558,8143,883,11004,2015,0.30407657465173915,0.6959234253482608,0.9257171700176664,0.07428282998233364
40,Oklahoma,2025,4816,564,6366,2015,0.2960093553574039,0.7039906446425961,0.9186147186147187,0.08138528138528138
41,Oregon,1936,3304,278,5046,2015,0.36946564885496186,0.6305343511450382,0.9477836213373404,0.05221637866265966
42,Pennsylvania,1897,3749,338,5386,2015,0.33599008147360965,0.6640099185263904,0.9409503843466107,0.05904961565338924
44,Rhode Island,1960,4107,517,5662,2015,0.32305917257293554,0.6769408274270644,0.9163295031558505,0.08367049684414954
45,South Carolina,3602,7746,1245,10329,2015,0.3174127599577018,0.6825872400422982,0.892431311560394,0.10756868843960601
46,South Dakota,1792,5327,428,6778,2015,0.25172074729596855,0.7482792527040315,0.9406050513461005,0.05939494865389953
47,Tennessee,1842,4024,674,5282,2015,0.31401295601772927,0.6859870439822707,0.88683680322364,0.11316319677635997
48,Texas,3943,10420,2107,12525,2015,0.2745248207199053,0.7254751792800946,0.8560005467468562,0.14399945325314378
49,Utah,4079,7167,560,10798,2015,0.36270674017428417,0.6372932598257158,0.9506955449903152,0.049304455009684806
50,Vermont,1962,4430,330,6140,2015,0.3069461827284105,0.6930538172715894,0.9489953632148377,0.05100463678516229
51,Virginia,2327,6169,631,7983,2015,0.2738935969868173,0.7261064030131826,0.9267471557928952,0.07325284420710472
53,Washington,5236,10650,802,15234,2015,0.3295983885181921,0.6704016114818079,0.9499875280618608,0.05001247193813919
54,West Virginia,1880,3982,711,5225,2015,0.3207096554077107,0.6792903445922893,0.880222371967655,0.11977762803234501
55,Wisconsin,1975,4160,354,5817,2015,0.32192339038304807,0.6780766096169519,0.9426349052017501,0.05736509479824988
56,Wyoming,1505,3893,251,5215,2015,0.2788069655427936,0.7211930344572064,0.9540797658251006,0.04592023417489938
66,Guam,520,1143,131,1532,2015,0.3126879134095009,0.6873120865904991,0.9212266987372218,0.07877330126277811
72,Puerto Rico,1179,4183,1119,4261,2015,0.21988064155165982,0.7801193584483401,0.7920074349442379,0.20799256505576208
1,Alabama,2906,5568,1063,7553,2014,0.34293131932971443,0.6570686806702856,0.8766248839368617,0.12337511606313835
2,Alaska,1358,2933,232,4114,2014,0.3164763458401305,0.6835236541598695,0.946617579383341,0.053382420616658995
4,Arizona,4180,10453,1129,13587,2014,0.2856557096972596,0.7143442903027404,0.9232807828214189,0.07671921717858114
5,Arkansas,1559,3566,604,4598,2014,0.3041951219512195,0.6958048780487804,0.8838908112264514,0.11610918877354863
6,California,2987,5771,1084,7495,2014,0.34105960264900664,0.6589403973509934,0.8736449469635156,0.12635505303648445
8,Colorado,4134,9053,767,12541,2014,0.31349055888374916,0.6865094411162509,0.942365494439435,0.057634505560565076
9,Connecticut,2428,5410,517,7356,2014,0.309772901250319,0.690227098749681,0.9343325288962276,0.06566747110377238
10,Delaware,1162,3041,401,3860,2014,0.2764691886747561,0.7235308113252439,0.9058906360009388,0.09410936399906125
11,District of Columbia,1099,2894,257,3769,2014,0.27523165539694466,0.7247683446030554,0.9361649279682066,0.06383507203179334
12,Florida,2773,6771,727,8972,2014,0.2905490360435876,0.7094509639564124,0.9250438189504072,0.07495618104959274
13,Georgia,1974,4267,704,5603,2014,0.3162954654702772,0.6837045345297228,0.8883779927065165,0.11162200729348343
15,Hawaii,2017,5176,347,6841,2014,0.2804115111914361,0.7195884888085639,0.9517250973845298,0.048274902615470225
16,Idaho,1744,3622,381,5071,2014,0.3250093179276929,0.6749906820723072,0.9301173881144534,0.06988261188554659
17,Illinois,1732,3279,329,4695,2014,0.3456395928956296,0.6543604071043704,0.9345143312101911,0.06548566878980892
18,Indiana,3657,7599,1011,10422,2014,0.32489339019189767,0.6751066098081023,0.911571765940698,0.08842823405930202
19,Iowa,2196,5811,488,7609,2014,0.2742600224803297,0.7257399775196703,0.9397307644806718,0.06026923551932815
20,Kansas,3650,9850,836,12831,2014,0.27037037037037037,0.7296296296296296,0.9388307602253604,0.061169239774639644
21,Kentucky,3417,7605,1211,9924,2014,0.31001633097441483,0.6899836690255852,0.8912438257745846,0.10875617422541535
22,Louisiana,2115,4529,819,5923,2014,0.3183323299217339,0.6816676700782661,0.878522693562741,0.12147730643725897
23,Maine,2983,5963,470,8586,2014,0.333445115135256,0.666554884864744,0.9481007067137809,0.05189929328621908
24,Maryland,3672,8686,688,11791,2014,0.2971354588121055,0.7028645411878944,0.9448673771936854,0.05513262280631461
25,Massachusetts,4915,10416,985,14463,2014,0.32059226404018004,0.67940773595982,0.9362377006732263,0.06376229932677369
26,Michigan,2749,5587,455,7974,2014,0.32977447216890593,0.670225527831094,0.9460196939138688,0.05398030608613121
27,Minnesota,4638,11551,669,15664,2014,0.28649082710482426,0.7135091728951758,0.9590399804077634,0.04096001959223658
28,Mississippi,1131,2993,582,3598,2014,0.27424830261881666,0.7257516973811833,0.8607655502392344,0.13923444976076554
29,Missouri,2049,4921,703,6334,2014,0.293974175035868,0.706025824964132,0.900099474207759,0.09990052579224101
30,Montana,2078,5283,481,6988,2014,0.282298600733596,0.717701399266404,0.9356004819922346,0.06439951800776543
31,Nebraska,5764,16368,1346,20973,2014,0.26043737574552683,0.7395626242544732,0.9396926385590753,0.06030736144092477
32,Nevada,1230,2458,318,3417,2014,0.3335140997830803,0.6664859002169198,0.914859437751004,0.08514056224899598
33,New Hampshire,1768,4323,291,5849,2014,0.2902643244130685,0.7097356755869315,0.9526058631921824,0.04739413680781759
34,New Jersey,3795,9000,938,11920,2014,0.2966002344665885,0.7033997655334114,0.9270493078239228,0.07295069217607715
35,New Mexico,2626,6206,1063,7734,2014,0.2973278985507246,0.7026721014492754,0.8791633511424349,0.12083664885756508
36,New York,2200,4473,604,6169,2014,0.32968679754233476,0.6703132024576652,0.9108223829912889,0.08917761700871106
37,North Carolina,2068,5114,899,6330,2014,0.2879420774157616,0.7120579225842384,0.8756397842025176,0.12436021579748237
38,North Dakota,2034,5601,472,7262,2014,0.26640471512770136,0.7335952848722986,0.938970778381174,0.061029221618825964
39,Ohio,3504,7204,842,10035,2014,0.32723197609264104,0.672768023907359,0.9225889491587754,0.0774110508412246
40,Oklahoma,2538,5800,832,7581,2014,0.3043895418565603,0.6956104581434397,0.9011054320694164,0.09889456793058363
41,Oregon,1824,3313,285,4903,2014,0.3550710531438583,0.6449289468561418,0.9450655358519661,0.05493446414803393
42,Pennsylvania,3461,7283,774,10132,2014,0.32213328369322414,0.6778667163067759,0.9290298918026775,0.07097010819732258
44,Rhode Island,1947,4396,503,5885,2014,0.3069525461138263,0.6930474538861737,0.9212586098935505,0.0787413901064496
45,South Carolina,3393,7406,1288,9667,2014,0.3141957588665617,0.6858042411334383,0.8824281150159744,0.11757188498402556
46,South Dakota,1772,5532,496,6870,2014,0.24260679079956188,0.7573932092004381,0.93266358946511,0.06733641053489003
47,Tennessee,1555,3477,650,4450,2014,0.30902225755166934,0.6909777424483307,0.8725490196078431,0.12745098039215685
48,Texas,3993,11016,2108,13166,2014,0.26604037577453526,0.7339596242254647,0.8619876915018987,0.13801230849810134
49,Utah,5187,9665,780,14130,2014,0.3492458928090493,0.6507541071909507,0.9476861167002012,0.052313883299798795
50,Vermont,2044,4357,314,6114,2014,0.3193251054522731,0.6806748945477269,0.9511512134411948,0.04884878655880523
51,Virginia,2467,6845,771,8641,2014,0.2649269759450172,0.7350730240549829,0.918083297917552,0.08191670208244795
53,Washington,3254,6710,496,9535,2014,0.32657567242071456,0.6734243275792854,0.9505532848170671,0.04944671518293291
54,West Virginia,1948,4149,763,5412,2014,0.3195013941282598,0.6804986058717402,0.8764372469635627,0.12356275303643725
55,Wisconsin,2169,4826,386,6614,2014,0.3100786275911365,0.6899213724088634,0.9448571428571428,0.055142857142857146
56,Wyoming,1671,4633,344,6019,2014,0.2650697969543147,0.7349302030456852,0.9459374508879459,0.05406254911205406
66,Guam,798,1699,232,2266,2014,0.3195835002002403,0.6804164997997597,0.9071257005604484,0.09287429943955164
72,Puerto Rico,1258,4679,1268,4696,2014,0.21189152770759642,0.7881084722924036,0.7873910127431254,0.21260898725687458
1,Alabama,2131,4203,798,5688,2013,0.3364382696558257,0.6635617303441743,0.8769657724329325,0.12303422756706753
2,Alaska,1426,3079,273,4294,2013,0.3165371809100999,0.6834628190899001,0.9402233413619444,0.05977665863805562
4,Arizona,1314,2866,388,3844,2013,0.31435406698564594,0.6856459330143541,0.9083175803402647,0.09168241965973535
5,Arkansas,1616,3523,637,4610,2013,0.3144580657715509,0.6855419342284491,0.8785972936916333,0.12140270630836669
6,California,4090,7320,1456,9871,2013,0.3584574934268186,0.6415425065731815,0.8714575792354551,0.1285424207645449
8,Colorado,4262,9191,774,12796,2013,0.3168066602244852,0.6831933397755148,0.9429624170965365,0.05703758290346352
9,Connecticut,2456,5136,506,7181,2013,0.32349841938883034,0.6765015806111696,0.9341745804605177,0.06582541953948225
10,Delaware,1573,3561,410,4759,2013,0.30638878067783404,0.693611219322166,0.9206809827819694,0.07931901721803057
11,District of Columbia,1405,3427,318,4586,2013,0.2907698675496689,0.7092301324503312,0.9351549755301795,0.06484502446982056
12,Florida,10129,23098,3380,30634,2013,0.30484244740722904,0.6951575525927709,0.9006291527018286,0.09937084729817135
13,Georgia,2383,5599,922,7156,2013,0.29854673014282135,0.7014532698571787,0.8858628373359743,0.11413716266402575
15,Hawaii,2121,5662,341,7503,2013,0.27251702428369523,0.7274829757163047,0.9565272819989801,0.043472718001019886
16,Idaho,1823,3700,424,5188,2013,0.3300742350172008,0.6699257649827992,0.924447612259444,0.07555238774055595
17,Illinois,1904,3660,358,5242,2013,0.3421998562185478,0.6578001437814522,0.9360714285714286,0.06392857142857143
18,Indiana,3253,6835,941,9369,2013,0.32246233148295006,0.67753766851705,0.908729388942774,0.09127061105722599
19,Iowa,2139,5919,491,7657,2013,0.2654504839910648,0.7345495160089353,0.9397398134511536,0.060260186548846344
20,Kansas,6341,16631,1571,21669,2013,0.27603169075396133,0.7239683092460386,0.9324010327022375,0.06759896729776248
21,Kentucky,3734,7117,1288,9659,2013,0.3441157497004884,0.6558842502995116,0.8823421942084589,0.11765780579154106
22,Louisiana,1557,3590,539,4704,2013,0.3025063143578784,0.6974936856421217,0.897196261682243,0.102803738317757
23,Maine,2556,5394,418,7659,2013,0.32150943396226417,0.6784905660377358,0.9482481119227436,0.051751888077256405
24,Maryland,3794,8985,876,12031,2013,0.29689334063698253,0.7031066593630174,0.9321298520182847,0.06787014798171535
25,Massachusetts,5097,9695,1336,13601,2013,0.3445781503515414,0.6554218496484586,0.9105576755707304,0.0894423244292696
26,Michigan,4171,8430,669,12057,2013,0.3310054757558924,0.6689945242441077,0.9474304573314475,0.05256954266855257
27,Minnesota,4067,10091,597,13668,2013,0.28725808730046615,0.7127419126995338,0.958149316508938,0.04185068349106204
28,Mississippi,2117,5181,1201,6222,2013,0.2900794738284462,0.7099205261715539,0.838205577259868,0.16179442274013203
29,Missouri,2127,4901,739,6359,2013,0.3026465566306204,0.6973534433693797,0.8958861651169343,0.10411383488306565
30,Montana,2912,6654,700,8971,2013,0.30441145724440727,0.6955885427555927,0.927618653706959,0.07238134629304105
31,Nebraska,4516,12373,1088,15972,2013,0.2673929776777784,0.7326070223222215,0.9362250879249707,0.0637749120750293
32,Nevada,1662,3341,356,4728,2013,0.33220067959224464,0.6677993204077554,0.9299763965381589,0.07002360346184107
33,New Hampshire,1891,4487,332,6106,2013,0.2964879272499216,0.7035120727500784,0.9484311898105001,0.051568810189499846
34,New Jersey,3991,9005,1035,12196,2013,0.30709449061249616,0.6929055093875038,0.9217746202101126,0.07822537978988739
35,New Mexico,2800,6364,1197,8100,2013,0.30554343081623747,0.6944565691837625,0.8712487899322362,0.1287512100677638
36,New York,2912,5818,891,8025,2013,0.3335624284077892,0.6664375715922107,0.9000672947510094,0.09993270524899057
37,North Carolina,2507,6195,1195,7653,2013,0.28809469087566075,0.7119053091243392,0.8649412296564195,0.13505877034358046
38,North Dakota,2111,5506,523,7258,2013,0.2771432322436655,0.7228567677563346,0.9327849890759542,0.06721501092404575
39,Ohio,3620,8131,918,10975,2013,0.30805888860522507,0.6919411113947749,0.9228117379971412,0.07718826200285882
40,Oklahoma,2502,5612,908,7320,2013,0.3083559280256347,0.6916440719743653,0.8896451142440447,0.11035488575595527
41,Oregon,2149,3712,287,5640,2013,0.36666097935505887,0.6333390206449412,0.9515775265733086,0.04842247342669141
42,Pennsylvania,3683,7510,888,10491,2013,0.32904493880103636,0.6709550611989636,0.9219615080411284,0.07803849195887161
44,Rhode Island,2058,4370,556,5955,2013,0.32016179215930307,0.6798382078406969,0.9146060512978037,0.08539394870219628
45,South Carolina,3218,7283,1284,9399,2013,0.30644700504713834,0.6935529949528616,0.8798090424038192,0.12019095759618084
46,South Dakota,1717,5101,510,6374,2013,0.25183338222352597,0.7481666177764741,0.9259151656013945,0.07408483439860546
47,Tennessee,1622,4081,707,5063,2013,0.28441171313343855,0.7155882868665615,0.8774696707105719,0.12253032928942807
48,Texas,2805,7799,1685,9181,2013,0.2645228215767635,0.7354771784232366,0.8449291367568562,0.15507086324314376
49,Utah,4544,8047,642,12089,2013,0.36089270113573185,0.6391072988642681,0.9495719110831827,0.050428088916817215
50,Vermont,2004,4299,355,6020,2013,0.3179438362684436,0.6820561637315564,0.9443137254901961,0.05568627450980392
51,Virginia,2403,5908,767,7617,2013,0.28913488148237276,0.7108651185176272,0.9085162213740458,0.09148377862595419
53,Washington,3742,7276,581,10554,2013,0.33962606643673987,0.6603739335632601,0.9478221823080377,0.05217781769196228
54,West Virginia,1835,3963,749,5134,2013,0.3164884442911349,0.6835115557088651,0.8726840047594765,0.12731599524052353
55,Wisconsin,2096,4429,405,6131,2013,0.32122605363984674,0.6787739463601532,0.9380354957160343,0.06196450428396573
56,Wyoming,1744,4612,331,6103,2013,0.27438640654499685,0.7256135934550031,0.948554553932235,0.051445446067765
66,Guam,616,1263,217,1680,2013,0.32783395423097395,0.672166045769026,0.8856088560885609,0.11439114391143912
72,Puerto Rico,1402,4557,1374,4626,2013,0.23527437489511663,0.7647256251048834,0.771,0.229
1,Alabama,3217,5606,1249,7758,2012,0.36461521024594806,0.6353847897540519,0.8613300766070834,0.13866992339291662
2,Alaska,1250,3005,303,4030,2012,0.2937720329024677,0.7062279670975323,0.9300715439649204,0.06992845603507962
4,Arizona,2281,4907,658,6617,2012,0.3173344462993879,0.6826655537006121,0.909553264604811,0.090446735395189
5,Arkansas,1755,3305,691,4481,2012,0.3468379446640316,0.6531620553359684,0.8663959783449343,0.13360402165506574
6,California,5223,9272,1758,12591,2012,0.36033114867195587,0.6396688513280442,0.8774827514112482,0.12251724858875183
8,Colorado,3921,8180,765,11442,2012,0.324022808032394,0.675977191967606,0.9373310395674613,0.06266896043253871
9,Connecticut,2873,5759,558,8186,2012,0.3328313253012048,0.6671686746987951,0.9361848124428179,0.06381518755718207
10,Delaware,1581,3561,336,4831,2012,0.3074679113185531,0.6925320886814469,0.9349719372943681,0.0650280627056319
11,District of Columbia,1164,2576,264,3543,2012,0.31122994652406416,0.6887700534759358,0.9306540583136328,0.06934594168636722
12,Florida,2421,4993,666,6922,2012,0.32654437550579984,0.6734556244942002,0.9122298365840801,0.08777016341591988
13,Georgia,1802,4194,787,5270,2012,0.3005336891260841,0.699466310873916,0.8700676902757141,0.12993230972428596
15,Hawaii,2174,5326,313,7260,2012,0.28986666666666666,0.7101333333333333,0.9586689554998019,0.041331044500198075
16,Idaho,1933,3836,438,5442,2012,0.3350667360027734,0.6649332639972265,0.9255102040816326,0.07448979591836735
17,Illinois,1923,3631,364,5214,2012,0.3462369463449766,0.6537630536550234,0.9347436357117246,0.06525636428827537
18,Indiana,3049,5413,849,7776,2012,0.3603167099976365,0.6396832900023635,0.9015652173913044,0.09843478260869565
19,Iowa,1943,5129,495,6658,2012,0.2747454751131222,0.7252545248868778,0.9307982664616244,0.06920173353837551
20,Kansas,3168,8465,726,11055,2012,0.27232872002063097,0.7276712799793691,0.938375350140056,0.06162464985994398
21,Kentucky,3888,7110,1418,9749,2012,0.353518821603928,0.646481178396072,0.8730187158592281,0.12698128414077192
22,Louisiana,2700,6234,1358,7690,2012,0.3022162525184688,0.6977837474815313,0.8499115826702034,0.15008841732979664
23,Maine,3352,6407,536,9368,2012,0.3434778153499334,0.6565221846500666,0.9458804523424879,0.05411954765751212
24,Maryland,3715,8834,869,11869,2012,0.2960395250617579,0.7039604749382421,0.9317789291882557,0.06822107081174439
25,Massachusetts,7228,14121,1905,19605,2012,0.3385638671600543,0.6614361328399456,0.9114365411436541,0.08856345885634588
26,Michigan,3536,6842,670,9809,2012,0.3407207554442089,0.6592792445557911,0.9360626013932627,0.06393739860673728
27,Minnesota,3634,8444,578,11588,2012,0.3008776287464812,0.6991223712535188,0.9524905474272563,0.047509452572743714
28,Mississippi,2245,5376,1323,6446,2012,0.2945807636793072,0.7054192363206928,0.8297078131033595,0.1702921868966405
29,Missouri,2040,4609,719,6024,2012,0.3068130545946759,0.6931869454053241,0.8933709031588314,0.10662909684116861
30,Montana,2710,5824,620,8037,2012,0.317553316147176,0.682446683852824,0.928381656462978,0.07161834353702207
31,Nebraska,5412,13523,1305,17834,2012,0.28581991021917086,0.7141800897808291,0.9318146193636031,0.06818538063639688
32,Nevada,1658,3101,447,4390,2012,0.3483925194368565,0.6516074805631435,0.9075873475294605,0.09241265247053959
33,New Hampshire,2319,5105,406,7108,2012,0.31236530172413796,0.6876346982758621,0.9459675272824062,0.05403247271759382
34,New Jersey,4574,10828,1205,14393,2012,0.2969744189066355,0.7030255810933645,0.9227465059623029,0.07725349403769714
35,New Mexico,2870,5804,1053,7691,2012,0.3308738759511183,0.6691261240488817,0.8795745654162854,0.12042543458371455
36,New York,2135,3765,520,5513,2012,0.36186440677966103,0.638135593220339,0.9138073926736284,0.08619260732637163
37,North Carolina,3504,8178,1504,10352,2012,0.29994863893168977,0.7000513610683102,0.873144399460189,0.12685560053981107
38,North Dakota,1387,3389,339,4534,2012,0.2904103852596315,0.7095896147403685,0.9304329981530884,0.06956700184691156
39,Ohio,4120,8667,1029,11933,2012,0.3222022366465942,0.6777977633534058,0.9206141027619195,0.07938589723808054
40,Oklahoma,2529,5378,952,7055,2012,0.31984317693183256,0.6801568230681675,0.881104033970276,0.11889596602972399
41,Oregon,1834,3362,310,4972,2012,0.35296381832178597,0.647036181678214,0.9413101098068913,0.05868989019310867
42,Pennsylvania,6351,13185,1461,18456,2012,0.32509213759213756,0.6749078624078624,0.926645579153487,0.07335442084651303
44,Rhode Island,1860,3531,490,4971,2012,0.34501947690595436,0.6549805230940456,0.9102728438015015,0.08972715619849844
45,South Carolina,3946,8552,1594,11162,2012,0.3157305168827012,0.6842694831172987,0.8750391972405143,0.12496080275948573
46,South Dakota,2006,5743,609,7255,2012,0.2588721125306491,0.7411278874693509,0.922558494404883,0.07744150559511699
47,Tennessee,1932,4976,925,6096,2012,0.2796757382744644,0.7203242617255357,0.8682523857000427,0.13174761429995727
48,Texas,2853,6080,1356,7742,2012,0.31937758871599686,0.6806224112840031,0.850956254121785,0.149043745878215
49,Utah,4266,7952,649,11743,2012,0.3491569815027009,0.6508430184972991,0.9476275016139445,0.05237249838605552
50,Vermont,1969,4005,380,5659,2012,0.32959491128222296,0.670405088717777,0.9370756747805928,0.06292432521940719
51,Virginia,2005,5241,615,6734,2012,0.2767043886282087,0.7232956113717913,0.9163151449176759,0.08368485508232412
53,Washington,5249,9875,856,14427,2012,0.347064268711981,0.6529357312880191,0.943990054308709,0.056009945691290974
54,West Virginia,1677,3649,771,4633,2012,0.3148704468644386,0.6851295531355613,0.8573279052553664,0.1426720947446336
55,Wisconsin,1655,3582,342,4940,2012,0.31602062249379415,0.6839793775062059,0.935251798561151,0.06474820143884892
56,Wyoming,1776,4401,342,5904,2012,0.2875182127246236,0.7124817872753764,0.9452449567723343,0.05475504322766571
66,Guam,560,1429,233,1791,2012,0.2815485168426345,0.7184514831573655,0.8848814229249012,0.11511857707509882
72,Puerto Rico,1353,4883,1442,4866,2012,0.21696600384862091,0.7830339961513791,0.7714013950538998,0.22859860494610018
1,Alabama,2592,4967,1218,6453,2011,0.34290250033073155,0.6570974996692684,0.8412201798983183,0.15877982010168165
2,Alaska,1079,2343,265,3268,2011,0.31531268264172996,0.68468731735827,0.9249929238607416,0.07500707613925842
4,Arizona,2106,4305,607,5865,2011,0.3284978942442677,0.6715021057557323,0.9062113720642769,0.09378862793572311
5,Arkansas,1526,3091,651,4076,2011,0.33051765215507906,0.669482347844921,0.862280516183626,0.13771948381637403
6,California,6449,11453,2067,15732,2011,0.36023907943246564,0.6397609205675343,0.8838698803303556,0.11613011966964436
8,Colorado,4103,9255,825,12752,2011,0.3071567599940111,0.692843240005989,0.9392354717537011,0.06076452824629889
9,Connecticut,2246,4497,484,6324,2011,0.3330861634287409,0.6669138365712591,0.9289071680376029,0.07109283196239718
10,Delaware,1391,3357,296,4467,2011,0.29296545914069083,0.7070345408593092,0.9378542935124922,0.062145706487507876
11,District of Columbia,1417,3077,293,4248,2011,0.3153093012906097,0.6846906987093903,0.9354767672318872,0.06452323276811275
12,Florida,3909,8113,1236,11110,2011,0.3251538845450008,0.6748461154549992,0.8998866029483233,0.10011339705167666
13,Georgia,2849,6818,1149,8751,2011,0.2947139753801593,0.7052860246198407,0.8839393939393939,0.11606060606060606
15,Hawaii,2081,5453,380,7215,2011,0.27621449429254047,0.7237855057074595,0.9499670836076366,0.050032916392363395
16,Idaho,1990,3990,442,5623,2011,0.33277591973244147,0.6672240802675585,0.9271228359439406,0.07287716405605936
17,Illinois,1973,3465,374,5097,2011,0.36281721221037144,0.6371827877896286,0.9316395540120636,0.06836044598793639
18,Indiana,2786,5463,862,7604,2011,0.3377379076251667,0.6622620923748334,0.8981809591306402,0.10181904086935979
19,Iowa,1922,5323,498,6839,2011,0.2652864044168392,0.7347135955831609,0.9321248466675753,0.06787515333242469
20,Kansas,5755,14666,1365,19314,2011,0.2818177366436511,0.7181822633563488,0.9339910053677644,0.0660089946322356
21,Kentucky,3676,6985,1637,9175,2011,0.3448081793452772,0.6551918206547228,0.8485941546429893,0.15140584535701074
22,Louisiana,3372,7387,1651,9258,2011,0.31341202714006877,0.6865879728599312,0.8486570721422678,0.15134292785773215
23,Maine,4407,8572,790,12425,2011,0.33954850142537946,0.6604514985746205,0.9402194475974271,0.05978055240257284
24,Maryland,2903,7032,645,9416,2011,0.2921992954202315,0.7078007045797685,0.9358910645065103,0.06410893549348971
25,Massachusetts,6998,14751,1820,20331,2011,0.3217619200882799,0.67823807991172,0.9178366665161843,0.08216333348381563
26,Michigan,3633,7282,744,10284,2011,0.33284470911589553,0.6671552908841044,0.9325353645266594,0.06746463547334058
27,Minnesota,4671,10389,698,14642,2011,0.3101593625498008,0.6898406374501992,0.9544980443285528,0.0455019556714472
28,Mississippi,2687,6067,1471,7417,2011,0.3069453963902216,0.6930546036097784,0.8344959495949595,0.16550405040504051
29,Missouri,1882,4420,678,5710,2011,0.2986353538559188,0.7013646461440812,0.8938634940513462,0.10613650594865373
30,Montana,3240,6842,751,9493,2011,0.3213648085697282,0.6786351914302717,0.9266887934400625,0.07331120655993753
31,Nebraska,7425,17611,1898,23464,2011,0.29657293497363796,0.703427065026362,0.9251636306284994,0.07483636937150066
32,Nevada,1731,3675,371,5106,2011,0.3201997780244173,0.6798002219755827,0.9322621873288297,0.06773781267117035
33,New Hampshire,2001,4260,368,5974,2011,0.319597508385242,0.6804024916147581,0.9419741406496374,0.05802585935036266
34,New Jersey,4553,10180,1191,14037,2011,0.309034141043915,0.690965858956085,0.9217888100866825,0.07821118991331757
35,New Mexico,2962,6320,1108,8285,2011,0.31911226028873085,0.6808877397112691,0.8820398168849143,0.1179601831150857
36,New York,2602,4900,695,6992,2011,0.34684084244201546,0.6531591575579845,0.9095876154546637,0.09041238454533629
37,North Carolina,3299,8019,1461,10054,2011,0.2914825940978972,0.7085174059021029,0.8731220147633522,0.12687798523664784
38,North Dakota,1528,3666,362,4935,2011,0.29418559876780903,0.705814401232191,0.9316594298659618,0.06834057013403813
39,Ohio,3175,6567,725,9181,2011,0.32590843769246564,0.6740915623075344,0.9268120331112457,0.07318796688875429
40,Oklahoma,2807,5579,1035,7478,2011,0.3347245409015025,0.6652754590984975,0.8784212381064255,0.12157876189357453
41,Oregon,2038,4085,309,5910,2011,0.3328433774293647,0.6671566225706353,0.9503135552339604,0.049686444766039554
42,Pennsylvania,3895,7339,918,10556,2011,0.3467153284671533,0.6532846715328468,0.9199930277148335,0.08000697228516647
44,Rhode Island,2226,4212,560,5956,2011,0.34575955265610436,0.6542404473438956,0.9140577041129527,0.08594229588704727
45,South Carolina,3934,8653,1795,11117,2011,0.312544688964805,0.6874553110351951,0.8609820322180917,0.1390179677819083
46,South Dakota,2074,6055,669,7576,2011,0.25513593307909954,0.7448640669209005,0.9188599151000606,0.08114008489993936
47,Tennessee,1445,4342,787,5104,2011,0.2496975980646276,0.7503024019353723,0.8664063826175522,0.1335936173824478
48,Texas,4484,10044,2134,12786,2011,0.3086453744493392,0.6913546255506607,0.856970509383378,0.14302949061662198
49,Utah,4418,8052,693,11934,2011,0.35429029671210904,0.6457097032878909,0.9451176051318603,0.0548823948681397
50,Vermont,2318,4656,452,6631,2011,0.3323774017780327,0.6676225982219673,0.9361852322462233,0.06381476775377665
51,Virginia,1832,4615,602,5962,2011,0.28416317667132,0.71583682332868,0.9082876294942108,0.09171237050578915
53,Washington,4592,9951,893,13829,2011,0.3157532833665681,0.6842467166334318,0.9393424806412173,0.060657519358782774
54,West Virginia,1693,3503,754,4518,2011,0.3258275596612779,0.6741724403387221,0.8569802731411229,0.1430197268588771
55,Wisconsin,1628,3611,377,4879,2011,0.3107463256346631,0.6892536743653369,0.9282724505327246,0.0717275494672755
56,Wyoming,2161,4587,416,6429,2011,0.3202430349733254,0.6797569650266746,0.9392257121986852,0.06077428780131483
66,Guam,462,1395,237,1645,2011,0.24878836833602586,0.7512116316639742,0.8740701381509033,0.1259298618490967
72,Puerto Rico,1463,5073,1716,4889,2011,0.2238372093023256,0.7761627906976745,0.7401968205904618,0.25980317940953823
1,Alabama,2385,5102,1193,6453,2010,0.3185521570722586,0.6814478429277414,0.843970703635888,0.15602929636411195
2,Alaska,603,1287,144,1817,2010,0.319047619047619,0.680952380952381,0.9265680775114737,0.07343192248852626
4,Arizona,1805,3884,639,5106,2010,0.3172789593953243,0.6827210406046756,0.8887728459530027,0.11122715404699739
5,Arkansas,1219,2701,523,3496,2010,0.310969387755102,0.6890306122448979,0.8698681263996019,0.1301318736003981
6,California,6333,11327,2348,15200,2010,0.3586070215175538,0.6413929784824463,0.8661955778436289,0.1338044221563711
8,Colorado,3613,7883,658,10977,2010,0.31428322894919974,0.6857167710508003,0.9434464976364417,0.05655350236355823
9,Connecticut,2125,4553,459,6298,2010,0.31820904462413896,0.681790955375861,0.9320704454639633,0.0679295545360367
10,Delaware,1253,2952,278,3955,2010,0.2979785969084423,0.7020214030915577,0.9343255374438932,0.06567446255610677
11,District of Columbia,1181,2732,255,3708,2010,0.30181446460516226,0.6981855353948377,0.9356548069644209,0.0643451930355791
12,Florida,10839,23358,3582,31420,2010,0.31695762786209314,0.6830423721379069,0.8976629906862466,0.1023370093137535
13,Georgia,1631,4026,691,5067,2010,0.28831536149902776,0.7116846385009723,0.8799930531434526,0.1200069468565474
15,Hawaii,1716,4777,327,6218,2010,0.2642846141999076,0.7357153858000924,0.9500381970970206,0.04996180290297937
16,Idaho,2232,4643,596,6403,2010,0.3246545454545455,0.6753454545454546,0.9148449778539791,0.08515502214602086
17,Illinois,1930,3244,354,4845,2010,0.37301894085813686,0.6269810591418632,0.9319099826889786,0.06809001731102135
18,Indiana,3378,6626,991,9202,2010,0.3376649340263894,0.6623350659736106,0.902776415186893,0.09722358481310703
19,Iowa,1551,4456,403,5685,2010,0.2581987681038788,0.7418012318961212,0.9338042049934296,0.0661957950065703
20,Kansas,2317,6135,538,8023,2010,0.27413629910080456,0.7258637008991955,0.9371568741969396,0.0628431258030604
21,Kentucky,2811,5111,1228,6795,2010,0.35483463771774804,0.645165362282252,0.846940047363829,0.153059952636171
22,Louisiana,2126,4795,863,6159,2010,0.30718104320184947,0.6928189567981505,0.8771005411563657,0.12289945884363429
23,Maine,2588,5394,529,7590,2010,0.3242295164119268,0.6757704835880731,0.9348441926345609,0.06515580736543909
24,Maryland,2608,6313,633,8505,2010,0.29234390763367335,0.7076560923663267,0.9307288246881156,0.06927117531188444
25,Massachusetts,4862,11103,1542,14644,2010,0.30454118383964923,0.6954588161603508,0.9047324848634622,0.09526751513653775
26,Michigan,2885,5871,623,8219,2010,0.3294883508451348,0.6705116491548653,0.9295408278669984,0.07045917213300158
27,Minnesota,2408,6344,442,8497,2010,0.27513711151736747,0.7248628884826326,0.9505537532162435,0.04944624678375657
28,Mississippi,2377,5553,1457,6614,2010,0.29974779319041617,0.7002522068095839,0.8194771403791352,0.1805228596208648
29,Missouri,1658,3690,596,4823,2010,0.3100224382946896,0.6899775617053104,0.8900166082303008,0.10998339176969921
30,Montana,2332,4846,552,6741,2010,0.3248815826135414,0.6751184173864586,0.9243109831345125,0.07568901686548746
31,Nebraska,4594,11511,1236,15122,2010,0.28525302701024524,0.7147469729897548,0.924440640665118,0.07555935933488202
32,Nevada,1265,2615,273,3629,2010,0.32603092783505155,0.6739690721649485,0.9300358790363916,0.0699641209636084
33,New Hampshire,1803,4175,331,5702,2010,0.3016058882569421,0.6983941117430579,0.9451350903364827,0.05486490966351732
34,New Jersey,3653,8360,859,11458,2010,0.3040872388246067,0.6959127611753934,0.9302589916375741,0.06974100836242592
35,New Mexico,2203,4694,793,6185,2010,0.3194142380745252,0.6805857619254748,0.8863571223846375,0.11364287761536257
36,New York,2948,5762,655,8252,2010,0.3384615384615385,0.6615384615384615,0.9264623329965196,0.07353766700348041
37,North Carolina,3459,8477,1544,10575,2010,0.2897955764075067,0.7102044235924933,0.8725967489066755,0.12740325109332454
38,North Dakota,1287,3388,332,4424,2010,0.2752941176470588,0.7247058823529412,0.9301934398654331,0.06980656013456686
39,Ohio,3169,6492,784,9032,2010,0.3280198737190767,0.6719801262809233,0.9201303993480032,0.07986960065199673
40,Oklahoma,2442,5167,992,6738,2010,0.32093573399921144,0.6790642660007885,0.8716688227684347,0.12833117723156534
41,Oregon,1634,3344,300,4725,2010,0.3282442748091603,0.6717557251908397,0.9402985074626866,0.05970149253731343
42,Pennsylvania,3565,7436,877,10340,2010,0.32406144895918554,0.6759385510408145,0.9218151020772043,0.07818489792279576
44,Rhode Island,2157,4365,597,5994,2010,0.33072677092916286,0.6692732290708372,0.9094219390077378,0.09057806099226218
45,South Carolina,2710,6431,1384,8029,2010,0.2964664697516683,0.7035335302483317,0.8529692977796665,0.14703070222033357
46,South Dakota,1554,5054,606,6108,2010,0.23516949152542374,0.7648305084745762,0.9097408400357462,0.0902591599642538
47,Tennessee,1345,4320,841,4902,2010,0.23742277140335394,0.7625772285966461,0.8535608566951071,0.1464391433048929
48,Texas,5660,11791,2886,15128,2010,0.324336714228411,0.6756632857715891,0.8397912734539802,0.16020872654601975
49,Utah,3424,6573,537,9609,2010,0.34250275082524756,0.6574972491747524,0.9470727380248374,0.05292726197516263
50,Vermont,2225,4456,400,6387,2010,0.33303397694955844,0.6669660230504415,0.9410637984381907,0.05893620156180934
51,Virginia,1472,3802,562,4792,2010,0.2791050436101631,0.7208949563898369,0.8950317519611506,0.10496824803884945
53,Washington,6051,13282,1175,18384,2010,0.3129881549681891,0.6870118450318109,0.9399253540569559,0.060074645943044125
54,West Virginia,1373,2965,666,3728,2010,0.3165053019824804,0.6834946980175196,0.8484296768320437,0.1515703231679563
55,Wisconsin,1514,3210,375,4375,2010,0.32049110922946655,0.6795088907705334,0.9210526315789473,0.07894736842105263
56,Wyoming,1787,3950,330,5498,2010,0.3114868398117483,0.6885131601882517,0.9433768016472203,0.05662319835277969
66,Guam,172,593,105,679,2010,0.22483660130718955,0.7751633986928105,0.8660714285714286,0.13392857142857142
72,Puerto Rico,771,2704,1087,2446,2010,0.2218705035971223,0.7781294964028777,0.692329465043872,0.30767053495612795
1,Alabama,2153,4463,971,5796,2009,0.32542321644498184,0.6745767835550182,0.85650953155017,0.14349046844983004
2,Alaska,738,1625,178,2250,2009,0.3123148539991536,0.6876851460008464,0.9266886326194399,0.07331136738056013
4,Arizona,1736,3667,555,4901,2009,0.32130297982602257,0.6786970201739774,0.8982771260997068,0.10172287390029326
5,Arkansas,1207,2697,511,3489,2009,0.30917008196721313,0.6908299180327869,0.87225,0.12775
6,California,6092,11224,2367,14733,2009,0.3518133518133518,0.6481866481866482,0.861578947368421,0.13842105263157894
8,Colorado,3605,8163,742,11180,2009,0.30633922501699523,0.6936607749830047,0.937762120449589,0.062237879550411004
9,Connecticut,1968,4446,389,6084,2009,0.3068288119738073,0.6931711880261927,0.9399042175189247,0.060095782481075236
10,Delaware,1293,3022,322,4034,2009,0.2996523754345307,0.7003476245654693,0.926078971533517,0.07392102846648302
11,District of Columbia,1202,2642,263,3629,2009,0.31269510926118627,0.6873048907388137,0.9324254881808839,0.06757451181911614
12,Florida,3134,8619,1271,10724,2009,0.2666553220454352,0.7333446779545648,0.8940391829929137,0.10596081700708629
13,Georgia,1538,4223,679,5183,2009,0.2669675403575768,0.7330324596424231,0.8841692255203002,0.11583077447969976
15,Hawaii,1862,4780,333,6344,2009,0.2803372478169226,0.7196627521830774,0.9501273026808447,0.04987269731915531
16,Idaho,1661,3654,474,4905,2009,0.3125117591721543,0.6874882408278458,0.9118795315114333,0.08812046848856665
17,Illinois,2067,3752,373,5467,2009,0.35521567279601307,0.6447843272039869,0.9361301369863013,0.06386986301369862
18,Indiana,3023,6071,925,8347,2009,0.3324169782274027,0.6675830217725973,0.900237273511648,0.09976272648835202
19,Iowa,1545,4396,393,5612,2009,0.26005722942265613,0.7399427705773439,0.9345545378850958,0.06544546211490425
20,Kansas,5216,13486,1181,17704,2009,0.2789006523366485,0.7210993476633515,0.9374635954461212,0.06253640455387874
21,Kentucky,3410,6126,1515,8096,2009,0.3575922818791946,0.6424077181208053,0.8423681198626574,0.15763188013734264
22,Louisiana,2501,6264,1196,7673,2009,0.28533941814033087,0.7146605818596692,0.8651482692524524,0.13485173074754764
23,Maine,2598,5344,472,7599,2009,0.3271216318307731,0.6728783681692269,0.941519018708958,0.058480981291042004
24,Maryland,2603,5837,568,7990,2009,0.3084123222748815,0.6915876777251185,0.9336293526524889,0.0663706473475111
25,Massachusetts,5276,11121,1788,14844,2009,0.32176617673964747,0.6782338232603525,0.8924963924963925,0.1075036075036075
26,Michigan,2974,6129,682,8548,2009,0.3267054817093266,0.6732945182906734,0.9261105092091008,0.07388949079089924
27,Minnesota,1602,3981,250,5354,2009,0.28694250403009136,0.7130574959699086,0.9553890078515346,0.04461099214846538
28,Mississippi,3293,7704,1889,9297,2009,0.2994453032645267,0.7005546967354733,0.8311281959592347,0.16887180404076524
29,Missouri,1647,3353,536,4512,2009,0.3294,0.6706,0.8938193343898574,0.10618066561014262
30,Montana,2352,5154,540,7069,2009,0.3133493205435651,0.6866506794564349,0.9290314101721645,0.07096858982783545
31,Nebraska,4298,11435,1195,14766,2009,0.27318375389309096,0.7268162461069091,0.9251300043856902,0.07486999561430988
32,Nevada,1268,2523,232,3595,2009,0.3344763914534424,0.6655236085465577,0.9393781029527045,0.06062189704729553
33,New Hampshire,1862,4069,368,5603,2009,0.313943685719103,0.686056314280897,0.9383687824485011,0.06163121755149891
34,New Jersey,3640,8385,905,11395,2009,0.3027027027027027,0.6972972972972973,0.9264227642276422,0.07357723577235772
35,New Mexico,2850,5865,970,7850,2009,0.3270223752151463,0.6729776247848537,0.8900226757369615,0.10997732426303855
36,New York,2224,4562,497,6412,2009,0.32773356911287943,0.6722664308871206,0.92806484295846,0.07193515704154002
37,North Carolina,4026,9042,1739,11515,2009,0.30808080808080807,0.6919191919191919,0.8687943262411347,0.13120567375886524
38,North Dakota,1274,3424,366,4398,2009,0.2711792252022137,0.7288207747977863,0.9231738035264484,0.07682619647355164
39,Ohio,3131,6519,763,8974,2009,0.3244559585492228,0.6755440414507772,0.9216391085549964,0.07836089144500359
40,Oklahoma,2527,5197,903,6933,2009,0.3271620921802175,0.6728379078197825,0.8847626339969372,0.1152373660030628
41,Oregon,1245,2993,241,4025,2009,0.29377064653138274,0.7062293534686173,0.9435067979371777,0.056493202062822316
42,Pennsylvania,2834,6169,760,8400,2009,0.31478396090192157,0.6852160390980784,0.9170305676855895,0.08296943231441048
44,Rhode Island,2010,4213,549,5722,2009,0.32299533986823076,0.6770046601317693,0.9124541540424175,0.08754584595758252
45,South Carolina,2811,6757,1389,8446,2009,0.2937918060200669,0.7062081939799331,0.8587697000508389,0.14123029994916117
46,South Dakota,1669,5070,616,6199,2009,0.24766285799079982,0.7523371420092002,0.909611151870873,0.09038884812912693
47,Tennessee,1388,4122,764,4789,2009,0.2519056261343013,0.7480943738656988,0.8624167116873762,0.1375832883126238
48,Texas,3633,7748,1465,10109,2009,0.31921623758896406,0.6807837624110359,0.8734231899084154,0.12657681009158459
49,Utah,3527,6470,539,9594,2009,0.3528058417525258,0.6471941582474743,0.9468074607717359,0.053192539228264085
50,Vermont,2165,4398,385,6267,2009,0.3298796282188024,0.6701203717811977,0.9421226698737222,0.05787733012627781
51,Virginia,1375,3703,539,4613,2009,0.27077589602205593,0.7292241039779441,0.8953804347826086,0.10461956521739131
53,Washington,6290,13728,1338,18896,2009,0.31421720451593566,0.6857827954840643,0.933873677967777,0.06612632203222299
54,West Virginia,1326,3435,691,4119,2009,0.27851291745431633,0.7214870825456837,0.8563409563409563,0.14365904365904367
55,Wisconsin,1456,3061,312,4201,2009,0.3223378348461368,0.6776621651538632,0.9308663859960116,0.06913361400398847
56,Wyoming,1817,4148,318,5725,2009,0.3046102263202012,0.6953897736797988,0.9473771305642893,0.05262286943571074
66,Guam,261,986,139,1123,2009,0.20930232558139536,0.7906976744186046,0.8898573692551506,0.11014263074484945
72,Puerto Rico,920,3216,1267,2966,2009,0.22243713733075435,0.7775628626692457,0.7006850933144342,0.2993149066855658
1,Alabama,2217,4117,992,5484,2008,0.3500157878118093,0.6499842121881907,0.8468190240889438,0.1531809759110562
2,Alaska,830,1736,200,2457,2008,0.323460639127046,0.676539360872954,0.9247271358675198,0.07527286413248024
4,Arizona,1871,4204,789,5356,2008,0.3079835390946502,0.6920164609053497,0.8716029292107405,0.12839707078925955
5,Arkansas,1680,3892,758,4928,2008,0.3015075376884422,0.6984924623115578,0.8666901160745691,0.1333098839254309
6,California,4163,7332,1548,9907,2008,0.36215745976511526,0.6378425402348847,0.8648625054561327,0.1351374945438673
8,Colorado,3636,7960,751,10993,2008,0.31355639875819247,0.6864436012418075,0.9360524523160763,0.0639475476839237
9,Connecticut,1948,4128,435,5701,2008,0.3206056616194865,0.6793943383805134,0.9291069100391134,0.07089308996088657
10,Delaware,1187,2799,270,3750,2008,0.2977922729553437,0.7022077270446563,0.9328358208955224,0.06716417910447761
11,District of Columbia,1326,2846,334,3895,2008,0.31783317353787155,0.6821668264621285,0.9210215180893828,0.07897848191061717
12,Florida,2975,7660,1297,9513,2008,0.27973671838269865,0.7202632816173014,0.8800185013876041,0.11998149861239593
13,Georgia,1679,3928,713,4982,2008,0.2994471196718388,0.7005528803281612,0.8748024582967515,0.12519754170324845
15,Hawaii,1966,4421,327,6115,2008,0.307812744637545,0.692187255362455,0.9492393666563179,0.05076063334368209
16,Idaho,1691,3341,407,4693,2008,0.3360492845786963,0.6639507154213037,0.9201960784313725,0.07980392156862745
17,Illinois,1843,3289,387,4767,2008,0.35911925175370224,0.6408807482462977,0.9249126891734575,0.07508731082654249
18,Indiana,1574,3240,508,4382,2008,0.32696302451184045,0.6730369754881596,0.8961145194274028,0.10388548057259714
19,Iowa,1659,4227,349,5644,2008,0.281855249745158,0.718144750254842,0.9417653929584515,0.058234607041548474
20,Kansas,2257,6252,548,8076,2008,0.265248560347867,0.7347514396521331,0.936456400742115,0.06354359925788497
21,Kentucky,2966,5040,1233,6837,2008,0.3704721458905821,0.6295278541094179,0.8472118959107807,0.15278810408921933
22,Louisiana,1518,4565,670,5488,2008,0.24954792043399637,0.7504520795660036,0.8911984410522897,0.10880155894771029
23,Maine,2171,4542,411,6367,2008,0.3234023536421868,0.6765976463578132,0.9393626438477427,0.0606373561522573
24,Maryland,3195,6175,655,8810,2008,0.3409818569903949,0.6590181430096052,0.930797675647121,0.06920232435287903
25,Massachusetts,6642,13575,2239,18218,2008,0.3285353910075679,0.6714646089924321,0.8905509116683775,0.10944908833162242
26,Michigan,3120,6198,688,8741,2008,0.33483580167417903,0.665164198325821,0.9270336196839538,0.07296638031604624
27,Minnesota,1207,3068,214,4066,2008,0.2823391812865497,0.7176608187134503,0.95,0.05
28,Mississippi,2425,5361,1363,6575,2008,0.311456460313383,0.688543539686617,0.828294280675233,0.17170571932476694
29,Missouri,1689,3391,558,4595,2008,0.3324803149606299,0.6675196850393701,0.8917135649136425,0.10828643508635746
30,Montana,2124,4608,481,6351,2008,0.3155080213903743,0.6844919786096256,0.929596018735363,0.070403981264637
31,Nebraska,4254,11782,1350,14888,2008,0.26527812422050384,0.7347218757794961,0.916861682473211,0.08313831752678902
32,Nevada,1690,3032,420,4341,2008,0.35789919525624736,0.6421008047437526,0.9117832388153749,0.08821676118462508
33,New Hampshire,2211,4591,400,6479,2008,0.32505145545427816,0.6749485445457218,0.9418520133740369,0.05814798662596308
34,New Jersey,3344,8184,1006,10633,2008,0.2900763358778626,0.7099236641221374,0.9135664575994501,0.08643354240054987
35,New Mexico,1994,4168,841,5380,2008,0.32359623498864004,0.6764037650113599,0.8648127310721749,0.13518726892782512
36,New York,2541,5213,582,7313,2008,0.3277018313128708,0.6722981686871292,0.926282457251425,0.07371754274857505
37,North Carolina,4772,10787,2266,13530,2008,0.30670351565010606,0.693296484349894,0.8565459610027855,0.14345403899721448
38,North Dakota,1353,3589,383,4643,2008,0.27377579927155,0.7262242007284501,0.9237962594508555,0.07620374054914444
39,Ohio,4280,8495,1010,11930,2008,0.3350293542074364,0.6649706457925636,0.9219474497681608,0.07805255023183925
40,Oklahoma,2499,5179,978,6826,2008,0.32547538421463923,0.6745246157853608,0.8746796514607893,0.12532034853921067
41,Oregon,1417,3329,301,4473,2008,0.29856721449641804,0.701432785503582,0.9369501466275659,0.06304985337243402
42,Pennsylvania,4219,8720,1212,11938,2008,0.3260684751526393,0.6739315248473607,0.9078326996197719,0.09216730038022813
44,Rhode Island,1583,3146,462,4308,2008,0.3347430746458025,0.6652569253541976,0.9031446540880503,0.09685534591194969
45,South Carolina,3045,6867,1396,8784,2008,0.3072033898305085,0.6927966101694916,0.86286836935167,0.13713163064833006
46,South Dakota,1779,5118,609,6366,2008,0.25793823401478905,0.742061765985211,0.9126881720430108,0.08731182795698925
47,Tennessee,1337,3613,721,4280,2008,0.2701010101010101,0.7298989898989899,0.8558288342331534,0.14417116576684663
48,Texas,3175,7397,1647,9020,2008,0.3003216042376088,0.6996783957623912,0.8455985750445298,0.15440142495547013
49,Utah,1936,3318,319,5005,2008,0.36848115721355157,0.6315188427864484,0.9400826446280992,0.05991735537190083
50,Vermont,2214,4409,419,6320,2008,0.33428959685942927,0.6657104031405707,0.9378246030568334,0.06217539694316664
51,Virginia,1596,3634,569,4716,2008,0.30516252390057363,0.6948374760994264,0.8923368022705771,0.1076631977294229
53,Washington,7099,15149,1585,20864,2008,0.31908486156058974,0.6809151384394103,0.9293955187313466,0.07060448126865339
54,West Virginia,1264,2828,617,3542,2008,0.3088954056695992,0.6911045943304008,0.8516470305361866,0.1483529694638134
55,Wisconsin,2343,4673,551,6489,2008,0.3339509692132269,0.6660490307867731,0.9217329545454546,0.07826704545454545
56,Wyoming,2468,5412,472,7517,2008,0.3131979695431472,0.6868020304568528,0.9409187632995368,0.059081236700463134
66,Guam,221,563,106,683,2008,0.28188775510204084,0.7181122448979592,0.8656527249683144,0.13434727503168567
72,Puerto Rico,1140,3246,1365,3104,2008,0.25991792065663477,0.7400820793433652,0.6945625419556948,0.3054374580443052
1,Alabama,2342,4721,1219,6014,2007,0.3315871442729718,0.6684128557270281,0.8314668878750173,0.16853311212498273
2,Alaska,821,1629,207,2338,2007,0.33510204081632655,0.6648979591836734,0.918664047151277,0.08133595284872298
4,Arizona,1522,3135,566,4150,2007,0.32681984109942025,0.6731801589005798,0.879983036471586,0.12001696352841391
5,Arkansas,1780,3808,694,5022,2007,0.3185397279885469,0.6814602720114531,0.8785864240727782,0.12141357592722184
6,California,2065,3599,746,4886,2007,0.3645833333333333,0.6354166666666666,0.8675426136363636,0.13245738636363635
8,Colorado,3804,7957,779,11114,2007,0.32344188419352093,0.6765581158064791,0.9344992852938704,0.06550071470612966
9,Connecticut,2334,5086,558,6940,2007,0.31455525606469004,0.68544474393531,0.9255801547079221,0.07441984529207789
10,Delaware,1306,2666,280,3708,2007,0.3288016112789527,0.6711983887210473,0.9297893681043129,0.07021063189568706
11,District of Columbia,1256,2657,328,3615,2007,0.3209813442371582,0.6790186557628418,0.9168146081663708,0.08318539183362922
12,Florida,10994,27692,4987,34340,2007,0.28418549346016647,0.7158145065398336,0.8731914460803011,0.12680855391969895
13,Georgia,2469,5079,892,6784,2007,0.32710651828298887,0.6728934817170111,0.883793642522147,0.11620635747785305
15,Hawaii,1938,4608,343,6251,2007,0.29605866177818513,0.7039413382218148,0.9479830148619958,0.05201698513800425
16,Idaho,1739,3495,468,4834,2007,0.3322506687046236,0.6677493312953764,0.9117314221048661,0.08826857789513391
17,Illinois,1835,3366,370,4863,2007,0.3528167660065372,0.6471832339934628,0.929294859545194,0.07070514045480604
18,Indiana,1958,3931,610,5371,2007,0.3324842927491934,0.6675157072508066,0.8980103661595051,0.1019896338404949
19,Iowa,1388,3947,413,4993,2007,0.26016869728209935,0.7398313027179007,0.9236034036256012,0.07639659637439881
20,Kansas,2221,6152,622,7860,2007,0.26525737489549744,0.7347426251045026,0.9266682386229663,0.07333176137703372
21,Kentucky,1909,4821,1332,5539,2007,0.2836552748885587,0.7163447251114413,0.8061417552030272,0.19385824479697278
22,Louisiana,1514,4965,819,5848,2007,0.2336780367340639,0.766321963265936,0.8771561421928904,0.12284385780710964
23,Maine,2176,4544,470,6353,2007,0.3238095238095238,0.6761904761904762,0.9311153451560897,0.0688846548439103
24,Maryland,2848,5856,662,8138,2007,0.3272058823529412,0.6727941176470589,0.9247727272727273,0.07522727272727273
25,Massachusetts,6914,14284,2072,19380,2007,0.32616284555146713,0.6738371544485329,0.9034122692522841,0.09658773074771583
26,Michigan,2616,4762,573,6903,2007,0.3545676335050149,0.6454323664949851,0.923354735152488,0.07664526484751204
27,Minnesota,1345,3413,261,4509,2007,0.2826817990752417,0.7173182009247583,0.9452830188679245,0.05471698113207547
28,Mississippi,2447,5195,1402,6404,2007,0.3202041350431824,0.6797958649568175,0.8203945682808096,0.17960543171919036
29,Missouri,1750,3456,601,4655,2007,0.3361505954667691,0.6638494045332309,0.885654490106545,0.1143455098934551
30,Montana,1919,3992,409,5574,2007,0.32464895956690915,0.6753510404330908,0.9316396456627111,0.06836035433728899
31,Nebraska,2856,7922,923,9999,2007,0.26498422712933756,0.7350157728706624,0.9154916681926387,0.0845083318073613
32,Nevada,1533,2549,402,3700,2007,0.3755512003919647,0.6244487996080352,0.9019990248659191,0.09800097513408093
33,New Hampshire,1940,3973,394,5582,2007,0.3280906477253509,0.6719093522746491,0.9340696117804551,0.06593038821954485
34,New Jersey,2278,4851,634,6586,2007,0.31953990742039556,0.6804600925796044,0.9121883656509695,0.08781163434903047
35,New Mexico,2112,4407,878,5720,2007,0.3239760699493787,0.6760239300506212,0.8669293725371324,0.13307062746286755
36,New York,2087,4305,525,5983,2007,0.32650187734668334,0.6734981226533167,0.9193300553165334,0.0806699446834665
37,North Carolina,4316,10194,2134,12623,2007,0.2974500344589938,0.7025499655410062,0.855390662058684,0.14460933794131597
38,North Dakota,1318,3338,385,4362,2007,0.28307560137457044,0.7169243986254296,0.9188961449336422,0.0811038550663577
39,Ohio,3749,7271,916,10285,2007,0.34019963702359346,0.6598003629764065,0.9182215873582715,0.08177841264172842
40,Oklahoma,2305,5012,962,6483,2007,0.3150198168648353,0.6849801831351647,0.870785762256548,0.12921423774345198
41,Oregon,1519,3371,342,4592,2007,0.31063394683026585,0.6893660531697342,0.930685042561816,0.06931495743818403
42,Pennsylvania,4220,8754,1241,11967,2007,0.3252659164482812,0.6747340835517188,0.9060417928528165,0.09395820714718353
44,Rhode Island,1464,2970,449,4038,2007,0.3301759133964817,0.6698240866035182,0.8999331401827502,0.10006685981724983
45,South Carolina,3100,7042,1343,9021,2007,0.30565963320844014,0.6943403667915599,0.8704168274797376,0.12958317252026244
46,South Dakota,1716,5034,646,6213,2007,0.25422222222222224,0.7457777777777778,0.9058171745152355,0.09418282548476455
47,Tennessee,1301,3652,749,4267,2007,0.26266908944074296,0.737330910559257,0.8506778309409888,0.14932216905901116
48,Texas,5161,11750,2841,14348,2007,0.3051859736266336,0.6948140263733664,0.8347198789923789,0.16528012100762116
49,Utah,1750,3216,309,4758,2007,0.3523962948046718,0.6476037051953283,0.9390171699230314,0.06098283007696862
50,Vermont,2178,4654,477,6449,2007,0.31879391100702575,0.6812060889929742,0.9311290788333815,0.06887092116661854
51,Virginia,1861,4245,660,5522,2007,0.30478218146085817,0.6952178185391418,0.8932384341637011,0.10676156583629894
53,Washington,8381,17165,1605,24188,2007,0.328074845376967,0.6719251546230329,0.9377738146008607,0.0622261853991393
54,West Virginia,1285,3101,687,3753,2007,0.29297765617875055,0.7070223438212494,0.8452702702702702,0.15472972972972973
55,Wisconsin,2306,5063,612,6792,2007,0.3129325552992265,0.6870674447007735,0.9173419773095624,0.08265802269043761
56,Wyoming,1968,4098,382,5767,2007,0.32443125618199803,0.675568743818002,0.9378760774109611,0.06212392258903887
66,Guam,170,473,81,568,2007,0.2643856920684292,0.7356143079315708,0.8751926040061633,0.12480739599383667
72,Puerto Rico,1031,2801,1134,2792,2007,0.2690501043841336,0.7309498956158664,0.7111563932755985,0.2888436067244014
