FIPS,Name,have_mentalhealth,have_no_mentalhealth,have_no_alcohol,have_alcohol,no_smoker,smoker,year,p_have_mentalhealth,p_have_no_mentalhealth,p_have_alcohol,p_have_no_alcohol,p_smoker,p_no_smoker
1,Alabama,2260,4311,3924,2356,5329,1143,2017,0.3439354740526556,0.6560645259473444,0.37515923566878984,0.6248407643312102,0.1766069221260816,0.8233930778739185
2,Alaska,987,2129,1328,1673,2545,539,2017,0.31675224646983313,0.6832477535301669,0.5574808397200933,0.4425191602799067,0.17477302204928663,0.8252269779507133
4,Arizona,4755,10514,6856,7465,12793,1977,2017,0.3114152858733381,0.6885847141266619,0.5212624816702744,0.47873751832972555,0.13385240352064998,0.86614759647935
5,Arkansas,1604,3631,3314,1684,4291,809,2017,0.3063992359121299,0.6936007640878701,0.33693477390956383,0.6630652260904362,0.15862745098039216,0.8413725490196079
6,California,3268,5999,3504,5004,7763,954,2017,0.352649185281105,0.647350814718895,0.5881523272214386,0.4118476727785614,0.10944132155558105,0.8905586784444189
8,Colorado,3373,6278,3369,5345,7817,1113,2017,0.34949746140296345,0.6505025385970366,0.613380766582511,0.3866192334174891,0.12463605823068309,0.8753639417693169
9,Connecticut,3146,7288,3600,6164,9008,1064,2017,0.3015142802376845,0.6984857197623155,0.631298648095043,0.368701351904957,0.10563939634630659,0.8943606036536934
10,Delaware,1216,2846,1857,1973,3365,594,2017,0.29935992122107336,0.7006400787789266,0.5151436031331593,0.48485639686684073,0.15003788835564535,0.8499621116443546
11,District of Columbia,1258,2533,1393,2157,3190,558,2017,0.33183856502242154,0.6681614349775785,0.6076056338028168,0.3923943661971831,0.14887940234791888,0.8511205976520811
12,Florida,6684,14953,10690,9703,17282,3753,2017,0.308915284004252,0.6910847159957481,0.47580051978620114,0.5241994802137988,0.1784169241739957,0.8215830758260043
13,Georgia,1753,4205,3043,2503,4873,853,2017,0.2942262504196039,0.7057737495803961,0.45131626397403535,0.5486837360259647,0.14896961229479566,0.8510303877052043
15,Hawaii,2396,5318,3430,3850,6532,890,2017,0.3106040964480166,0.6893959035519834,0.5288461538461539,0.47115384615384615,0.11991376987334951,0.8800862301266505
16,Idaho,1634,3174,2610,2061,4173,575,2017,0.3398502495840266,0.6601497504159733,0.441233140655106,0.558766859344894,0.12110362257792755,0.8788963774220725
17,Illinois,1946,3560,2172,3082,4652,693,2017,0.3534326189611333,0.6465673810388667,0.5866006851922345,0.41339931480776554,0.12965388213283444,0.8703461178671655
18,Indiana,4716,8853,6809,6136,10950,2311,2017,0.3475569312403272,0.6524430687596727,0.47400540749324066,0.5259945925067594,0.17427041701229168,0.8257295829877083
19,Iowa,2267,5340,3090,4187,6306,1131,2017,0.2980149861969239,0.7019850138030761,0.5753744675003436,0.42462553249965646,0.15207745058491326,0.8479225494150867
20,Kansas,6494,14941,9553,10449,17548,3145,2017,0.30296244459995336,0.6970375554000466,0.5223977602239775,0.4776022397760224,0.1519837626250423,0.8480162373749577
21,Kentucky,2987,5539,5162,2974,6596,1749,2017,0.35034013605442177,0.6496598639455783,0.36553588987217306,0.634464110127827,0.20958657878969442,0.7904134212103056
22,Louisiana,1743,2972,2244,2144,3630,904,2017,0.3696712619300106,0.6303287380699893,0.4886052871467639,0.5113947128532361,0.19938244375827086,0.8006175562417291
23,Maine,3304,6252,3691,5489,7975,1351,2017,0.3457513604018418,0.6542486395981583,0.5979302832244009,0.4020697167755991,0.14486382157409394,0.8551361784259061
24,Maryland,4055,9315,5650,6815,11429,1515,2017,0.3032909498878085,0.6967090501121914,0.5467308463698355,0.45326915363016446,0.11704264524103832,0.8829573547589616
25,Massachusetts,2394,4365,2440,4013,5901,767,2017,0.35419440745672437,0.6458055925432756,0.6218812955214629,0.3781187044785371,0.11502699460107979,0.8849730053989202
26,Michigan,3874,6885,4425,5948,8848,1652,2017,0.36007063853517984,0.6399293614648202,0.5734117420225585,0.42658825797744143,0.15733333333333333,0.8426666666666667
27,Minnesota,4988,11882,6194,9830,14207,2220,2017,0.2956727919383521,0.704327208061648,0.61345481777334,0.38654518222666,0.1351433615389298,0.8648566384610702
28,Mississippi,1660,3284,3017,1684,3983,835,2017,0.33576051779935273,0.6642394822006472,0.3582216549670283,0.6417783450329717,0.17330842673308428,0.8266915732669158
29,Missouri,2331,5170,3843,3356,6064,1312,2017,0.31075856552459674,0.6892414344754033,0.46617585775802195,0.533824142241978,0.17787418655097614,0.8221258134490239
30,Montana,1708,4113,2613,3051,4833,953,2017,0.2934203745060986,0.7065796254939014,0.5386652542372882,0.4613347457627119,0.164707915658486,0.835292084341514
31,Nebraska,4399,10780,6447,8088,12793,2056,2017,0.2898082877659925,0.7101917122340075,0.5564499484004128,0.4435500515995872,0.13846050239073338,0.8615394976092666
32,Nevada,1211,2510,1658,1928,3077,566,2017,0.3254501478097286,0.6745498521902714,0.5376464026770775,0.46235359732292247,0.15536645621740325,0.8446335437825968
33,New Hampshire,1750,3924,2028,3342,4795,708,2017,0.30842439196334154,0.6915756080366584,0.6223463687150838,0.3776536312849162,0.12865709612938397,0.8713429038706161
34,New Jersey,3509,7995,4708,6213,9807,1414,2017,0.30502433936022255,0.6949756606397774,0.5689039465250435,0.4310960534749565,0.1260137242669994,0.8739862757330006
35,New Mexico,2184,4286,3243,2854,5272,982,2017,0.3375579598145286,0.6624420401854714,0.46809906511399046,0.5319009348860095,0.15701950751519028,0.8429804924848098
36,New York,4123,7842,4741,6402,9983,1572,2017,0.34458838278311743,0.6554116172168826,0.5745310957551826,0.42546890424481737,0.13604500216356555,0.8639549978364345
37,North Carolina,1533,3315,2353,2148,3976,765,2017,0.3162128712871287,0.6837871287128713,0.47722728282603866,0.5227727171739613,0.16135836321451172,0.8386416367854883
38,North Dakota,1999,4889,2718,3893,5695,1047,2017,0.2902148664343786,0.7097851335656213,0.5888670397821812,0.4111329602178188,0.15529516463957282,0.8447048353604272
39,Ohio,3919,8152,6133,5523,9808,2071,2017,0.32466241405020296,0.675337585949797,0.47383321894303365,0.5261667810569663,0.1743412745180571,0.825658725481943
40,Oklahoma,2056,4432,3857,2274,5363,1008,2017,0.31689272503082616,0.6831072749691739,0.37090197357690424,0.6290980264230958,0.1582169204206561,0.841783079579344
41,Oregon,2049,3226,1938,3024,4406,721,2017,0.388436018957346,0.6115639810426541,0.6094316807738815,0.3905683192261185,0.14062804759118394,0.859371952408816
42,Pennsylvania,2407,4070,2581,3634,5244,1109,2017,0.37162266481395706,0.6283773351860429,0.5847144006436041,0.4152855993563958,0.1745631984889029,0.8254368015110971
44,Rhode Island,1839,3735,2071,3173,4705,682,2017,0.32992465016146394,0.670075349838536,0.605072463768116,0.39492753623188404,0.1266010766660479,0.8733989233339521
45,South Carolina,3521,7506,5927,4671,9276,1620,2017,0.319307155164596,0.680692844835404,0.4407435365163238,0.5592564634836762,0.1486784140969163,0.8513215859030837
46,South Dakota,1830,5080,3457,3148,5621,1216,2017,0.26483357452966716,0.7351664254703328,0.4766086298258895,0.5233913701741105,0.1778557847008922,0.8221442152991078
47,Tennessee,1937,3767,3171,2233,4394,1173,2017,0.33958625525946706,0.6604137447405329,0.41321243523316065,0.5867875647668394,0.2107059457517514,0.7892940542482486
48,Texas,3693,8319,6049,5277,10200,1497,2017,0.30744255744255744,0.6925574425574426,0.4659191241391489,0.5340808758608512,0.12798153372659657,0.8720184662734034
49,Utah,3771,6344,7132,2652,9155,816,2017,0.3728126544735541,0.6271873455264458,0.2710547833197056,0.7289452166802943,0.0818373282519306,0.9181626717480694
50,Vermont,2144,4299,2260,3785,5379,839,2017,0.3327642402607481,0.6672357597392519,0.6261373035566584,0.3738626964433416,0.13493084593116758,0.8650691540688324
51,Virginia,2847,6619,4248,4829,7949,1336,2017,0.3007606169448553,0.6992393830551448,0.5320039660680842,0.46799603393191586,0.1438879913839526,0.8561120086160474
53,Washington,4567,8485,5251,7230,11286,1501,2017,0.34990806006742264,0.6500919399325774,0.5792805063696819,0.4207194936303181,0.11738484398216939,0.8826151560178306
54,West Virginia,1865,3529,3497,1803,4189,1184,2017,0.3457545420837968,0.6542454579162031,0.340188679245283,0.6598113207547169,0.2203610645821701,0.7796389354178299
55,Wisconsin,1957,3804,1846,3583,4704,834,2017,0.3396979691025864,0.6603020308974137,0.6599742125621662,0.34002578743783385,0.15059588299024917,0.8494041170097508
56,Wyoming,1279,3138,2042,2259,3710,653,2017,0.28956305184514375,0.7104369481548563,0.5252266914671007,0.47477330853289934,0.14966765986706396,0.850332340132936
66,Guam,497,998,794,623,1118,326,2017,0.33244147157190634,0.6675585284280936,0.43966125617501767,0.5603387438249824,0.2257617728531856,0.7742382271468145
72,Puerto Rico,992,3440,3212,1082,4038,410,2017,0.22382671480144403,0.776173285198556,0.2519795062878435,0.7480204937121565,0.09217625899280575,0.9078237410071942
1,Alabama,2452,4415,4066,2522,5504,1260,2016,0.35707004514343965,0.6429299548565603,0.3828172434729812,0.6171827565270188,0.1862803075103489,0.8137196924896511
2,Alaska,949,1893,1242,1515,2288,523,2016,0.33391977480647433,0.6660802251935257,0.5495103373231773,0.4504896626768226,0.18605478477410176,0.8139452152258982
4,Arizona,3158,7643,5116,5225,9199,1310,2016,0.2923803351541524,0.7076196648458476,0.5052702833381685,0.4947297166618315,0.12465505756970216,0.8753449424302978
5,Arkansas,1600,3596,3394,1652,4258,854,2016,0.30792917628945343,0.6920708237105466,0.3273880301228696,0.6726119698771305,0.16705790297339593,0.832942097026604
6,California,3951,7355,4502,5720,9289,1139,2016,0.3494604634707235,0.6505395365292765,0.5595773821170026,0.44042261788299747,0.10922516302263138,0.8907748369773686
8,Colorado,4918,9801,5350,8038,11914,1743,2016,0.33412595964399755,0.6658740403560024,0.6003884075291306,0.3996115924708694,0.12762685802152743,0.8723731419784726
9,Connecticut,3358,7525,3909,6528,9485,1150,2016,0.30855462648166865,0.6914453735183314,0.6254670882437482,0.3745329117562518,0.1081335213916314,0.8918664786083685
10,Delaware,1098,2883,1813,1992,3260,646,2016,0.27581009796533534,0.7241899020346647,0.5235216819973719,0.47647831800262813,0.16538658474142345,0.8346134152585766
11,District of Columbia,1224,2545,1448,2036,3181,561,2016,0.32475457681082515,0.6752454231891748,0.5843857634902411,0.41561423650975887,0.14991982896846606,0.850080171031534
12,Florida,10026,26139,18499,15610,29587,5475,2016,0.27722936540854415,0.7227706345914559,0.45765047348207216,0.5423495265179278,0.1561519593862301,0.84384804061377
13,Georgia,1511,3764,2843,2190,4336,810,2016,0.2864454976303318,0.7135545023696682,0.4351281541823962,0.5648718458176039,0.15740380878352117,0.8425961912164788
15,Hawaii,2388,5648,3889,3775,6844,934,2016,0.2971627675460428,0.7028372324539572,0.492562630480167,0.507437369519833,0.12008228336333247,0.8799177166366675
16,Idaho,1711,3437,2793,2206,4451,627,2016,0.33236208236208237,0.6676379176379177,0.4412882576515303,0.5587117423484697,0.1234738085860575,0.8765261914139425
17,Illinois,1588,3126,1912,2637,3986,623,2016,0.336868901145524,0.6631310988544761,0.579687843482084,0.42031215651791604,0.135170318941202,0.864829681058798
18,Indiana,3468,7395,5590,4942,8868,1822,2016,0.3192488262910798,0.6807511737089202,0.4692366122293961,0.5307633877706038,0.1704396632366698,0.8295603367633302
19,Iowa,1916,5233,3124,3778,6053,951,2016,0.26800951181983496,0.7319904881801651,0.5473775717183426,0.4526224282816575,0.13577955454026272,0.8642204454597373
20,Kansas,3342,8613,5545,5779,9808,1743,2016,0.2795483061480552,0.7204516938519447,0.5103320381490639,0.4896679618509361,0.1508960263180677,0.8491039736819322
21,Kentucky,3236,6872,6229,3581,7959,2019,2016,0.32014246141669966,0.6798575385833003,0.3650356778797146,0.6349643221202854,0.20234515935057126,0.7976548406494287
22,Louisiana,1743,3416,2743,2156,4136,883,2016,0.3378561736770692,0.6621438263229308,0.4400898142478057,0.5599101857521943,0.1759314604502889,0.824068539549711
23,Maine,3315,6558,3962,5688,8247,1527,2016,0.33576420540869034,0.6642357945913097,0.5894300518134715,0.4105699481865285,0.15623081645181092,0.8437691835481891
24,Maryland,5588,12647,7759,9323,15432,2131,2016,0.30644365231697285,0.6935563476830271,0.5457791827654841,0.45422081723451585,0.1213346239252975,0.8786653760747025
25,Massachusetts,2853,5347,2944,4788,6913,1048,2016,0.34792682926829266,0.6520731707317073,0.619244697361614,0.3807553026383859,0.13164175354854918,0.8683582464514509
26,Michigan,4091,7777,4950,6489,9689,1979,2016,0.34470845972362657,0.6552915402763735,0.5672698662470496,0.43273013375295044,0.16960918752142612,0.8303908124785738
27,Minnesota,4923,11677,5823,10116,14037,2214,2016,0.296566265060241,0.703433734939759,0.6346696781479391,0.365330321852061,0.13623776998338563,0.8637622300166143
28,Mississippi,1456,3516,3263,1552,4071,904,2016,0.2928399034593725,0.7071600965406275,0.3223260643821391,0.6776739356178608,0.18170854271356784,0.8182914572864322
29,Missouri,2162,4845,3741,3062,5636,1285,2016,0.30854859426288,0.69145140573712,0.4500955460826106,0.5499044539173894,0.18566681115445746,0.8143331888455425
30,Montana,1640,4240,2720,3010,4879,951,2016,0.2789115646258503,0.7210884353741497,0.525305410122164,0.47469458987783597,0.16312178387650086,0.8368782161234991
31,Nebraska,4224,10811,6389,8245,12599,2191,2016,0.2809444629198537,0.7190555370801464,0.5634139674730081,0.43658603252699196,0.14814063556457066,0.8518593644354293
32,Nevada,1483,2791,1886,2246,3578,641,2016,0.34698175011698645,0.6530182498830136,0.5435624394966118,0.4564375605033882,0.15193173737852572,0.8480682626214743
33,New Hampshire,1884,4454,2350,3748,5370,842,2016,0.29725465446513094,0.702745345534869,0.6146277468022302,0.38537225319776974,0.13554410817772053,0.8644558918222794
34,New Jersey,2131,5375,3158,3959,6321,977,2016,0.28390620836664004,0.71609379163336,0.5562737108332162,0.44372628916678375,0.13387229377911758,0.8661277062208824
35,New Mexico,1849,4105,3093,2630,4970,838,2016,0.31054753107154853,0.6894524689284515,0.45954918748907914,0.5404508125109209,0.14428374655647383,0.8557162534435262
36,New York,10926,22579,13695,17893,26997,5228,2016,0.32610058200268616,0.6738994179973138,0.5664492845384324,0.4335507154615677,0.1622342901474011,0.8377657098525989
37,North Carolina,1986,4460,3265,2834,5267,1078,2016,0.3080980452994105,0.6919019547005895,0.4646663387440564,0.5353336612559436,0.16989755713159968,0.8301024428684003
38,North Dakota,1553,4100,2218,3260,4704,838,2016,0.2747213868742261,0.7252786131257739,0.5951077035414385,0.4048922964585615,0.15120894983760375,0.8487910501623962
39,Ohio,3671,8532,6247,5596,9830,2169,2016,0.300827665328198,0.6991723346718021,0.472515409946804,0.527484590053196,0.18076506375531295,0.819234936244687
40,Oklahoma,2054,4727,4134,2292,5680,1010,2016,0.302905176227695,0.6970948237723049,0.3566760037348273,0.6433239962651728,0.15097159940209268,0.8490284005979073
41,Oregon,2073,3256,1934,3029,4410,717,2016,0.38900356539688496,0.610996434603115,0.6103163409228289,0.38968365907717106,0.1398478642480983,0.8601521357519017
42,Pennsylvania,2462,4267,2636,3876,5554,1045,2016,0.3658790310595928,0.6341209689404071,0.5952088452088452,0.4047911547911548,0.15835732686770723,0.8416426731322928
44,Rhode Island,1785,3589,1990,3152,4531,730,2016,0.33215481950130255,0.6678451804986975,0.6129910540645663,0.38700894593543367,0.13875689032503327,0.8612431096749668
45,South Carolina,3561,7479,5862,4749,9151,1703,2016,0.32255434782608694,0.6774456521739131,0.4475544246536613,0.5524455753463388,0.15690068177630367,0.8430993182236963
46,South Dakota,1480,4204,2577,2935,4762,861,2016,0.2603800140745954,0.7396199859254047,0.5324746008708273,0.46752539912917274,0.15312110972790324,0.8468788902720967
47,Tennessee,1991,4047,3505,2277,4726,1178,2016,0.3297449486584962,0.6702550513415038,0.3938083708059495,0.6061916291940505,0.19952574525745256,0.8004742547425474
48,Texas,3283,8186,5818,5121,9712,1459,2016,0.2862498910105502,0.7137501089894498,0.4681415120212085,0.5318584879787914,0.13060603347954525,0.8693939665204548
49,Utah,3891,6938,7698,2785,9834,807,2016,0.3593129559516114,0.6406870440483886,0.26566822474482493,0.734331775255175,0.07583873696081195,0.924161263039188
50,Vermont,2141,4312,2289,3921,5421,906,2016,0.3317836665117,0.6682163334883,0.6314009661835749,0.3685990338164251,0.14319582740635373,0.8568041725936463
51,Virginia,2612,6250,4211,4355,7465,1262,2016,0.2947415933197924,0.7052584066802077,0.5084053233714686,0.4915946766285314,0.14460868568809443,0.8553913143119056
53,Washington,4815,9268,5636,7987,12229,1603,2016,0.3419015834694312,0.6580984165305688,0.5862878954708948,0.4137121045291052,0.11589068825910931,0.8841093117408907
54,West Virginia,2362,4676,4493,2419,5492,1523,2016,0.33560670645069623,0.6643932935493038,0.3499710648148148,0.6500289351851852,0.21710620099786174,0.7828937990021383
55,Wisconsin,1683,3545,1727,3185,4242,738,2016,0.321920428462127,0.678079571537873,0.6484120521172638,0.3515879478827362,0.14819277108433734,0.8518072289156626
56,Wyoming,1207,3232,2171,2170,3769,624,2016,0.2719080874070737,0.7280919125929264,0.4998848191660908,0.5001151808339093,0.14204416116549054,0.8579558388345094
66,Guam,472,1095,882,617,1224,299,2016,0.30121250797702614,0.6987874920229739,0.41160773849232823,0.5883922615076718,0.1963230466185161,0.8036769533814839
72,Puerto Rico,1297,4416,4247,1347,5235,495,2016,0.22702608086819534,0.7729739191318047,0.24079370754379692,0.7592062924562031,0.08638743455497382,0.9136125654450262
1,Alabama,2579,5206,4805,2692,6260,1393,2015,0.33127809890815674,0.6687219010918433,0.35907696411898093,0.6409230358810191,0.1820201228276493,0.8179798771723508
2,Alaska,1196,2372,1628,1838,2912,639,2015,0.3352017937219731,0.6647982062780269,0.5302942873629544,0.4697057126370456,0.17994931005350606,0.820050689946494
4,Arizona,2366,5425,3776,3654,6709,889,2015,0.3036837376460018,0.6963162623539982,0.4917900403768506,0.5082099596231494,0.11700447486180574,0.8829955251381942
5,Arkansas,1545,3574,3388,1577,4196,846,2015,0.30181676108614963,0.6981832389138504,0.3176233635448137,0.6823766364551863,0.16779055930186434,0.8322094406981356
6,California,4477,8022,5103,6402,10073,1295,2015,0.3581886550924074,0.6418113449075926,0.5564537157757496,0.44354628422425035,0.11391625615763547,0.8860837438423645
8,Colorado,4322,8977,5174,6965,10682,1673,2015,0.3249868411158734,0.6750131588841266,0.5737704918032787,0.4262295081967213,0.13541076487252124,0.8645892351274788
9,Connecticut,3789,7943,4224,6764,9984,1309,2015,0.322962836685987,0.677037163314013,0.6155806334182745,0.38441936658172554,0.11591251217568405,0.8840874878243159
10,Delaware,1154,2844,1946,1904,3319,612,2015,0.28864432216108055,0.7113556778389195,0.49454545454545457,0.5054545454545455,0.15568557618926482,0.8443144238107352
11,District of Columbia,1109,2804,1491,2202,3294,488,2015,0.28341426015844623,0.7165857398415538,0.5962632006498781,0.40373679935012186,0.12903225806451613,0.8709677419354839
12,Florida,2894,6607,4233,4793,8035,1218,2015,0.3045995158404379,0.6954004841595621,0.5310214934633282,0.46897850653667184,0.13163298389711445,0.8683670161028856
13,Georgia,1352,3225,2498,1904,3798,663,2015,0.29538999344548833,0.7046100065545117,0.4325306678782372,0.5674693321217629,0.14862138533960995,0.85137861466039
15,Hawaii,2037,5085,3295,3501,6035,857,2015,0.2860151642796967,0.7139848357203032,0.5151559741024132,0.4848440258975868,0.12434706906558328,0.8756529309344168
16,Idaho,1860,3840,3178,2365,4910,707,2015,0.3263157894736842,0.6736842105263158,0.42666426123038065,0.5733357387696193,0.12586790101477657,0.8741320989852235
17,Illinois,1888,3346,2206,2890,4460,677,2015,0.3607183798242262,0.6392816201757738,0.5671114599686028,0.43288854003139715,0.1317889818960483,0.8682110181039517
18,Indiana,1939,4011,3146,2613,4929,917,2015,0.32588235294117646,0.6741176470588235,0.45372460496614,0.54627539503386,0.15685939103660623,0.8431406089633938
19,Iowa,1687,4442,2768,3169,5154,867,2015,0.27524881709903737,0.7247511829009626,0.5337712649486273,0.46622873505137274,0.1439960139511709,0.8560039860488291
20,Kansas,6212,16644,10956,10594,18712,3343,2015,0.2717885894294715,0.7282114105705285,0.49160092807424594,0.5083990719257541,0.15157560643844933,0.8484243935615506
21,Kentucky,2787,5864,5625,2699,6743,1793,2015,0.32215928794359033,0.6778407120564096,0.3242431523306103,0.6757568476693897,0.21005154639175258,0.7899484536082474
22,Louisiana,1529,3102,2507,1845,3684,799,2015,0.33016627078384797,0.669833729216152,0.42394301470588236,0.5760569852941176,0.1782288645995985,0.8217711354004015
23,Maine,2908,5996,3766,4937,7523,1303,2015,0.3265947888589398,0.6734052111410602,0.5672756520739974,0.4327243479260025,0.1476319963743485,0.8523680036256515
24,Maryland,3577,8805,5594,6204,10623,1396,2015,0.2888870941689549,0.711112905831045,0.5258518392947957,0.47414816070520427,0.11614943006905733,0.8838505699309427
25,Massachusetts,3149,5935,3433,5035,7520,1221,2015,0.34665345662703656,0.6533465433729635,0.5945914029286726,0.40540859707132737,0.13968653472142775,0.8603134652785722
26,Michigan,3000,5834,3731,4794,7192,1460,2015,0.3395970115462984,0.6604029884537016,0.5623460410557185,0.43765395894428155,0.1687471104946833,0.8312528895053167
27,Minnesota,4725,11805,6153,9842,14034,2293,2015,0.28584392014519056,0.7141560798548094,0.6153172866520787,0.3846827133479212,0.14044221228639678,0.8595577877136032
28,Mississippi,1642,4287,4054,1688,4857,998,2015,0.2769438353853938,0.7230561646146062,0.2939742250087078,0.7060257749912923,0.1704526046114432,0.8295473953885568
29,Missouri,2201,4989,3948,3053,5782,1349,2015,0.30611961057023646,0.6938803894297636,0.43608055992001143,0.5639194400799886,0.189174028887954,0.810825971112046
30,Montana,1639,4321,2685,3103,4964,934,2015,0.275,0.725,0.5361091914305459,0.463890808569454,0.15835876568328247,0.8416412343167176
31,Nebraska,4588,12781,7638,9177,14595,2484,2015,0.26414877079854915,0.7358512292014509,0.5457627118644067,0.4542372881355932,0.14544177059546812,0.8545582294045319
32,Nevada,986,1885,1320,1479,2405,446,2015,0.3434343434343434,0.6565656565656566,0.5284030010718114,0.4715969989281886,0.156436338126973,0.843563661873027
33,New Hampshire,2007,4893,2606,4039,5893,873,2015,0.2908695652173913,0.7091304347826087,0.6078254326561324,0.3921745673438676,0.12902749039314218,0.8709725096068578
34,New Jersey,3200,8032,4713,5977,9511,1448,2015,0.2849002849002849,0.7150997150997151,0.5591206735266604,0.44087932647333955,0.13212884387261611,0.8678711561273839
35,New Mexico,2062,4589,3564,2791,5491,956,2015,0.310028567132762,0.689971432867238,0.43918174665617626,0.5608182533438237,0.14828602450752287,0.8517139754924771
36,New York,4015,8021,5100,6311,10109,1574,2015,0.33358258557660353,0.6664174144233965,0.5530628341074402,0.44693716589255983,0.13472566977659847,0.8652743302234015
37,North Carolina,1970,4638,3478,2809,5411,1088,2015,0.2981234866828087,0.7018765133171913,0.4467949737553682,0.5532050262446317,0.16741037082628096,0.832589629173719
38,North Dakota,1363,3519,1997,2747,4098,725,2015,0.2791888570258091,0.7208111429741909,0.5790472175379426,0.42095278246205736,0.15032137673647109,0.8496786232635289
39,Ohio,3558,8143,6229,5124,9593,1929,2015,0.30407657465173915,0.6959234253482608,0.4513344490443055,0.5486655509556946,0.167418850893942,0.832581149106058
40,Oklahoma,2025,4816,4291,2343,5605,1148,2015,0.2960093553574039,0.7039906446425961,0.35318058486584264,0.6468194151341574,0.16999851917666223,0.8300014808233378
41,Oregon,1936,3304,2051,2936,4403,716,2015,0.36946564885496186,0.6305343511450382,0.5887306998195307,0.4112693001804692,0.1398710685680797,0.8601289314319203
42,Pennsylvania,1897,3749,2470,2926,4623,908,2015,0.33599008147360965,0.6640099185263904,0.5422535211267606,0.45774647887323944,0.16416561200506238,0.8358343879949376
44,Rhode Island,1960,4107,2377,3450,5141,778,2015,0.32305917257293554,0.6769408274270644,0.592071391796808,0.40792860820319204,0.13144112181111675,0.8685588781888832
45,South Carolina,3602,7746,6187,4834,9435,1791,2015,0.3174127599577018,0.6825872400422982,0.43861718537337807,0.5613828146266219,0.15954035275253875,0.8404596472474613
46,South Dakota,1792,5327,3347,3616,5964,1114,2015,0.25172074729596855,0.7482792527040315,0.5193163866149648,0.4806836133850352,0.15738909296411416,0.8426109070358858
47,Tennessee,1842,4024,3718,1878,4604,1105,2015,0.31401295601772927,0.6859870439822707,0.33559685489635455,0.6644031451036455,0.1935540374846733,0.8064459625153266
48,Texas,3943,10420,7669,5962,12099,1817,2015,0.2745248207199053,0.7254751792800946,0.4373853715794879,0.562614628420512,0.13056912906007473,0.8694308709399252
49,Utah,4079,7167,7918,2975,10145,885,2015,0.36270674017428417,0.6372932598257158,0.27311117231249427,0.7268888276875057,0.08023572076155938,0.9197642792384406
50,Vermont,1962,4430,2405,3765,5399,890,2015,0.3069461827284105,0.6930538172715894,0.6102106969205835,0.3897893030794165,0.14151693432978216,0.8584830656702178
51,Virginia,2327,6169,4021,4210,7124,1247,2015,0.2738935969868173,0.7261064030131826,0.5114809865143968,0.4885190134856032,0.14896667064866803,0.851033329351332
53,Washington,5236,10650,6426,8880,13718,1843,2015,0.3295983885181921,0.6704016114818079,0.5801646413171305,0.4198353586828695,0.11843711843711843,0.8815628815628815
54,West Virginia,1880,3982,3843,1862,4497,1336,2015,0.3207096554077107,0.6792903445922893,0.3263803680981595,0.6736196319018405,0.22904165952340133,0.7709583404765986
55,Wisconsin,1975,4160,2198,3695,5014,948,2015,0.32192339038304807,0.6780766096169519,0.6270151026641778,0.3729848973358222,0.1590070446159007,0.8409929553840993
56,Wyoming,1505,3893,2674,2537,4508,773,2015,0.2788069655427936,0.7211930344572064,0.48685473037804644,0.5131452696219536,0.14637379284226473,0.8536262071577353
66,Guam,520,1143,896,688,1247,358,2015,0.3126879134095009,0.6873120865904991,0.43434343434343436,0.5656565656565656,0.22305295950155762,0.7769470404984423
72,Puerto Rico,1179,4183,4013,1225,4869,462,2015,0.21988064155165982,0.7801193584483401,0.23386788850706378,0.7661321114929363,0.08666291502532358,0.9133370849746765
1,Alabama,2906,5568,5415,2793,6878,1490,2014,0.34293131932971443,0.6570686806702856,0.3402777777777778,0.6597222222222222,0.17805927342256214,0.8219407265774379
2,Alaska,1358,2933,1798,2328,3477,749,2014,0.3164763458401305,0.6835236541598695,0.5642268540959767,0.4357731459040233,0.17723615712257454,0.8227638428774254
4,Arizona,4180,10453,6823,6928,12191,1811,2014,0.2856557096972596,0.7143442903027404,0.5038179041524253,0.4961820958475747,0.12933866590487073,0.8706613340951292
5,Arkansas,1559,3566,3253,1592,4008,917,2014,0.3041951219512195,0.6958048780487804,0.3285861713106295,0.6714138286893705,0.18619289340101522,0.8138071065989848
6,California,2987,5771,3144,4099,7233,962,2014,0.34105960264900664,0.6589403973509934,0.5659257213861659,0.434074278613834,0.11738865161683953,0.8826113483831605
8,Colorado,4134,9053,4932,7182,10667,1586,2014,0.31349055888374916,0.6865094411162509,0.5928677563150074,0.40713224368499257,0.1294376887292908,0.8705623112707093
9,Connecticut,2428,5410,2767,4542,6550,897,2014,0.309772901250319,0.690227098749681,0.6214256396223834,0.37857436037761666,0.12045118839801262,0.8795488116019874
10,Delaware,1162,3041,2058,2031,3493,655,2014,0.2764691886747561,0.7235308113252439,0.4966984592809978,0.5033015407190022,0.15790742526518806,0.8420925747348119
11,District of Columbia,1099,2894,1468,2277,3348,484,2014,0.27523165539694466,0.7247683446030554,0.6080106809078771,0.3919893190921228,0.12630480167014613,0.8736951983298539
12,Florida,2773,6771,4129,4853,7936,1271,2014,0.2905490360435876,0.7094509639564124,0.5403028278779782,0.4596971721220218,0.13804713804713806,0.8619528619528619
13,Georgia,1974,4267,3315,2525,5109,843,2014,0.3162954654702772,0.6837045345297228,0.4323630136986301,0.5676369863013698,0.14163306451612903,0.858366935483871
15,Hawaii,2017,5176,3345,3477,5965,925,2014,0.2804115111914361,0.7195884888085639,0.509674582233949,0.490325417766051,0.13425253991291727,0.8657474600870827
16,Idaho,1744,3622,2915,2271,4504,753,2014,0.3250093179276929,0.6749906820723072,0.4379097570381797,0.5620902429618203,0.14323758797793418,0.8567624120220658
17,Illinois,1732,3279,2009,2789,4193,651,2014,0.3456395928956296,0.6543604071043704,0.5812838682784494,0.41871613172155064,0.13439306358381503,0.865606936416185
18,Indiana,3657,7599,6015,4790,9048,1930,2014,0.32489339019189767,0.6751066098081023,0.44331328088847755,0.5566867191115225,0.17580615777008562,0.8241938422299143
19,Iowa,2196,5811,3517,4148,6586,1165,2014,0.2742600224803297,0.7257399775196703,0.5411611219830398,0.4588388780169602,0.15030318668558895,0.849696813314411
20,Kansas,3650,9850,6645,6320,11127,2036,2014,0.27037037037037037,0.7296296296296296,0.4874662553027381,0.5125337446972619,0.1546759857175416,0.8453240142824584
21,Kentucky,3417,7605,7373,3028,8489,2278,2014,0.31001633097441483,0.6899836690255852,0.2911258532833381,0.7088741467166618,0.21157239713940745,0.7884276028605925
22,Louisiana,2115,4529,3473,2906,5195,1319,2014,0.3183323299217339,0.6816676700782661,0.4555572973820348,0.5444427026179652,0.20248695118206939,0.7975130488179306
23,Maine,2983,5963,3757,4949,7486,1322,2014,0.333445115135256,0.666554884864744,0.5684585343441305,0.43154146565586954,0.15009082652134423,0.8499091734786558
24,Maryland,3672,8686,5713,6121,10701,1425,2014,0.2971354588121055,0.7028645411878944,0.5172384654385669,0.48276153456143317,0.11751608114794657,0.8824839188520535
25,Massachusetts,4915,10416,5831,8459,12774,1912,2014,0.32059226404018004,0.67940773595982,0.5919524142757173,0.40804758572428274,0.1301920196105134,0.8698079803894866
26,Michigan,2749,5587,3637,4516,6936,1295,2014,0.32977447216890593,0.670225527831094,0.5539065374708696,0.4460934625291304,0.1573320374195116,0.8426679625804884
27,Minnesota,4638,11551,5908,9634,13531,2311,2014,0.28649082710482426,0.7135091728951758,0.6198687427615494,0.38013125723845065,0.14587804570130034,0.8541219542986996
28,Mississippi,1131,2993,2734,1264,3369,704,2014,0.27424830261881666,0.7257516973811833,0.31615807903951976,0.6838419209604802,0.1728455683771176,0.8271544316228824
29,Missouri,2049,4921,4056,2716,5612,1220,2014,0.293974175035868,0.706025824964132,0.4010632014176019,0.5989367985823981,0.17857142857142858,0.8214285714285714
30,Montana,2078,5283,3316,3849,6088,1211,2014,0.282298600733596,0.717701399266404,0.5371946964410328,0.4628053035589672,0.1659131387861351,0.8340868612138649
31,Nebraska,5764,16368,9559,11888,18480,3249,2014,0.26043737574552683,0.7395626242544732,0.5542966382244603,0.4457033617755397,0.14952367803396382,0.8504763219660362
32,Nevada,1230,2458,1654,1900,3088,563,2014,0.3335140997830803,0.6664859002169198,0.5346088913899831,0.46539110861001687,0.15420432758148453,0.8457956724185155
33,New Hampshire,1768,4323,2327,3437,5003,852,2014,0.2902643244130685,0.7097356755869315,0.5962873004857737,0.4037126995142262,0.14551665243381726,0.8544833475661827
34,New Jersey,3795,9000,5206,6753,10516,1678,2014,0.2966002344665885,0.7033997655334114,0.5646793210134626,0.4353206789865373,0.1376086599967197,0.8623913400032803
35,New Mexico,2626,6206,4589,3665,7043,1322,2014,0.2973278985507246,0.7026721014492754,0.4440271383571602,0.5559728616428399,0.1580394500896593,0.8419605499103407
36,New York,2200,4473,2791,3470,5573,835,2014,0.32968679754233476,0.6703132024576652,0.5542245647660118,0.44577543523398816,0.13030586766541824,0.8696941323345818
37,North Carolina,2068,5114,3882,2922,5817,1165,2014,0.2879420774157616,0.7120579225842384,0.4294532627865961,0.5705467372134039,0.16685763391578345,0.8331423660842165
38,North Dakota,2034,5601,3154,4200,6336,1163,2014,0.26640471512770136,0.7335952848722986,0.5711177590426979,0.42888224095730215,0.15508734497933058,0.8449126550206694
39,Ohio,3504,7204,5674,4813,8782,1834,2014,0.32723197609264104,0.672768023907359,0.45894917516925715,0.5410508248307428,0.17275810097965336,0.8272418990203466
40,Oklahoma,2538,5800,5102,2962,6767,1427,2014,0.3043895418565603,0.6956104581434397,0.36731150793650796,0.6326884920634921,0.17415181840371002,0.8258481815962899
41,Oregon,1824,3313,2010,2877,4301,667,2014,0.3550710531438583,0.6449289468561418,0.5887047268262738,0.4112952731737262,0.13425925925925927,0.8657407407407407
42,Pennsylvania,3461,7283,4994,5335,8680,1809,2014,0.32213328369322414,0.6778667163067759,0.516506922257721,0.483493077742279,0.17246639336447708,0.8275336066355229
44,Rhode Island,1947,4396,2295,3654,5275,822,2014,0.3069525461138263,0.6930474538861737,0.6142208774583964,0.3857791225416036,0.1348204034771199,0.8651795965228801
45,South Carolina,3393,7406,5921,4540,8806,1829,2014,0.3141957588665617,0.6858042411334383,0.43399292610649076,0.5660070738935092,0.17197931358721202,0.8280206864127879
46,South Dakota,1772,5532,3309,3733,6016,1170,2014,0.24260679079956188,0.7573932092004381,0.5301050837830162,0.4698949162169838,0.16281658780962985,0.8371834121903702
47,Tennessee,1555,3477,3141,1626,3882,969,2014,0.30902225755166934,0.6909777424483307,0.3410950283196979,0.658904971680302,0.1997526283240569,0.8002473716759431
48,Texas,3993,11016,7631,6511,12688,1848,2014,0.26604037577453526,0.7339596242254647,0.4604016405034649,0.5395983594965351,0.1271326362135388,0.8728673637864612
49,Utah,5187,9665,10388,3946,13246,1213,2014,0.3492458928090493,0.6507541071909507,0.2752895214176085,0.7247104785823916,0.08389238536551628,0.9161076146344838
50,Vermont,2044,4357,2171,3897,5301,867,2014,0.3193251054522731,0.6806748945477269,0.6422214897824654,0.3577785102175346,0.14056420233463035,0.8594357976653697
51,Virginia,2467,6845,4552,4406,7643,1457,2014,0.2649269759450172,0.7350730240549829,0.4918508595668676,0.5081491404331324,0.1601098901098901,0.8398901098901099
53,Washington,3254,6710,3891,5751,8586,1141,2014,0.32657567242071456,0.6734243275792854,0.5964530180460486,0.40354698195395144,0.11730235427161509,0.8826976457283849
54,West Virginia,1948,4149,4130,1863,4719,1367,2014,0.3195013941282598,0.6804986058717402,0.3108626731186384,0.6891373268813615,0.22461386789352614,0.7753861321064739
55,Wisconsin,2169,4826,2469,4174,5714,1013,2014,0.3100786275911365,0.6899213724088634,0.628330573536053,0.371669426463947,0.15058718596699866,0.8494128140330013
56,Wyoming,1671,4633,3200,2773,5203,875,2014,0.2650697969543147,0.7349302030456852,0.46425581784697806,0.5357441821530219,0.14396182954919381,0.8560381704508062
66,Guam,798,1699,1298,1029,1801,569,2014,0.3195835002002403,0.6804164997997597,0.44220025784271594,0.557799742157284,0.240084388185654,0.759915611814346
72,Puerto Rico,1258,4679,4395,1412,5369,538,2014,0.21189152770759642,0.7881084722924036,0.24315481315653523,0.7568451868434648,0.09107838158117487,0.9089216184188251
1,Alabama,2131,4203,4179,2081,5281,1102,2013,0.3364382696558257,0.6635617303441743,0.33242811501597447,0.6675718849840255,0.17264609117969607,0.8273539088203039
2,Alaska,1426,3079,1991,2404,3553,923,2013,0.3165371809100999,0.6834628190899001,0.5469852104664391,0.4530147895335609,0.20621090259159963,0.7937890974084003
4,Arizona,1314,2866,1997,2037,3489,622,2013,0.31435406698564594,0.6856459330143541,0.5049578582052553,0.49504214179474465,0.1513013865239601,0.8486986134760399
5,Arkansas,1616,3523,3380,1672,4096,1005,2013,0.3144580657715509,0.6855419342284491,0.3309580364212193,0.6690419635787807,0.1970201921191923,0.8029798078808077
6,California,4090,7320,4255,5700,9399,1223,2013,0.3584574934268186,0.6415425065731815,0.5725765946760422,0.4274234053239578,0.11513839201656939,0.8848616079834306
8,Colorado,4262,9191,5075,7535,10943,1831,2013,0.3168066602244852,0.6831933397755148,0.5975416336241078,0.40245836637589216,0.1433380303741976,0.8566619696258024
9,Connecticut,2456,5136,2883,4463,6421,1058,2013,0.32349841938883034,0.6765015806111696,0.6075415191941193,0.39245848080588075,0.14146276240139055,0.8585372375986094
10,Delaware,1573,3561,2295,2672,4210,842,2013,0.30638878067783404,0.693611219322166,0.5379504731226092,0.46204952687739076,0.16666666666666666,0.8333333333333334
11,District of Columbia,1405,3427,1771,2810,4071,631,2013,0.2907698675496689,0.7092301324503312,0.6134031870770574,0.38659681292294257,0.13419821352615907,0.8658017864738409
12,Florida,10129,23098,17248,15104,27644,5384,2013,0.30484244740722904,0.6951575525927709,0.466864490603363,0.533135509396637,0.16301320092043114,0.8369867990795689
13,Georgia,2383,5599,4323,3272,6545,1180,2013,0.29854673014282135,0.7014532698571787,0.43080974325213955,0.5691902567478604,0.15275080906148866,0.8472491909385114
15,Hawaii,2121,5662,3730,3855,6695,981,2013,0.27251702428369523,0.7274829757163047,0.5082399472643375,0.4917600527356625,0.1278009379885357,0.8721990620114644
16,Idaho,1823,3700,3030,2409,4700,791,2013,0.3300742350172008,0.6699257649827992,0.4429123000551572,0.5570876999448428,0.14405390639227827,0.8559460936077218
17,Illinois,1904,3660,2469,2998,4687,839,2013,0.3421998562185478,0.6578001437814522,0.5483811962685202,0.4516188037314798,0.15182772348896129,0.8481722765110388
18,Indiana,3253,6835,5488,4406,8198,1870,2013,0.32246233148295006,0.67753766851705,0.44532039619971703,0.554679603800283,0.18573698847834724,0.8142630115216528
19,Iowa,2139,5919,3752,4144,6757,1226,2013,0.2654504839910648,0.7345495160089353,0.524822695035461,0.475177304964539,0.1535763497432043,0.8464236502567957
20,Kansas,6341,16631,11601,10865,19026,3865,2013,0.27603169075396133,0.7239683092460386,0.48361969197899046,0.5163803080210095,0.16884365034292953,0.8311563496570704
21,Kentucky,3734,7117,7146,3183,8202,2382,2013,0.3441157497004884,0.6558842502995116,0.3081614870752251,0.6918385129247749,0.22505668934240364,0.7749433106575964
22,Louisiana,1557,3590,2906,2136,4268,894,2013,0.3025063143578784,0.6974936856421217,0.42364141213804046,0.5763585878619596,0.1731886865555986,0.8268113134444014
23,Maine,2556,5394,3421,4447,6707,1255,2013,0.32150943396226417,0.6784905660377358,0.565200813421454,0.434799186578546,0.15762371263501632,0.8423762873649837
24,Maryland,3794,8985,5982,6384,10912,1681,2013,0.29689334063698253,0.7031066593630174,0.5162542455118875,0.4837457544881126,0.1334868577781307,0.8665131422218693
25,Massachusetts,5097,9695,5728,8330,12092,2182,2013,0.3445781503515414,0.6554218496484586,0.5925451700099588,0.40745482999004123,0.15286534958666106,0.8471346504133389
26,Michigan,4171,8430,5465,6881,10366,2153,2013,0.3310054757558924,0.6689945242441077,0.5573465089907662,0.44265349100923373,0.1719785925393402,0.8280214074606598
27,Minnesota,4067,10091,5015,8548,11792,2002,2013,0.28725808730046615,0.7127419126995338,0.6302440463024405,0.36975595369755954,0.14513556618819776,0.8548644338118022
28,Mississippi,2117,5181,4961,2147,5888,1355,2013,0.2900794738284462,0.7099205261715539,0.30205402363534045,0.6979459763646595,0.18707717796493165,0.8129228220350684
29,Missouri,2127,4901,4100,2799,5605,1383,2013,0.3026465566306204,0.6973534433693797,0.40571097260472533,0.5942890273952747,0.1979107040641099,0.8020892959358901
30,Montana,2912,6654,4147,5214,7851,1675,2013,0.30441145724440727,0.6955885427555927,0.5569917743830788,0.44300822561692127,0.17583455805164813,0.8241654419483518
31,Nebraska,4516,12373,7731,8782,14134,2553,2013,0.2673929776777784,0.7326070223222215,0.5318234118573245,0.4681765881426755,0.15299334811529933,0.8470066518847007
32,Nevada,1662,3341,2160,2732,4096,888,2013,0.33220067959224464,0.6677993204077554,0.5584627964022895,0.44153720359771054,0.1781701444622793,0.8218298555377207
33,New Hampshire,1891,4487,2400,3779,5444,847,2013,0.2964879272499216,0.7035120727500784,0.6115876355397314,0.38841236446026867,0.13463678270545223,0.8653632172945478
34,New Jersey,3991,9005,5247,7085,10672,1918,2013,0.30709449061249616,0.6929055093875038,0.5745215698994486,0.4254784301005514,0.1523431294678316,0.8476568705321684
35,New Mexico,2800,6364,4840,4090,7553,1543,2013,0.30554343081623747,0.6944565691837625,0.458006718924972,0.541993281075028,0.16963500439753737,0.8303649956024626
36,New York,2912,5818,3768,4681,7465,1194,2013,0.3335624284077892,0.6664375715922107,0.5540300627293171,0.4459699372706829,0.13789121145628824,0.8621087885437118
37,North Carolina,2507,6195,5139,3317,7155,1543,2013,0.28809469087566075,0.7119053091243392,0.3922658467360454,0.6077341532639546,0.1773971027822488,0.8226028972177513
38,North Dakota,2111,5506,3168,4337,6319,1336,2013,0.2771432322436655,0.7228567677563346,0.5778814123917388,0.42211858760826115,0.17452645329849772,0.8254735467015023
39,Ohio,3620,8131,5830,5497,9119,2371,2013,0.30805888860522507,0.6919411113947749,0.4853006091639446,0.5146993908360554,0.2063533507397737,0.7936466492602263
40,Oklahoma,2502,5612,5100,2939,6566,1567,2013,0.3083559280256347,0.6916440719743653,0.3655927354148526,0.6344072645851474,0.19267183081273823,0.8073281691872618
41,Oregon,2149,3712,2246,3410,4984,800,2013,0.36666097935505887,0.6333390206449412,0.6028995756718529,0.39710042432814713,0.13831258644536654,0.8616874135546335
42,Pennsylvania,3683,7510,5321,5601,9106,2003,2013,0.32904493880103636,0.6709550611989636,0.512818165171214,0.4871818348287859,0.1803042578089837,0.8196957421910163
44,Rhode Island,2058,4370,2421,3704,5337,909,2013,0.32016179215930307,0.6798382078406969,0.604734693877551,0.395265306122449,0.14553314121037464,0.8544668587896254
45,South Carolina,3218,7283,5745,4559,8687,1794,2013,0.30644700504713834,0.6935529949528616,0.4424495341614907,0.5575504658385093,0.1711668733899437,0.8288331266100563
46,South Dakota,1717,5101,3057,3584,5562,1207,2013,0.25183338222352597,0.7481666177764741,0.5396777593735883,0.4603222406264117,0.1783128970305806,0.8216871029694194
47,Tennessee,1622,4081,3666,1680,4292,1175,2013,0.28441171313343855,0.7155882868665615,0.31425364758698093,0.6857463524130191,0.21492591915127127,0.7850740808487288
48,Texas,2805,7799,5687,4638,9129,1465,2013,0.2645228215767635,0.7354771784232366,0.4492009685230024,0.5507990314769976,0.13828582216348878,0.8617141778365113
49,Utah,4544,8047,8965,3376,11349,1102,2013,0.36089270113573185,0.6391072988642681,0.27355967911838586,0.7264403208816141,0.08850694723315396,0.911493052766846
50,Vermont,2004,4299,2387,3782,5362,879,2013,0.3179438362684436,0.6820561637315564,0.6130653266331658,0.3869346733668342,0.14084281365165838,0.8591571863483416
51,Virginia,2403,5908,3925,4013,6698,1393,2013,0.28913488148237276,0.7108651185176272,0.5055429579239104,0.4944570420760897,0.17216660486960822,0.8278333951303918
53,Washington,3742,7276,4527,6344,9569,1427,2013,0.33962606643673987,0.6603739335632601,0.5835709686321405,0.41642903136785947,0.12977446344125138,0.8702255365587487
54,West Virginia,1835,3963,3948,1810,4453,1388,2013,0.3164884442911349,0.6835115557088651,0.31434525877040637,0.6856547412295936,0.23763054271528847,0.7623694572847115
55,Wisconsin,2096,4429,2350,3812,5183,1066,2013,0.32122605363984674,0.6787739463601532,0.6186303148328465,0.3813696851671535,0.17058729396703473,0.8294127060329652
56,Wyoming,1744,4612,3246,2980,5342,973,2013,0.27438640654499685,0.7256135934550031,0.47863796980404755,0.5213620301959525,0.15407759303246238,0.8459224069675376
66,Guam,616,1263,1061,736,1401,434,2013,0.32783395423097395,0.672166045769026,0.4095715080690039,0.5904284919309961,0.23651226158038147,0.7634877384196185
72,Puerto Rico,1402,4557,4344,1518,5464,502,2013,0.23527437489511663,0.7647256251048834,0.25895598771750256,0.7410440122824974,0.08414347971840429,0.9158565202815957
1,Alabama,3217,5606,5800,2863,7270,1643,2012,0.36461521024594806,0.6353847897540519,0.33048597483550735,0.6695140251644927,0.18433748457309548,0.8156625154269045
2,Alaska,1250,3005,1906,2257,3425,842,2012,0.2937720329024677,0.7062279670975323,0.5421570982464569,0.45784290175354314,0.19732833372392783,0.8026716662760722
4,Arizona,2281,4907,3522,3495,6049,1091,2012,0.3173344462993879,0.6826655537006121,0.49807610089781956,0.5019238991021804,0.15280112044817928,0.8471988795518207
5,Arkansas,1755,3305,3284,1721,4062,1017,2012,0.3468379446640316,0.6531620553359684,0.3438561438561439,0.6561438561438562,0.2002362669816893,0.7997637330183107
6,California,5223,9272,5449,7115,12911,1632,2012,0.36033114867195587,0.6396688513280442,0.5663005412289079,0.433699458771092,0.11221893694560957,0.8877810630543904
8,Colorado,3921,8180,4659,6865,9920,1737,2012,0.324022808032394,0.675977191967606,0.5957132939951406,0.40428670600485944,0.14900917903405678,0.8509908209659433
9,Connecticut,2873,5759,3194,5256,7426,1183,2012,0.3328313253012048,0.6671686746987951,0.6220118343195267,0.3779881656804734,0.13741433383668253,0.8625856661633174
10,Delaware,1581,3561,2354,2740,4291,855,2012,0.3074679113185531,0.6925320886814469,0.5378877110325874,0.46211228896741263,0.16614846482705015,0.8338515351729499
11,District of Columbia,1164,2576,1424,2217,3212,508,2012,0.31122994652406416,0.6887700534759358,0.6088986542158747,0.39110134578412525,0.13655913978494624,0.8634408602150537
12,Florida,2421,4993,3596,3727,6342,1123,2012,0.32654437550579984,0.6734556244942002,0.5089444216851018,0.49105557831489827,0.15043536503683858,0.8495646349631614
13,Georgia,1802,4194,3352,2463,4924,970,2012,0.3005336891260841,0.699466310873916,0.4235597592433362,0.5764402407566638,0.16457414319647098,0.835425856803529
15,Hawaii,2174,5326,3562,3845,6438,1057,2012,0.28986666666666666,0.7101333333333333,0.5191035506952882,0.48089644930471176,0.14102735156771182,0.8589726484322882
16,Idaho,1933,3836,3273,2457,5001,793,2012,0.3350667360027734,0.6649332639972265,0.42879581151832463,0.5712041884816754,0.1368657231618916,0.8631342768381084
17,Illinois,1923,3631,2457,3027,4734,796,2012,0.3462369463449766,0.6537630536550234,0.5519693654266958,0.44803063457330417,0.14394213381555154,0.8560578661844485
18,Indiana,3049,5413,4636,3757,6750,1761,2012,0.3603167099976365,0.6396832900023635,0.447634933873466,0.552365066126534,0.20690870637997885,0.7930912936200212
19,Iowa,1943,5129,3249,3680,5957,1058,2012,0.2747454751131222,0.7252545248868778,0.5311011689998557,0.46889883100014434,0.15081967213114755,0.8491803278688524
20,Kansas,3168,8465,6182,5398,9866,1843,2012,0.27232872002063097,0.7276712799793691,0.46614853195164074,0.5338514680483593,0.15740029037492528,0.8425997096250747
21,Kentucky,3888,7110,7370,3343,8316,2551,2012,0.353518821603928,0.646481178396072,0.31205077942686454,0.6879492205731355,0.23474740038649122,0.7652525996135088
22,Louisiana,2700,6234,5544,3253,7291,1706,2012,0.3022162525184688,0.6977837474815313,0.3697851540297829,0.6302148459702172,0.18961876180949205,0.810381238190508
23,Maine,3352,6407,4134,5574,8208,1602,2012,0.3434778153499334,0.6565221846500666,0.5741656365883807,0.4258343634116193,0.163302752293578,0.8366972477064221
24,Maryland,3715,8834,5620,6596,10752,1704,2012,0.2960395250617579,0.7039604749382421,0.5399476096922069,0.46005239030779305,0.13680154142581888,0.8631984585741811
25,Massachusetts,7228,14121,8305,12096,17479,3203,2012,0.3385638671600543,0.6614361328399456,0.5929121121513651,0.40708788784863487,0.15486896818489507,0.845131031815105
26,Michigan,3536,6842,4782,5433,8526,1835,2012,0.3407207554442089,0.6592792445557911,0.5318649045521292,0.4681350954478708,0.1771064569057041,0.822893543094296
27,Minnesota,3634,8444,4435,7270,9966,1923,2012,0.3008776287464812,0.6991223712535188,0.6211020931225972,0.3788979068774028,0.16174615190512237,0.8382538480948776
28,Mississippi,2245,5376,5303,2267,6278,1422,2012,0.2945807636793072,0.7054192363206928,0.29947159841479526,0.7005284015852048,0.1846753246753247,0.8153246753246753
29,Missouri,2040,4609,3801,2778,5309,1352,2012,0.3068130545946759,0.6931869454053241,0.4222526219790242,0.5777473780209759,0.2029725266476505,0.7970274733523495
30,Montana,2710,5824,3726,4720,7044,1520,2012,0.317553316147176,0.682446683852824,0.5588444233956903,0.4411555766043097,0.17748715553479683,0.8225128444652032
31,Nebraska,5412,13523,8550,10188,15954,3031,2012,0.28581991021917086,0.7141800897808291,0.5437079731027857,0.4562920268972142,0.1596523571240453,0.8403476428759546
32,Nevada,1658,3101,2119,2528,3927,851,2012,0.3483925194368565,0.6516074805631435,0.544006886163116,0.455993113836884,0.17810799497697782,0.8218920050230222
33,New Hampshire,2319,5105,2870,4415,6414,1007,2012,0.31236530172413796,0.6876346982758621,0.6060398078242965,0.3939601921757035,0.13569599784395633,0.8643040021560436
34,New Jersey,4574,10828,6212,8482,12724,2285,2012,0.2969744189066355,0.7030255810933645,0.57724241186879,0.42275758813121,0.15224198814044906,0.8477580118595509
35,New Mexico,2870,5804,4618,3766,7161,1466,2012,0.3308738759511183,0.6691261240488817,0.4491889312977099,0.5508110687022901,0.16993161006143503,0.830068389938565
36,New York,2135,3765,2478,3340,5045,880,2012,0.36186440677966103,0.638135593220339,0.5740804400137505,0.4259195599862496,0.14852320675105485,0.8514767932489451
37,North Carolina,3504,8178,6712,4623,9573,2154,2012,0.29994863893168977,0.7000513610683102,0.407851786501985,0.592148213498015,0.18367869020209773,0.8163213097979023
38,North Dakota,1387,3389,2020,2734,4019,798,2012,0.2904103852596315,0.7095896147403685,0.5750946571308372,0.4249053428691628,0.16566327589786173,0.8343367241021382
39,Ohio,4120,8667,6351,6113,10171,2474,2012,0.3222022366465942,0.6777977633534058,0.4904525032092426,0.5095474967907574,0.19565045472518783,0.8043495452748122
40,Oklahoma,2529,5378,4909,2948,6312,1636,2012,0.31984317693183256,0.6801568230681675,0.3752068219422171,0.6247931780577829,0.2058379466532461,0.7941620533467539
41,Oregon,1834,3362,2134,2938,4449,721,2012,0.35296381832178597,0.647036181678214,0.5792586750788643,0.42074132492113564,0.13945841392649902,0.860541586073501
42,Pennsylvania,6351,13185,9095,10176,16011,3610,2012,0.32509213759213756,0.6749078624078624,0.5280473249961082,0.4719526750038919,0.183986545028286,0.816013454971714
44,Rhode Island,1860,3531,2077,3199,4555,828,2012,0.34501947690595436,0.6549805230940456,0.606330553449583,0.39366944655041697,0.15381757384358163,0.8461824261564184
45,South Carolina,3946,8552,7114,5234,10363,2172,2012,0.3157305168827012,0.6842694831172987,0.4238743116294137,0.5761256883705863,0.17327483047467093,0.826725169525329
46,South Dakota,2006,5743,3560,4105,6334,1444,2012,0.2588721125306491,0.7411278874693509,0.5355512067840835,0.4644487932159165,0.18565183851889946,0.8143481614811006
47,Tennessee,1932,4976,4536,2082,5299,1481,2012,0.2796757382744644,0.7203242617255357,0.314596554850408,0.6854034451495921,0.21843657817109144,0.7815634218289086
48,Texas,2853,6080,4680,4099,7635,1328,2012,0.31937758871599686,0.6806224112840031,0.4669096708053309,0.5330903291946691,0.14816467700546693,0.8518353229945331
49,Utah,4266,7952,8880,3211,11153,1050,2012,0.3491569815027009,0.6508430184972991,0.2655694318087834,0.7344305681912167,0.08604441530771122,0.9139555846922888
50,Vermont,1969,4005,2207,3696,5159,798,2012,0.32959491128222296,0.670405088717777,0.6261223106894799,0.37387768931052007,0.13396004700352526,0.8660399529964747
51,Virginia,2005,5241,3397,3641,6059,1095,2012,0.2767043886282087,0.7232956113717913,0.517334470019892,0.482665529980108,0.15306122448979592,0.8469387755102041
53,Washington,5249,9875,6134,8856,13133,2040,2012,0.347064268711981,0.6529357312880191,0.5907938625750501,0.40920613742495,0.13444935082053647,0.8655506491794636
54,West Virginia,1677,3649,3790,1530,4103,1287,2012,0.3148704468644386,0.6851295531355613,0.287593984962406,0.7124060150375939,0.23877551020408164,0.7612244897959184
55,Wisconsin,1655,3582,1972,3083,4221,912,2012,0.31602062249379415,0.6839793775062059,0.609891196834817,0.390108803165183,0.1776738749269433,0.8223261250730567
56,Wyoming,1776,4401,3049,3007,5212,947,2012,0.2875182127246236,0.7124817872753764,0.49653236459709377,0.5034676354029062,0.15375872706608215,0.8462412729339178
66,Guam,560,1429,1192,733,1521,460,2012,0.2815485168426345,0.7184514831573655,0.3807792207792208,0.6192207792207792,0.23220595658758203,0.767794043412418
72,Puerto Rico,1353,4883,4455,1685,5664,618,2012,0.21696600384862091,0.7830339961513791,0.2744299674267101,0.7255700325732899,0.09837631327602674,0.9016236867239733
1,Alabama,2592,4967,4748,2417,6170,1490,2011,0.34290250033073155,0.6570974996692684,0.33733426378227493,0.6626657362177251,0.19451697127937337,0.8054830287206266
2,Alaska,1079,2343,1382,1844,2770,743,2011,0.31531268264172996,0.68468731735827,0.5716057036577805,0.4283942963422195,0.21150014232849418,0.7884998576715059
4,Arizona,2106,4305,2882,3141,5412,1023,2011,0.3284978942442677,0.6715021057557323,0.5215009131661963,0.47849908683380377,0.15897435897435896,0.841025641025641
5,Arkansas,1526,3091,2848,1495,3786,928,2011,0.33051765215507906,0.669482347844921,0.3442320976283675,0.6557679023716325,0.19686041578277472,0.8031395842172253
6,California,6449,11453,6723,9081,15933,2052,2011,0.36023907943246564,0.6397609205675343,0.5746013667425968,0.4253986332574032,0.11409507923269391,0.8859049207673061
8,Colorado,4103,9255,4919,7572,11553,1963,2011,0.3071567599940111,0.692843240005989,0.6061964614522456,0.3938035385477544,0.14523527670908554,0.8547647232909145
9,Connecticut,2246,4497,2302,4095,5834,958,2011,0.3330861634287409,0.6669138365712591,0.640143817414413,0.359856182585587,0.14104829210836278,0.8589517078916372
10,Delaware,1391,3357,2023,2599,3923,839,2011,0.29296545914069083,0.7070345408593092,0.5623106880138469,0.4376893119861532,0.1761864762704746,0.8238135237295254
11,District of Columbia,1417,3077,1526,2690,3828,690,2011,0.3153093012906097,0.6846906987093903,0.638045540796964,0.36195445920303604,0.15272244355909695,0.8472775564409031
12,Florida,3909,8113,5388,5712,10240,2080,2011,0.3251538845450008,0.6748461154549992,0.5145945945945946,0.4854054054054054,0.16883116883116883,0.8311688311688312
13,Georgia,2849,6818,5207,4005,8290,1612,2011,0.2947139753801593,0.7052860246198407,0.43475900998697353,0.5652409900130265,0.16279539486972328,0.8372046051302767
15,Hawaii,2081,5453,3588,3655,6540,1038,2011,0.27621449429254047,0.7237855057074595,0.5046251553223803,0.4953748446776198,0.1369754552652415,0.8630245447347585
16,Idaho,1990,3990,3116,2513,5201,855,2011,0.33277591973244147,0.6672240802675585,0.44643808847042105,0.553561911529579,0.14118229854689565,0.8588177014531043
17,Illinois,1973,3465,2248,2960,4584,889,2011,0.36281721221037144,0.6371827877896286,0.5683563748079877,0.43164362519201227,0.16243376575918145,0.8375662342408186
18,Indiana,2786,5463,4142,3607,6698,1746,2011,0.3377379076251667,0.6622620923748334,0.4654794166989289,0.5345205833010711,0.20677404073898625,0.7932259592610137
19,Iowa,1922,5323,3031,3880,6145,1182,2011,0.2652864044168392,0.7347135955831609,0.5614238171031689,0.43857618289683115,0.1613211409853965,0.8386788590146035
20,Kansas,5755,14666,10667,9224,17069,3547,2011,0.2818177366436511,0.7181822633563488,0.46372731386053995,0.5362726861394601,0.17205083430345364,0.8279491656965464
21,Kentucky,3676,6985,6665,3206,8299,2528,2011,0.3448081793452772,0.6551918206547228,0.3247897882686658,0.6752102117313342,0.23349034820356515,0.7665096517964348
22,Louisiana,3372,7387,6002,4270,8723,2174,2011,0.31341202714006877,0.6865879728599312,0.4156931464174455,0.5843068535825545,0.19950445076626594,0.800495549233734
23,Maine,4407,8572,5337,7187,10947,2219,2011,0.33954850142537946,0.6604514985746205,0.57385819227084,0.42614180772916,0.16854017924958226,0.8314598207504177
24,Maryland,2903,7032,4183,5196,8584,1477,2011,0.2921992954202315,0.7078007045797685,0.5540036251199488,0.44599637488005117,0.14680449259516948,0.8531955074048305
25,Massachusetts,6998,14751,7970,11816,18513,3637,2011,0.3217619200882799,0.67823807991172,0.5971899322753462,0.4028100677246538,0.16419864559819414,0.8358013544018059
26,Michigan,3633,7282,4694,5890,9002,2000,2011,0.33284470911589553,0.6671552908841044,0.5565003779289494,0.44349962207105065,0.18178512997636792,0.818214870023632
27,Minnesota,4671,10389,5198,9072,12840,2479,2011,0.3101593625498008,0.6898406374501992,0.635739313244569,0.364260686755431,0.1618251844115151,0.8381748155884848
28,Mississippi,2687,6067,5556,2771,7123,1752,2011,0.3069453963902216,0.6930546036097784,0.33277290740963134,0.6672270925903687,0.19740845070422536,0.8025915492957747
29,Missouri,1882,4420,3250,2724,5022,1365,2011,0.2986353538559188,0.7013646461440812,0.45597589554737195,0.544024104452628,0.21371535932362612,0.7862846406763739
30,Montana,3240,6842,4129,5412,8358,1867,2011,0.3213648085697282,0.6786351914302717,0.5672361387695211,0.432763861230479,0.18259168704156478,0.8174083129584352
31,Nebraska,7425,17611,10565,13341,21119,4205,2011,0.29657293497363796,0.703427065026362,0.5580607378900695,0.44193926210993056,0.16604801769072816,0.8339519823092718
32,Nevada,1731,3675,1972,2866,4385,1083,2011,0.3201997780244173,0.6798002219755827,0.5923935510541546,0.4076064489458454,0.19806144842721288,0.8019385515727872
33,New Hampshire,2001,4260,2203,3831,5362,965,2011,0.319597508385242,0.6804024916147581,0.6349022207490885,0.3650977792509115,0.1525209419946262,0.8474790580053738
34,New Jersey,4553,10180,5492,8193,13001,2278,2011,0.309034141043915,0.690965858956085,0.5986846912678114,0.4013153087321885,0.1490935270632895,0.8509064729367105
35,New Mexico,2962,6320,4463,4123,7723,1665,2011,0.31911226028873085,0.6808877397112691,0.4802003261122758,0.5197996738877242,0.17735406902428633,0.8226459309757137
36,New York,2602,4900,2756,4240,6456,1213,2011,0.34684084244201546,0.6531591575579845,0.6060606060606061,0.3939393939393939,0.15816925283609337,0.8418307471639066
37,North Carolina,3299,8019,6084,4520,9481,2020,2011,0.2914825940978972,0.7085174059021029,0.42625424368162956,0.5737457563183704,0.17563690113903138,0.8243630988609686
38,North Dakota,1528,3666,1997,2923,4416,861,2011,0.29418559876780903,0.705814401232191,0.5941056910569106,0.4058943089430894,0.16316088686753838,0.8368391131324616
39,Ohio,3175,6567,4458,4775,7887,1996,2011,0.32590843769246564,0.6740915623075344,0.5171666847178599,0.48283331528214013,0.201962966710513,0.798037033289487
40,Oklahoma,2807,5579,5094,3074,6651,1857,2011,0.3347245409015025,0.6652754590984975,0.3763467189030362,0.6236532810969637,0.21826516220028208,0.7817348377997179
41,Oregon,2038,4085,2342,3333,5232,985,2011,0.3328433774293647,0.6671566225706353,0.5873127753303965,0.4126872246696035,0.15843654495737494,0.8415634550426251
42,Pennsylvania,3895,7339,4842,5665,9193,2235,2011,0.3467153284671533,0.6532846715328468,0.5391643666127344,0.46083563338726563,0.1955722786139307,0.8044277213860693
44,Rhode Island,2226,4212,2345,3761,5438,1054,2011,0.34575955265610436,0.6542404473438956,0.6159515230920406,0.3840484769079594,0.16235366605052373,0.8376463339494763
45,South Carolina,3934,8653,6710,5227,10496,2367,2011,0.312544688964805,0.6874553110351951,0.43788221496188323,0.5621177850381168,0.1840161704112571,0.8159838295887429
46,South Dakota,2074,6055,3698,4176,6750,1480,2011,0.25513593307909954,0.7448640669209005,0.5303530607061214,0.4696469392938786,0.1798298906439854,0.8201701093560145
47,Tennessee,1445,4342,4016,1346,4753,1140,2011,0.2496975980646276,0.7503024019353723,0.2510257366654233,0.7489742633345766,0.19344985576107246,0.8065501442389276
48,Texas,4484,10044,7263,6531,12689,2175,2011,0.3086453744493392,0.6913546255506607,0.4734667246628969,0.526533275337103,0.14632669537136705,0.8536733046286329
49,Utah,4418,8052,8558,3336,11351,1272,2011,0.35429029671210904,0.6457097032878909,0.2804775517067429,0.7195224482932571,0.10076843856452507,0.8992315614354749
50,Vermont,2318,4656,2558,4232,6057,996,2011,0.3323774017780327,0.6676225982219673,0.6232695139911635,0.3767304860088365,0.14121650361548277,0.8587834963845172
51,Virginia,1832,4615,2959,3083,5424,1138,2011,0.28416317667132,0.71583682332868,0.5102615028136379,0.48973849718636214,0.17342273697043584,0.8265772630295641
53,Washington,4592,9951,6031,8251,12687,1996,2011,0.3157532833665681,0.6842467166334318,0.5777202072538861,0.422279792746114,0.13593952189607028,0.8640604781039297
54,West Virginia,1693,3503,3739,1429,4007,1256,2011,0.3258275596612779,0.6741724403387221,0.27650928792569657,0.7234907120743034,0.23864715941478246,0.7613528405852176
55,Wisconsin,1628,3611,1699,2979,4344,942,2011,0.3107463256346631,0.6892536743653369,0.6368106028217186,0.3631893971782813,0.1782065834279228,0.8217934165720772
56,Wyoming,2161,4587,2934,3463,5591,1249,2011,0.3202430349733254,0.6797569650266746,0.5413475066437392,0.45865249335626074,0.18260233918128654,0.8173976608187135
66,Guam,462,1395,1054,687,1376,501,2011,0.24878836833602586,0.7512116316639742,0.39460080413555426,0.6053991958644457,0.2669152903569526,0.7330847096430474
72,Puerto Rico,1463,5073,4658,1783,5918,689,2011,0.2238372093023256,0.7761627906976745,0.2768203695078404,0.7231796304921596,0.1042833358559104,0.8957166641440896
1,Alabama,2385,5102,5375,2082,6202,1422,2010,0.3185521570722586,0.6814478429277414,0.27920075097224084,0.7207992490277592,0.18651626442812172,0.8134837355718783
2,Alaska,603,1287,897,985,1550,395,2010,0.319047619047619,0.680952380952381,0.5233793836344315,0.4766206163655685,0.20308483290488433,0.7969151670951157
4,Arizona,1805,3884,3053,2573,4923,806,2010,0.3172789593953243,0.6827210406046756,0.45734091717028086,0.5426590828297192,0.14068772909757374,0.8593122709024262
5,Arkansas,1219,2701,2659,1301,3278,723,2010,0.310969387755102,0.6890306122448979,0.3285353535353535,0.6714646464646464,0.18070482379405148,0.8192951762059485
6,California,6333,11327,7673,9116,15095,1842,2010,0.3586070215175538,0.6413929784824463,0.5429745666805647,0.45702543331943535,0.10875597803625199,0.891244021963748
8,Colorado,3613,7883,4859,6093,9930,1652,2010,0.31428322894919974,0.6857167710508003,0.5563367421475529,0.44366325785244703,0.1426351234674495,0.8573648765325506
9,Connecticut,2125,4553,2720,3881,5930,793,2010,0.31820904462413896,0.681790955375861,0.5879412210271171,0.4120587789728829,0.11795329466012197,0.8820467053398781
10,Delaware,1253,2952,2018,2174,3560,666,2010,0.2979785969084423,0.7020214030915577,0.5186068702290076,0.48139312977099236,0.1575958353052532,0.8424041646947468
11,District of Columbia,1181,2732,1493,2376,3408,543,2010,0.30181446460516226,0.6981855353948377,0.6141121736882915,0.3858878263117084,0.13743356112376615,0.8625664388762339
12,Florida,10839,23358,19088,14938,28645,6275,2010,0.31695762786209314,0.6830423721379069,0.4390172221242579,0.5609827778757421,0.17969644902634593,0.820303550973654
13,Georgia,1631,4026,3413,2158,4834,929,2010,0.28831536149902776,0.7116846385009723,0.3873631304972177,0.6126368695027823,0.16120076349123721,0.8387992365087628
15,Hawaii,1716,4777,3405,3058,5684,850,2010,0.2642846141999076,0.7357153858000924,0.4731548816339161,0.5268451183660838,0.1300887664524028,0.8699112335475971
16,Idaho,2232,4643,4110,2735,5982,1003,2010,0.3246545454545455,0.6753454545454546,0.3995617238860482,0.6004382761139518,0.1435934144595562,0.8564065855404438
17,Illinois,1930,3244,2249,2889,4402,793,2010,0.37301894085813686,0.6269810591418632,0.5622810432074737,0.43771895679252626,0.15264677574590954,0.8473532242540904
18,Indiana,3378,6626,5960,4002,8221,1933,2010,0.3376649340263894,0.6623350659736106,0.40172656093153986,0.5982734390684602,0.1903683277526098,0.8096316722473902
19,Iowa,1551,4456,3038,2944,5173,904,2010,0.2581987681038788,0.7418012318961212,0.49214309595453026,0.5078569040454698,0.14875761066315615,0.8512423893368438
20,Kansas,2317,6135,4618,3772,7241,1286,2010,0.27413629910080456,0.7258637008991955,0.44958283671036947,0.5504171632896305,0.15081505805089715,0.8491849419491029
21,Kentucky,2811,5111,5715,2140,6187,1843,2010,0.35483463771774804,0.645165362282252,0.27243793761935076,0.7275620623806492,0.2295143212951432,0.7704856787048567
22,Louisiana,2126,4795,4021,2760,5656,1349,2010,0.30718104320184947,0.6928189567981505,0.4070196136263088,0.5929803863736912,0.19257673090649535,0.8074232690935046
23,Maine,2588,5394,3676,4273,6769,1304,2010,0.3242295164119268,0.6757704835880731,0.5375518933199145,0.46244810668008557,0.16152607456955284,0.8384739254304472
24,Maryland,2608,6313,4478,4418,7868,1281,2010,0.29234390763367335,0.7076560923663267,0.4966276978417266,0.5033723021582733,0.14001530221882172,0.8599846977811783
25,Massachusetts,4862,11103,6509,8670,13710,2509,2010,0.30454118383964923,0.6954588161603508,0.571183872455366,0.42881612754463405,0.15469511067266786,0.8453048893273322
26,Michigan,2885,5871,4438,4269,7367,1473,2010,0.3294883508451348,0.6705116491548653,0.490295164809923,0.5097048351900769,0.1666289592760181,0.8333710407239819
27,Minnesota,2408,6344,3769,4890,7612,1321,2010,0.27513711151736747,0.7248628884826326,0.564730338376256,0.4352696616237441,0.1478786521885145,0.8521213478114855
28,Mississippi,2377,5553,5795,2158,6582,1470,2010,0.29974779319041617,0.7002522068095839,0.27134414686281905,0.728655853137181,0.1825633383010432,0.8174366616989568
29,Missouri,1658,3690,3176,2134,4339,1069,2010,0.3100224382946896,0.6899775617053104,0.40188323917137475,0.5981167608286252,0.19767011834319526,0.8023298816568047
30,Montana,2332,4846,3445,3679,6013,1274,2010,0.3248815826135414,0.6751184173864586,0.5164233576642335,0.4835766423357664,0.17483189241114314,0.8251681075888568
31,Nebraska,4594,11511,8084,8002,14055,2293,2010,0.28525302701024524,0.7147469729897548,0.4974511998010693,0.5025488001989308,0.140261805725471,0.859738194274529
32,Nevada,1265,2615,1770,2031,3160,745,2010,0.32603092783505155,0.6739690721649485,0.5343330702446725,0.46566692975532753,0.19078104993597952,0.8092189500640204
33,New Hampshire,1803,4175,2417,3479,5113,910,2010,0.3016058882569421,0.6983941117430579,0.5900610583446404,0.40993894165535955,0.15108749792462228,0.8489125020753777
34,New Jersey,3653,8360,5472,6224,10555,1815,2010,0.3040872388246067,0.6959127611753934,0.5321477428180574,0.46785225718194257,0.14672594987873888,0.8532740501212611
35,New Mexico,2203,4694,3867,2968,5862,1114,2010,0.3194142380745252,0.6805857619254748,0.43423555230431604,0.565764447695684,0.15969036697247707,0.8403096330275229
36,New York,2948,5762,3929,4736,7632,1267,2010,0.3384615384615385,0.6615384615384615,0.5465666474321985,0.4534333525678015,0.14237554781436115,0.8576244521856389
37,North Carolina,3459,8477,7312,4566,10056,2029,2010,0.2897955764075067,0.7102044235924933,0.38440814952012126,0.6155918504798787,0.16789408357467936,0.8321059164253206
38,North Dakota,1287,3388,2175,2453,4014,735,2010,0.2752941176470588,0.7247058823529412,0.5300345721694036,0.46996542783059636,0.15476942514213518,0.8452305748578648
39,Ohio,3169,6492,5210,4330,7819,1985,2010,0.3280198737190767,0.6719801262809233,0.45387840670859536,0.5461215932914046,0.20246838025295796,0.797531619747042
40,Oklahoma,2442,5167,5121,2496,6149,1575,2010,0.32093573399921144,0.6790642660007885,0.32768806616778257,0.6723119338322174,0.203909891248058,0.796090108751942
41,Oregon,1634,3344,2197,2653,4374,665,2010,0.3282442748091603,0.6717557251908397,0.5470103092783505,0.45298969072164946,0.13197062909307403,0.868029370906926
42,Pennsylvania,3565,7436,5740,5221,9245,1925,2010,0.32406144895918554,0.6759385510408145,0.4763251528145242,0.5236748471854757,0.17233661593554164,0.8276633840644584
44,Rhode Island,2157,4365,2773,3714,5624,953,2010,0.33072677092916286,0.6692732290708372,0.5725296747340836,0.42747032526591644,0.14489889007146114,0.8551011099285388
45,South Carolina,2710,6431,5918,3258,7830,1536,2010,0.2964664697516683,0.7035335302483317,0.3550566695727986,0.6449433304272014,0.16399743754003843,0.8360025624599615
46,South Dakota,1554,5054,3352,3194,5641,1054,2010,0.23516949152542374,0.7648305084745762,0.487931561258784,0.512068438741216,0.15743091859596714,0.8425690814040329
47,Tennessee,1345,4320,4488,1070,4708,1031,2010,0.23742277140335394,0.7625772285966461,0.19251529327096079,0.8074847067290393,0.1796480223035372,0.8203519776964628
48,Texas,5660,11791,10413,7177,15340,2627,2010,0.324336714228411,0.6756632857715891,0.40801591813530413,0.5919840818646959,0.14621250069571992,0.8537874993042801
49,Utah,3424,6573,7496,2522,9236,893,2010,0.34250275082524756,0.6574972491747524,0.25174685565981236,0.7482531443401876,0.08816270115509922,0.9118372988449008
50,Vermont,2225,4456,2667,3986,5860,905,2010,0.33303397694955844,0.6669660230504415,0.5991282128363145,0.40087178716368554,0.1337767923133777,0.8662232076866223
51,Virginia,1472,3802,2816,2305,4474,884,2010,0.2791050436101631,0.7208949563898369,0.45010740089826207,0.5498925991017379,0.16498693542366555,0.8350130645763345
53,Washington,6051,13282,8462,10557,16823,2673,2010,0.3129881549681891,0.6870118450318109,0.5550765024449235,0.4449234975550765,0.137105047189167,0.862894952810833
54,West Virginia,1373,2965,3395,949,3413,980,2010,0.3165053019824804,0.6834946980175196,0.21846224677716392,0.7815377532228361,0.22308217618939222,0.7769178238106078
55,Wisconsin,1514,3210,1894,2664,3961,805,2010,0.32049110922946655,0.6795088907705334,0.5844668714348399,0.41553312856516017,0.16890474192194713,0.8310952580780528
56,Wyoming,1787,3950,2938,2767,4799,1016,2010,0.3114868398117483,0.6885131601882517,0.4850131463628396,0.5149868536371603,0.17472055030094583,0.8252794496990542
66,Guam,172,593,501,271,608,175,2010,0.22483660130718955,0.7751633986928105,0.35103626943005184,0.6489637305699482,0.22349936143039592,0.776500638569604
72,Puerto Rico,771,2704,2779,700,3228,312,2010,0.2218705035971223,0.7781294964028777,0.2012072434607646,0.7987927565392354,0.08813559322033898,0.911864406779661
1,Alabama,2153,4463,4701,1905,5474,1282,2009,0.32542321644498184,0.6745767835550182,0.2883742052679382,0.7116257947320618,0.18975725281231498,0.8102427471876851
2,Alaska,738,1625,1100,1224,1900,511,2009,0.3123148539991536,0.6876851460008464,0.5266781411359724,0.47332185886402756,0.21194525093322272,0.7880547490667773
4,Arizona,1736,3667,2828,2488,4623,831,2009,0.32130297982602257,0.6786970201739774,0.4680210684725357,0.5319789315274642,0.15236523652365236,0.8476347634763476
5,Arkansas,1207,2697,2568,1315,3249,742,2009,0.30917008196721313,0.6908299180327869,0.33865567859902135,0.6613443214009787,0.1859183162114758,0.8140816837885242
6,California,6092,11224,7406,8689,14519,1871,2009,0.3518133518133518,0.6481866481866482,0.5398570984777882,0.4601429015222119,0.11415497254423429,0.8858450274557658
8,Colorado,3605,8163,4770,6086,10153,1749,2009,0.30633922501699523,0.6936607749830047,0.560611643330877,0.43938835666912307,0.14695009242144177,0.8530499075785583
9,Connecticut,1968,4446,2453,3856,5625,840,2009,0.3068288119738073,0.6931711880261927,0.6111903629735299,0.38880963702647015,0.12993039443155452,0.8700696055684455
10,Delaware,1293,3022,2079,2205,3616,733,2009,0.2996523754345307,0.7003476245654693,0.5147058823529411,0.4852941176470588,0.16854449298689353,0.8314555070131064
11,District of Columbia,1202,2642,1427,2310,3319,556,2009,0.31269510926118627,0.6873048907388137,0.6181428953706182,0.3818571046293819,0.14348387096774193,0.856516129032258
12,Florida,3134,8619,6491,4925,9902,2080,2009,0.2666553220454352,0.7333446779545648,0.43141205325858445,0.5685879467414156,0.17359372391921216,0.8264062760807879
13,Georgia,1538,4223,3452,2186,4911,954,2009,0.2669675403575768,0.7330324596424231,0.3877261440227031,0.6122738559772969,0.16265984654731458,0.8373401534526854
15,Hawaii,1862,4780,3305,3247,5691,964,2009,0.2803372478169226,0.7196627521830774,0.4955738705738706,0.5044261294261294,0.14485349361382419,0.8551465063861758
16,Idaho,1661,3654,3129,2106,4579,791,2009,0.3125117591721543,0.6874882408278458,0.40229226361031517,0.5977077363896848,0.14729981378026072,0.8527001862197393
17,Illinois,2067,3752,2620,3127,4895,942,2009,0.35521567279601307,0.6447843272039869,0.5441099704193493,0.4558900295806508,0.16138427274284736,0.8386157272571526
18,Indiana,3023,6071,5216,3740,7301,1943,2009,0.3324169782274027,0.6675830217725973,0.417597141581063,0.582402858418937,0.2101903937689312,0.7898096062310688
19,Iowa,1545,4396,2819,3040,5131,882,2009,0.26005722942265613,0.7399427705773439,0.5188598736985833,0.4811401263014166,0.14668218859138532,0.8533178114086146
20,Kansas,5216,13486,10343,8178,15828,3019,2009,0.2789006523366485,0.7210993476633515,0.44155283192052264,0.5584471680794774,0.1601846447710511,0.8398153552289489
21,Kentucky,3410,6126,6906,2444,7308,2311,2009,0.3575922818791946,0.6424077181208053,0.2613903743315508,0.7386096256684492,0.2402536646221021,0.7597463353778979
22,Louisiana,2501,6264,5247,3425,7158,1698,2009,0.28533941814033087,0.7146605818596692,0.3949492619926199,0.6050507380073801,0.19173441734417343,0.8082655826558266
23,Maine,2598,5344,3625,4263,6800,1238,2009,0.3271216318307731,0.6728783681692269,0.5404411764705882,0.45955882352941174,0.15401841254043294,0.8459815874595671
24,Maryland,2603,5837,3890,4434,7333,1221,2009,0.3084123222748815,0.6915876777251185,0.5326765977895243,0.46732340221047575,0.14274023848491935,0.8572597615150807
25,Massachusetts,5276,11121,6910,8704,13957,2676,2009,0.32176617673964747,0.6782338232603525,0.5574484437043679,0.44255155629563214,0.1608849876751037,0.8391150123248963
26,Michigan,2974,6129,4580,4337,7548,1666,2009,0.3267054817093266,0.6732945182906734,0.4863743411461254,0.5136256588538746,0.18081180811808117,0.8191881918819188
27,Minnesota,1602,3981,2355,3200,4806,791,2009,0.28694250403009136,0.7130574959699086,0.5760576057605761,0.4239423942394239,0.14132571020189388,0.8586742897981061
28,Mississippi,3293,7704,7831,3077,9032,2123,2009,0.2994453032645267,0.7005546967354733,0.2820865419875321,0.7179134580124679,0.1903182429403855,0.8096817570596145
29,Missouri,1647,3353,2868,2047,3989,1053,2009,0.3294,0.6706,0.4164801627670397,0.5835198372329603,0.20884569615232051,0.7911543038476795
30,Montana,2352,5154,3441,3947,6328,1268,2009,0.3133493205435651,0.6866506794564349,0.534244721169464,0.465755278830536,0.16692996313849395,0.833070036861506
31,Nebraska,4298,11435,7832,7692,13722,2222,2009,0.27318375389309096,0.7268162461069091,0.4954908528729709,0.5045091471270291,0.13936276969392875,0.8606372303060712
32,Nevada,1268,2523,1819,1897,3058,774,2009,0.3344763914534424,0.6655236085465577,0.5104951560818084,0.4895048439181916,0.20198329853862212,0.7980167014613778
33,New Hampshire,1862,4069,2331,3489,5123,836,2009,0.313943685719103,0.686056314280897,0.5994845360824742,0.4005154639175258,0.14029199530122505,0.859708004698775
34,New Jersey,3640,8385,5285,6412,10457,1864,2009,0.3027027027027027,0.6972972972972973,0.5481747456612807,0.45182525433871934,0.15128642155669184,0.8487135784433082
35,New Mexico,2850,5865,4728,3826,7330,1483,2009,0.3270223752151463,0.6729776247848537,0.447276128127192,0.552723871872808,0.16827414047429934,0.8317258595257007
36,New York,2224,4562,2959,3715,5782,1102,2009,0.32773356911287943,0.6722664308871206,0.5566376985316153,0.4433623014683848,0.16008134805345728,0.8399186519465427
37,North Carolina,4026,9042,7793,5128,10826,2393,2009,0.30808080808080807,0.6919191919191919,0.3968733070195805,0.6031266929804194,0.18102730917618579,0.8189726908238142
38,North Dakota,1274,3424,2062,2543,3938,810,2009,0.2711792252022137,0.7288207747977863,0.5522258414766558,0.4477741585233442,0.17059814658803707,0.8294018534119629
39,Ohio,3131,6519,5049,4459,7969,1764,2009,0.3244559585492228,0.6755440414507772,0.4689734960033656,0.5310265039966344,0.1812390835302579,0.8187609164697421
40,Oklahoma,2527,5197,4983,2700,6100,1723,2009,0.3271620921802175,0.6728379078197825,0.35142522452167124,0.6485747754783288,0.22024798670586732,0.7797520132941327
41,Oregon,1245,2993,1824,2248,3645,626,2009,0.29377064653138274,0.7062293534686173,0.5520628683693517,0.44793713163064836,0.14656988995551393,0.8534301100444861
42,Pennsylvania,2834,6169,4513,4372,7463,1677,2009,0.31478396090192157,0.6852160390980784,0.4920652785593697,0.5079347214406302,0.18347921225382932,0.8165207877461707
44,Rhode Island,2010,4213,2591,3540,5360,919,2009,0.32299533986823076,0.6770046601317693,0.5773935736421465,0.4226064263578535,0.1463608854913203,0.8536391145086797
45,South Carolina,2811,6757,6027,3509,8091,1698,2009,0.2937918060200669,0.7062081939799331,0.3679739932885906,0.6320260067114094,0.17346000612932883,0.8265399938706711
46,South Dakota,1669,5070,3345,3276,5668,1149,2009,0.24766285799079982,0.7523371420092002,0.49478930675124605,0.505210693248754,0.16854921519730087,0.8314507848026992
47,Tennessee,1388,4122,4337,1012,4567,999,2009,0.2519056261343013,0.7480943738656988,0.18919424191437653,0.8108057580856235,0.17948257276320517,0.8205174272367948
48,Texas,3633,7748,6111,5141,9841,1703,2009,0.31921623758896406,0.6807837624110359,0.45689655172413796,0.5431034482758621,0.14752252252252251,0.8524774774774775
49,Utah,3527,6470,7307,2639,9182,947,2009,0.3528058417525258,0.6471941582474743,0.2653327971043636,0.7346672028956365,0.0934939283246125,0.9065060716753875
50,Vermont,2165,4398,2555,3945,5707,921,2009,0.3298796282188024,0.6701203717811977,0.6069230769230769,0.3930769230769231,0.13895594447797224,0.8610440555220278
51,Virginia,1375,3703,2687,2230,4224,924,2009,0.27077589602205593,0.7292241039779441,0.45352857433394345,0.5464714256660566,0.1794871794871795,0.8205128205128205
53,Washington,6290,13728,8878,10764,17349,2819,2009,0.31421720451593566,0.6857827954840643,0.5480093676814989,0.4519906323185012,0.1397758825862753,0.8602241174137247
54,West Virginia,1326,3435,3613,1139,3731,1077,2009,0.27851291745431633,0.7214870825456837,0.2396885521885522,0.7603114478114478,0.2240016638935108,0.7759983361064892
55,Wisconsin,1456,3061,1695,2643,3790,760,2009,0.3223378348461368,0.6776621651538632,0.6092669432918395,0.39073305670816044,0.16703296703296702,0.832967032967033
56,Wyoming,1817,4148,2903,2990,5002,1038,2009,0.3046102263202012,0.6953897736797988,0.5073816392329883,0.4926183607670117,0.1718543046357616,0.8281456953642384
66,Guam,261,986,854,395,986,278,2009,0.20930232558139536,0.7906976744186046,0.31625300240192156,0.6837469975980784,0.2199367088607595,0.7800632911392406
72,Puerto Rico,920,3216,3364,745,3885,351,2009,0.22243713733075435,0.7775628626692457,0.18130932100267705,0.818690678997323,0.08286118980169972,0.9171388101983002
1,Alabama,2217,4117,4390,1933,5247,1224,2008,0.3500157878118093,0.6499842121881907,0.3057093151984817,0.6942906848015182,0.18915159944367177,0.8108484005563282
2,Alaska,830,1736,1223,1326,2044,603,2008,0.323460639127046,0.676539360872954,0.5202040015692428,0.47979599843075715,0.22780506233471856,0.7721949376652815
4,Arizona,1871,4204,3223,2727,5184,950,2008,0.3079835390946502,0.6920164609053497,0.45831932773109246,0.5416806722689076,0.15487447016628628,0.8451255298337137
5,Arkansas,1680,3892,3661,1905,4542,1122,2008,0.3015075376884422,0.6984924623115578,0.3422565576715774,0.6577434423284225,0.19809322033898305,0.801906779661017
6,California,4163,7332,5005,6089,10168,1422,2008,0.36215745976511526,0.6378425402348847,0.5488552370650802,0.4511447629349198,0.12269197584124245,0.8773080241587575
8,Colorado,3636,7960,4486,6524,9918,1794,2008,0.31355639875819247,0.6864436012418075,0.5925522252497729,0.4074477747502271,0.15317622950819673,0.8468237704918032
9,Connecticut,1948,4128,2442,3546,5271,854,2008,0.3206056616194865,0.6793943383805134,0.5921843687374749,0.40781563126252507,0.13942857142857143,0.8605714285714285
10,Delaware,1187,2799,1955,2003,3319,692,2008,0.2977922729553437,0.7022077270446563,0.5060636685194543,0.4939363314805457,0.1725255547245076,0.8274744452754924
11,District of Columbia,1326,2846,1632,2502,3585,631,2008,0.31783317353787155,0.6821668264621285,0.6052249637155298,0.39477503628447025,0.14966793168880455,0.8503320683111955
12,Florida,2975,7660,5903,4468,8719,2092,2008,0.27973671838269865,0.7202632816173014,0.43081670041461767,0.5691832995853823,0.1935066136342614,0.8064933863657386
13,Georgia,1679,3928,3400,2148,4737,957,2008,0.2994471196718388,0.7005528803281612,0.3871665465032444,0.6128334534967556,0.16807165437302424,0.8319283456269758
15,Hawaii,1966,4421,3256,3111,5507,916,2008,0.307812744637545,0.692187255362455,0.48861316161457513,0.5113868383854249,0.14261248637708235,0.8573875136229177
16,Idaho,1691,3341,2845,2165,4294,801,2008,0.3360492845786963,0.6639507154213037,0.43213572854291415,0.5678642714570858,0.15721295387634937,0.8427870461236506
17,Illinois,1843,3289,2311,2787,4241,913,2008,0.35911925175370224,0.6408807482462977,0.5466849744998038,0.45331502550019614,0.17714396585176562,0.8228560341482344
18,Indiana,1574,3240,2683,2080,3769,1108,2008,0.32696302451184045,0.6730369754881596,0.4366995591014067,0.5633004408985933,0.22718884560180438,0.7728111543981956
19,Iowa,1659,4227,2776,3082,5010,989,2008,0.281855249745158,0.718144750254842,0.5261181290542848,0.47388187094571527,0.16486081013502252,0.8351391898649775
20,Kansas,2257,6252,4683,3802,7201,1405,2008,0.265248560347867,0.7347514396521331,0.4480848556275781,0.551915144372422,0.1632581919590983,0.8367418080409017
21,Kentucky,2966,5040,5704,2240,6185,1886,2008,0.3704721458905821,0.6295278541094179,0.28197381671701915,0.7180261832829808,0.23367612439598562,0.7663238756040144
22,Louisiana,1518,4565,3622,2311,5018,1151,2008,0.24954792043399637,0.7504520795660036,0.38951626495870556,0.6104837350412945,0.1865780515480629,0.8134219484519372
23,Maine,2171,4542,3007,3607,5659,1108,2008,0.3234023536421868,0.6765976463578132,0.5453583308134261,0.45464166918657395,0.1637357765627309,0.8362642234372691
24,Maryland,3195,6175,4289,5004,8082,1368,2008,0.3409818569903949,0.6590181430096052,0.5384698159905305,0.4615301840094695,0.14476190476190476,0.8552380952380952
25,Massachusetts,6642,13575,8645,10779,17034,3424,2008,0.3285353910075679,0.6714646089924321,0.5549320428336079,0.4450679571663921,0.16736728908006648,0.8326327109199335
26,Michigan,3120,6198,4600,4512,7722,1682,2008,0.33483580167417903,0.665164198325821,0.495171202809482,0.504828797190518,0.17886005954912804,0.821139940450872
27,Minnesota,1207,3068,1667,2574,3608,674,2008,0.2823391812865497,0.7176608187134503,0.6069323272813015,0.3930676727186984,0.15740308267164876,0.8425969173283513
28,Mississippi,2425,5361,5573,2220,6368,1552,2008,0.311456460313383,0.688543539686617,0.28487103811112535,0.7151289618888746,0.19595959595959597,0.804040404040404
29,Missouri,1689,3391,2858,2199,3978,1166,2008,0.3324803149606299,0.6675196850393701,0.4348427921692703,0.5651572078307296,0.22667185069984447,0.7733281493001555
30,Montana,2124,4608,3123,3564,5633,1180,2008,0.3155080213903743,0.6844919786096256,0.5329744279946165,0.4670255720053836,0.1731982973726699,0.8268017026273301
31,Nebraska,4254,11782,8167,7737,13648,2551,2008,0.26527812422050384,0.7347218757794961,0.4864813883299799,0.5135186116700201,0.1574788567195506,0.8425211432804494
32,Nevada,1690,3032,2058,2569,3793,963,2008,0.35789919525624736,0.6421008047437526,0.5552193645990923,0.44478063540090773,0.20248107653490327,0.7975189234650967
33,New Hampshire,2211,4591,2707,4014,5788,1081,2008,0.32505145545427816,0.6749485445457218,0.5972325546793632,0.4027674453206368,0.15737370796331343,0.8426262920366866
34,New Jersey,3344,8184,5388,5748,9997,1688,2008,0.2900763358778626,0.7099236641221374,0.5161637931034483,0.4838362068965517,0.1444587077449722,0.8555412922550278
35,New Mexico,1994,4168,3519,2604,5098,1112,2008,0.32359623498864004,0.6764037650113599,0.425281724644782,0.574718275355218,0.17906602254428342,0.8209339774557166
36,New York,2541,5213,3455,4235,6627,1241,2008,0.3277018313128708,0.6722981686871292,0.5507152145643693,0.44928478543563066,0.15772750381291306,0.8422724961870869
37,North Carolina,4772,10787,9548,5977,12898,2878,2008,0.30670351565010606,0.693296484349894,0.38499194847020934,0.6150080515297907,0.1824290060851927,0.8175709939148073
38,North Dakota,1353,3589,2232,2675,4175,838,2008,0.27377579927155,0.7262242007284501,0.5451395964948034,0.45486040350519663,0.16716537003790147,0.8328346299620986
39,Ohio,4280,8495,6559,6096,10685,2229,2008,0.3350293542074364,0.6649706457925636,0.48170683524298696,0.518293164757013,0.17260337618088895,0.827396623819111
40,Oklahoma,2499,5179,4876,2803,6097,1692,2008,0.32547538421463923,0.6745246157853608,0.36502148717280897,0.6349785128271911,0.21722942611375015,0.7827705738862498
41,Oregon,1417,3329,2114,2555,4109,662,2008,0.29856721449641804,0.701432785503582,0.5472263868065967,0.4527736131934033,0.1387549779920352,0.8612450220079648
42,Pennsylvania,4219,8720,6765,6055,10487,2646,2008,0.3260684751526393,0.6739315248473607,0.47230889235569423,0.5276911076443058,0.20147719485266125,0.7985228051473388
44,Rhode Island,1583,3146,1959,2723,4029,736,2008,0.3347430746458025,0.6652569253541976,0.5815890645023494,0.41841093549765057,0.15445960125918154,0.8455403987408184
45,South Carolina,3045,6867,6214,3679,8345,1789,2008,0.3072033898305085,0.6927966101694916,0.3718791064388962,0.6281208935611038,0.17653443852378134,0.8234655614762186
46,South Dakota,1779,5118,3346,3453,5769,1187,2008,0.25793823401478905,0.742061765985211,0.5078688042359171,0.49213119576408293,0.17064404830362276,0.8293559516963772
47,Tennessee,1337,3613,3717,1130,3994,1010,2008,0.2701010101010101,0.7298989898989899,0.23313389725603467,0.7668661027439654,0.20183852917665868,0.7981614708233413
48,Texas,3175,7397,5994,4455,8967,1696,2008,0.3003216042376088,0.6996783957623912,0.4263565891472868,0.5736434108527132,0.15905467504454657,0.8409453249554535
49,Utah,1936,3318,3818,1430,4776,535,2008,0.36848115721355157,0.6315188427864484,0.27248475609756095,0.727515243902439,0.10073432498587837,0.8992656750141216
50,Vermont,2214,4409,2542,4082,5717,1005,2008,0.33428959685942927,0.6657104031405707,0.616243961352657,0.383756038647343,0.1495090746801547,0.8504909253198453
51,Virginia,1596,3634,2824,2365,4432,849,2008,0.30516252390057363,0.6948374760994264,0.4557718250144536,0.5442281749855463,0.16076500662753265,0.8392349933724673
53,Washington,7099,15149,9847,12054,19098,3304,2008,0.31908486156058974,0.6809151384394103,0.5503858271311812,0.4496141728688188,0.14748683153289885,0.8525131684671011
54,West Virginia,1264,2828,3006,1084,3197,959,2008,0.3088954056695992,0.6911045943304008,0.2650366748166259,0.734963325183374,0.2307507218479307,0.7692492781520693
55,Wisconsin,2343,4673,2655,4177,5703,1363,2008,0.3339509692132269,0.6660490307867731,0.6113875878220141,0.3886124121779859,0.1928955561845457,0.8071044438154543
56,Wyoming,2468,5412,3864,3981,6595,1386,2008,0.3131979695431472,0.6868020304568528,0.5074569789674952,0.4925430210325048,0.17366244831474753,0.8263375516852525
66,Guam,221,563,490,278,600,195,2008,0.28188775510204084,0.7181122448979592,0.3619791666666667,0.6380208333333334,0.24528301886792453,0.7547169811320755
72,Puerto Rico,1140,3246,3495,881,4041,432,2008,0.25991792065663477,0.7400820793433652,0.2013254113345521,0.7986745886654479,0.096579476861167,0.903420523138833
1,Alabama,2342,4721,4968,2076,5787,1432,2007,0.3315871442729718,0.6684128557270281,0.29471890971039183,0.7052810902896082,0.19836542457404072,0.8016345754259593
2,Alaska,821,1629,1173,1283,1933,591,2007,0.33510204081632655,0.6648979591836734,0.5223941368078175,0.4776058631921824,0.23415213946117275,0.7658478605388273
4,Arizona,1522,3135,2459,2110,3872,839,2007,0.32681984109942025,0.6731801589005798,0.46180783541256293,0.5381921645874371,0.17809382296752282,0.8219061770324771
5,Arkansas,1780,3808,3659,1963,4530,1181,2007,0.3185397279885469,0.6814602720114531,0.34916399857701885,0.6508360014229811,0.20679390649623533,0.7932060935037647
6,California,2065,3599,2419,3058,4947,739,2007,0.3645833333333333,0.6354166666666666,0.5583348548475443,0.44166514515245575,0.12996834329933168,0.8700316567006683
8,Colorado,3804,7957,4485,6874,9889,1961,2007,0.32344188419352093,0.6765581158064791,0.6051589048331719,0.3948410951668281,0.16548523206751053,0.8345147679324895
9,Connecticut,2334,5086,2910,4393,6394,1085,2007,0.31455525606469004,0.68544474393531,0.6015336163220594,0.39846638367794057,0.14507287070463964,0.8549271292953603
10,Delaware,1306,2666,1840,2088,3213,764,2007,0.3288016112789527,0.6711983887210473,0.5315682281059063,0.4684317718940937,0.1921046014583857,0.8078953985416143
11,District of Columbia,1256,2657,1459,2363,3314,614,2007,0.3209813442371582,0.6790186557628418,0.6182626896912611,0.38173731030873886,0.15631364562118127,0.8436863543788188
12,Florida,10994,27692,21237,16533,31128,8229,2007,0.28418549346016647,0.7158145065398336,0.43772835583796665,0.5622716441620333,0.2090860583885967,0.7909139416114033
13,Georgia,2469,5079,4432,3076,6308,1366,2007,0.32710651828298887,0.6728934817170111,0.4096963239211508,0.5903036760788493,0.17800364868386762,0.8219963513161324
15,Hawaii,1938,4608,3215,3299,5529,1059,2007,0.29605866177818513,0.7039413382218148,0.5064476512127725,0.49355234878722753,0.16074681238615665,0.8392531876138434
16,Idaho,1739,3495,2980,2200,4343,959,2007,0.3322506687046236,0.6677493312953764,0.4247104247104247,0.5752895752895753,0.18087514145605432,0.8191248585439457
17,Illinois,1835,3366,2311,2863,4268,961,2007,0.3528167660065372,0.6471832339934628,0.5533436412833398,0.4466563587166602,0.18378275004781028,0.8162172499521897
18,Indiana,1958,3931,3278,2549,4612,1359,2007,0.3324842927491934,0.6675157072508066,0.43744637034494593,0.5625536296550541,0.22760006699045385,0.7723999330095461
19,Iowa,1388,3947,2517,2768,4452,956,2007,0.26016869728209935,0.7398313027179007,0.5237464522232734,0.47625354777672657,0.17677514792899407,0.8232248520710059
20,Kansas,2221,6152,4681,3631,7042,1432,2007,0.26525737489549744,0.7347426251045026,0.43683830606352264,0.5631616939364774,0.16898749114939815,0.8310125088506018
21,Kentucky,1909,4821,5187,1393,5083,1805,2007,0.2836552748885587,0.7163447251114413,0.21170212765957447,0.7882978723404256,0.2620499419279907,0.7379500580720093
22,Louisiana,1514,4965,3998,2414,5269,1383,2007,0.2336780367340639,0.766321963265936,0.37648159700561445,0.6235184029943855,0.20790739627179797,0.792092603728202
23,Maine,2176,4544,3123,3525,5511,1292,2007,0.3238095238095238,0.6761904761904762,0.5302346570397112,0.4697653429602888,0.18991621343524914,0.8100837865647509
24,Maryland,2848,5856,4070,4542,7337,1450,2007,0.3272058823529412,0.6727941176470589,0.5274036228518346,0.4725963771481653,0.16501650165016502,0.834983498349835
25,Massachusetts,6914,14284,8945,11912,17847,3573,2007,0.32616284555146713,0.6738371544485329,0.5711271995013665,0.4288728004986336,0.16680672268907562,0.8331932773109244
26,Michigan,2616,4762,3422,3867,6112,1359,2007,0.3545676335050149,0.6454323664949851,0.5305254493071752,0.4694745506928248,0.18190335965734172,0.8180966403426583
27,Minnesota,1345,3413,2056,2671,4058,710,2007,0.2826817990752417,0.7173182009247583,0.5650518299132642,0.43494817008673575,0.14890939597315436,0.8510906040268457
28,Mississippi,2447,5195,5338,2328,6185,1606,2007,0.3202041350431824,0.6797958649568175,0.30367858074615184,0.6963214192538482,0.20613528430240022,0.7938647156975998
29,Missouri,1750,3456,2897,2274,4080,1168,2007,0.3361505954667691,0.6638494045332309,0.43976020112163994,0.5602397988783601,0.2225609756097561,0.7774390243902439
30,Montana,1919,3992,2765,3057,4847,1127,2007,0.32464895956690915,0.6753510404330908,0.5250772930264513,0.4749227069735486,0.18865082022095747,0.8113491797790425
31,Nebraska,2856,7922,5528,5155,9036,1873,2007,0.26498422712933756,0.7350157728706624,0.48254235701581955,0.5174576429841805,0.17169309744247868,0.8283069025575213
32,Nevada,1533,2549,1757,2232,3268,841,2007,0.3755512003919647,0.6244487996080352,0.559538731511657,0.44046126848834294,0.20467266974933074,0.7953273302506693
33,New Hampshire,1940,3973,2385,3455,4927,1039,2007,0.3280906477253509,0.6719093522746491,0.5916095890410958,0.4083904109589041,0.17415353670801206,0.825846463291988
34,New Jersey,2278,4851,3301,3692,5994,1208,2007,0.31953990742039556,0.6804600925796044,0.5279565279565279,0.472043472043472,0.1677311857817273,0.8322688142182727
35,New Mexico,2112,4407,3576,2868,5306,1278,2007,0.3239760699493787,0.6760239300506212,0.4450651769087523,0.5549348230912476,0.19410692588092346,0.8058930741190765
36,New York,2087,4305,2730,3592,5352,1137,2007,0.32650187734668334,0.6734981226533167,0.5681746282821892,0.4318253717178108,0.17521960240406842,0.8247803975959316
37,North Carolina,4316,10194,8989,5544,11760,2974,2007,0.2974500344589938,0.7025499655410062,0.3814766393724627,0.6185233606275373,0.20184607031356047,0.7981539296864395
38,North Dakota,1318,3338,2077,2536,3771,969,2007,0.28307560137457044,0.7169243986254296,0.5497507045306742,0.4502492954693258,0.20443037974683545,0.7955696202531646
39,Ohio,3749,7271,5703,5221,8958,2216,2007,0.34019963702359346,0.6598003629764065,0.4779384840717686,0.5220615159282315,0.1983175228208341,0.801682477179166
40,Oklahoma,2305,5012,4772,2541,5744,1693,2007,0.3150198168648353,0.6849801831351647,0.3474634213045262,0.6525365786954738,0.22764555600376496,0.7723544439962351
41,Oregon,1519,3371,2153,2674,4197,729,2007,0.31063394683026585,0.6893660531697342,0.5539672674539051,0.4460327325460949,0.14799025578562727,0.8520097442143727
42,Pennsylvania,4220,8754,6914,5947,10329,2834,2007,0.3252659164482812,0.6747340835517188,0.46240572272762615,0.5375942772723739,0.21530046342019296,0.7846995365798071
44,Rhode Island,1464,2970,1839,2534,3745,729,2007,0.3301759133964817,0.6698240866035182,0.5794648982391951,0.42053510176080494,0.1629414394278051,0.8370585605721949
45,South Carolina,3100,7042,5790,4283,8394,1945,2007,0.30565963320844014,0.6943403667915599,0.42519606869850096,0.5748039313014991,0.18812264242189766,0.8118773575781023
46,South Dakota,1716,5034,3331,3325,5563,1295,2007,0.25422222222222224,0.7457777777777778,0.49954927884615385,0.5004507211538461,0.1888305628463109,0.8111694371536892
47,Tennessee,1301,3652,3637,1178,3880,1134,2007,0.26266908944074296,0.737330910559257,0.2446521287642783,0.7553478712357217,0.22616673314718788,0.7738332668528122
48,Texas,5161,11750,9806,6875,14310,2846,2007,0.3051859736266336,0.6948140263733664,0.41214555482285237,0.5878544451771477,0.16588948472837492,0.834110515271625
49,Utah,1750,3216,3648,1347,4502,555,2007,0.3523962948046718,0.6476037051953283,0.26966966966966965,0.7303303303303303,0.10974886296223058,0.8902511370377695
50,Vermont,2178,4654,2689,4102,5848,1049,2007,0.31879391100702575,0.6812060889929742,0.6040347518774849,0.3959652481225151,0.15209511381760185,0.8479048861823981
51,Virginia,1861,4245,3177,2877,5086,1085,2007,0.30478218146085817,0.6952178185391418,0.47522299306243804,0.5247770069375619,0.17582239507373199,0.824177604926268
53,Washington,8381,17165,11129,14064,21853,3883,2007,0.328074845376967,0.6719251546230329,0.558250307625134,0.44174969237486605,0.15087814734224433,0.8491218526577556
54,West Virginia,1285,3101,3107,1283,3367,1067,2007,0.29297765617875055,0.7070223438212494,0.292255125284738,0.7077448747152619,0.2406405051871899,0.7593594948128101
55,Wisconsin,2306,5063,2815,4369,5933,1480,2007,0.3129325552992265,0.6870674447007735,0.6081570155902004,0.39184298440979953,0.19964926480507217,0.8003507351949278
56,Wyoming,1968,4098,2912,3124,4906,1233,2007,0.32443125618199803,0.675568743818002,0.5175612988734261,0.4824387011265739,0.20084704349242546,0.7991529565075746
66,Guam,170,473,417,210,471,183,2007,0.2643856920684292,0.7356143079315708,0.3349282296650718,0.6650717703349283,0.2798165137614679,0.7201834862385321
72,Puerto Rico,1031,2801,2938,880,3542,387,2007,0.2690501043841336,0.7309498956158664,0.23048716605552647,0.7695128339444736,0.09849834563502163,0.9015016543649783
