FIPS,Name,have_mentalhealth,have_no_mentalhealth,no_internet,internet,year,p_have_mentalhealth,p_have_no_mentalhealth,p_internet,p_no_internet
1,Alabama,2260,4311,1789,4858,2017,0.3439354740526556,0.6560645259473444,0.73085602527456,0.26914397472544005
2,Alaska,987,2129,461,2713,2017,0.31675224646983313,0.6832477535301669,0.8547574039067423,0.1452425960932577
4,Arizona,4755,10514,2346,12938,2017,0.3114152858733381,0.6885847141266619,0.8465061502224549,0.15349384977754515
5,Arkansas,1604,3631,1598,3665,2017,0.3063992359121299,0.6936007640878701,0.6963708911267338,0.3036291088732662
6,California,3268,5999,1256,7894,2017,0.352649185281105,0.647350814718895,0.8627322404371585,0.13726775956284154
8,Colorado,3373,6278,1034,8667,2017,0.34949746140296345,0.6505025385970366,0.8934130502010103,0.10658694979898979
9,Connecticut,3146,7288,1436,9002,2017,0.3015142802376845,0.6984857197623155,0.8624257520597816,0.13757424794021844
10,Delaware,1216,2846,804,3287,2017,0.29935992122107336,0.7006400787789266,0.8034710339770227,0.19652896602297726
11,District of Columbia,1258,2533,688,3156,2017,0.33183856502242154,0.6681614349775785,0.8210197710718002,0.17898022892819979
12,Florida,6684,14953,4616,17031,2017,0.308915284004252,0.6910847159957481,0.786760290109484,0.213239709890516
13,Georgia,1753,4205,1354,4565,2017,0.2942262504196039,0.7057737495803961,0.7712451427606014,0.22875485723939853
15,Hawaii,2396,5318,1222,6372,2017,0.3106040964480166,0.6893959035519834,0.8390834869633922,0.16091651303660784
16,Idaho,1634,3174,763,4094,2017,0.3398502495840266,0.6601497504159733,0.8429071443277744,0.15709285567222567
17,Illinois,1946,3560,954,4518,2017,0.3534326189611333,0.6465673810388667,0.8256578947368421,0.17434210526315788
18,Indiana,4716,8853,2838,10802,2017,0.3475569312403272,0.6524430687596727,0.7919354838709678,0.20806451612903226
19,Iowa,2267,5340,1274,6360,2017,0.2980149861969239,0.7019850138030761,0.8331150117893634,0.16688498821063663
20,Kansas,6494,14941,3089,18236,2017,0.30296244459995336,0.6970375554000466,0.8551465416178194,0.14485345838218053
21,Kentucky,2987,5539,1921,6655,2017,0.35034013605442177,0.6496598639455783,0.7760027985074627,0.22399720149253732
22,Louisiana,1743,2972,1031,3661,2017,0.3696712619300106,0.6303287380699893,0.7802642796248934,0.21973572037510655
23,Maine,3304,6252,1450,8182,2017,0.3457513604018418,0.6542486395981583,0.8494601328903655,0.15053986710963455
24,Maryland,4055,9315,2180,11240,2017,0.3032909498878085,0.6967090501121914,0.8375558867362146,0.16244411326378538
25,Massachusetts,2394,4365,977,5863,2017,0.35419440745672437,0.6458055925432756,0.8571637426900585,0.1428362573099415
26,Michigan,3874,6885,1690,9068,2017,0.36007063853517984,0.6399293614648202,0.8429076036437999,0.15709239635620004
27,Minnesota,4988,11882,2489,14463,2017,0.2956727919383521,0.704327208061648,0.8531736668239736,0.14682633317602642
28,Mississippi,1660,3284,1471,3491,2017,0.33576051779935273,0.6642394822006472,0.7035469568722289,0.29645304312777104
29,Missouri,2331,5170,1649,5885,2017,0.31075856552459674,0.6892414344754033,0.7811255641093708,0.21887443589062916
30,Montana,1708,4113,1233,4658,2017,0.2934203745060986,0.7065796254939014,0.7906976744186046,0.20930232558139536
31,Nebraska,4399,10780,3091,12098,2017,0.2898082877659925,0.7101917122340075,0.7964974652709197,0.20350253472908025
32,Nevada,1211,2510,617,3121,2017,0.3254501478097286,0.6745498521902714,0.8349384697699305,0.16506153023006956
33,New Hampshire,1750,3924,781,4893,2017,0.30842439196334154,0.6915756080366584,0.862354599929503,0.137645400070497
34,New Jersey,3509,7995,2097,9503,2017,0.30502433936022255,0.6949756606397774,0.8192241379310344,0.1807758620689655
35,New Mexico,2184,4286,1606,4823,2017,0.3375579598145286,0.6624420401854714,0.7501944314823457,0.24980556851765437
36,New York,4123,7842,2268,9702,2017,0.34458838278311743,0.6554116172168826,0.8105263157894737,0.18947368421052632
37,North Carolina,1533,3315,997,3847,2017,0.3162128712871287,0.6837871287128713,0.7941783649876135,0.20582163501238646
38,North Dakota,1999,4889,1348,5517,2017,0.2902148664343786,0.7097851335656213,0.8036416605972323,0.19635833940276767
39,Ohio,3919,8152,2614,9561,2017,0.32466241405020296,0.675337585949797,0.7852977412731006,0.21470225872689938
40,Oklahoma,2056,4432,1404,5165,2017,0.31689272503082616,0.6831072749691739,0.7862688384837875,0.21373116151621252
41,Oregon,2049,3226,591,4734,2017,0.388436018957346,0.6115639810426541,0.8890140845070422,0.11098591549295775
42,Pennsylvania,2407,4070,1094,5398,2017,0.37162266481395706,0.6283773351860429,0.8314849044978435,0.1685150955021565
44,Rhode Island,1839,3735,910,4656,2017,0.32992465016146394,0.670075349838536,0.8365073661516349,0.16349263384836507
45,South Carolina,3521,7506,2863,8334,2017,0.319307155164596,0.680692844835404,0.7443065106725015,0.2556934893274984
46,South Dakota,1830,5080,1491,5472,2017,0.26483357452966716,0.7351664254703328,0.7858681602757432,0.21413183972425678
47,Tennessee,1937,3767,1302,4466,2017,0.33958625525946706,0.6604137447405329,0.7742718446601942,0.22572815533980584
48,Texas,3693,8319,2638,9463,2017,0.30744255744255744,0.6925574425574426,0.7820014874803736,0.2179985125196265
49,Utah,3771,6344,1026,9158,2017,0.3728126544735541,0.6271873455264458,0.8992537313432836,0.10074626865671642
50,Vermont,2144,4299,951,5490,2017,0.3327642402607481,0.6672357597392519,0.8523521192361434,0.14764788076385654
51,Virginia,2847,6619,1597,7939,2017,0.3007606169448553,0.6992393830551448,0.8325293624161074,0.1674706375838926
53,Washington,4567,8485,1680,11442,2017,0.34990806006742264,0.6500919399325774,0.871970736168267,0.12802926383173296
54,West Virginia,1865,3529,1361,4077,2017,0.3457545420837968,0.6542454579162031,0.7497241632953292,0.25027583670467085
55,Wisconsin,1957,3804,860,4837,2017,0.3396979691025864,0.6603020308974137,0.8490433561523609,0.1509566438476391
56,Wyoming,1279,3138,738,3704,2017,0.28956305184514375,0.7104369481548563,0.8338586222422333,0.16614137775776677
66,Guam,497,998,316,1174,2017,0.33244147157190634,0.6675585284280936,0.7879194630872484,0.21208053691275167
72,Puerto Rico,992,3440,1805,2666,2017,0.22382671480144403,0.776173285198556,0.596287184075151,0.40371281592484903
1,Alabama,2452,4415,1850,5094,2016,0.35707004514343965,0.6429299548565603,0.7335829493087558,0.2664170506912442
2,Alaska,949,1893,396,2485,2016,0.33391977480647433,0.6660802251935257,0.8625477264838598,0.13745227351614023
4,Arizona,3158,7643,2071,8754,2016,0.2923803351541524,0.7076196648458476,0.8086836027713626,0.1913163972286374
5,Arkansas,1600,3596,1593,3660,2016,0.30792917628945343,0.6920708237105466,0.6967447173043975,0.30325528269560253
6,California,3951,7355,1733,9291,2016,0.3494604634707235,0.6505395365292765,0.8427975326560232,0.15720246734397678
8,Colorado,4918,9801,1958,12621,2016,0.33412595964399755,0.6658740403560024,0.8656972357500514,0.13430276424994855
9,Connecticut,3358,7525,1825,9079,2016,0.30855462648166865,0.6914453735183314,0.8326302274394718,0.16736977256052823
10,Delaware,1098,2883,814,3209,2016,0.27581009796533534,0.7241899020346647,0.7976634352473279,0.20233656475267214
11,District of Columbia,1224,2545,647,3179,2016,0.32475457681082515,0.6752454231891748,0.830893883951908,0.169106116048092
12,Florida,10026,26139,8239,28021,2016,0.27722936540854415,0.7227706345914559,0.7727799227799228,0.22722007722007723
13,Georgia,1511,3764,1306,3985,2016,0.2864454976303318,0.7135545023696682,0.7531657531657532,0.24683424683424685
15,Hawaii,2388,5648,1523,6472,2016,0.2971627675460428,0.7028372324539572,0.8095059412132583,0.19049405878674172
16,Idaho,1711,3437,956,4235,2016,0.33236208236208237,0.6676379176379177,0.8158350992101715,0.18416490078982856
17,Illinois,1588,3126,852,3856,2016,0.336868901145524,0.6631310988544761,0.8190314358538657,0.18096856414613424
18,Indiana,3468,7395,2577,8370,2016,0.3192488262910798,0.6807511737089202,0.7645930391888188,0.23540696081118115
19,Iowa,1916,5233,1442,5734,2016,0.26800951181983496,0.7319904881801651,0.7990523968784838,0.20094760312151616
20,Kansas,3342,8613,1933,9975,2016,0.2795483061480552,0.7204516938519447,0.8376721531743366,0.16232784682566342
21,Kentucky,3236,6872,2247,7941,2016,0.32014246141669966,0.6798575385833003,0.7794464075382803,0.22055359246171968
22,Louisiana,1743,3416,1473,3728,2016,0.3378561736770692,0.6621438263229308,0.7167852336089213,0.2832147663910786
23,Maine,3315,6558,1616,8338,2016,0.33576420540869034,0.6642357945913097,0.8376532047418124,0.16234679525818765
24,Maryland,5588,12647,3123,15132,2016,0.30644365231697285,0.6935563476830271,0.828923582580115,0.17107641741988497
25,Massachusetts,2853,5347,1298,7025,2016,0.34792682926829266,0.6520731707317073,0.8440466178060796,0.15595338219392046
26,Michigan,4091,7777,2035,9882,2016,0.34470845972362657,0.6552915402763735,0.8292355458588571,0.1707644541411429
27,Minnesota,4923,11677,2331,14361,2016,0.296566265060241,0.703433734939759,0.8603522645578721,0.13964773544212797
28,Mississippi,1456,3516,1669,3413,2016,0.2928399034593725,0.7071600965406275,0.6715859897678079,0.3284140102321921
29,Missouri,2162,4845,1674,5392,2016,0.30854859426288,0.69145140573712,0.7630908576280782,0.23690914237192187
30,Montana,1640,4240,1328,4597,2016,0.2789115646258503,0.7210884353741497,0.7758649789029536,0.22413502109704642
31,Nebraska,4224,10811,3093,11960,2016,0.2809444629198537,0.7190555370801464,0.7945260081046968,0.20547399189530327
32,Nevada,1483,2791,701,3608,2016,0.34698175011698645,0.6530182498830136,0.8373172429798097,0.1626827570201903
33,New Hampshire,1884,4454,928,5427,2016,0.29725465446513094,0.702745345534869,0.8539732494099135,0.14602675059008655
34,New Jersey,2131,5375,1383,6124,2016,0.28390620836664004,0.71609379163336,0.815771946183562,0.184228053816438
35,New Mexico,1849,4105,1482,4424,2016,0.31054753107154853,0.6894524689284515,0.7490687436505249,0.2509312563494751
36,New York,10926,22579,6923,26437,2016,0.32610058200268616,0.6738994179973138,0.7924760191846523,0.20752398081534773
37,North Carolina,1986,4460,1427,5037,2016,0.3080980452994105,0.6919019547005895,0.7792388613861386,0.22076113861386137
38,North Dakota,1553,4100,1138,4513,2016,0.2747213868742261,0.7252786131257739,0.7986197133250752,0.2013802866749248
39,Ohio,3671,8532,2807,9495,2016,0.300827665328198,0.6991723346718021,0.7718257193952203,0.2281742806047797
40,Oklahoma,2054,4727,1530,5332,2016,0.302905176227695,0.6970948237723049,0.7770329350043719,0.2229670649956281
41,Oregon,2073,3256,643,4736,2016,0.38900356539688496,0.610996434603115,0.8804610522401933,0.11953894775980665
42,Pennsylvania,2462,4267,1135,5614,2016,0.3658790310595928,0.6341209689404071,0.831826937324048,0.168173062675952
44,Rhode Island,1785,3589,969,4426,2016,0.33215481950130255,0.6678451804986975,0.820389249304912,0.17961075069508806
45,South Carolina,3561,7479,2898,8246,2016,0.32255434782608694,0.6774456521739131,0.7399497487437185,0.2600502512562814
46,South Dakota,1480,4204,1129,4601,2016,0.2603800140745954,0.7396199859254047,0.8029668411867364,0.19703315881326353
47,Tennessee,1991,4047,1519,4570,2016,0.3297449486584962,0.6702550513415038,0.7505337493841353,0.24946625061586467
48,Texas,3283,8186,2486,9078,2016,0.2862498910105502,0.7137501089894498,0.7850224835696991,0.21497751643030094
49,Utah,3891,6938,1259,9649,2016,0.3593129559516114,0.6406870440483886,0.8845801246791346,0.11541987532086542
50,Vermont,2141,4312,1015,5467,2016,0.3317836665117,0.6682163334883,0.8434125269978402,0.15658747300215983
51,Virginia,2612,6250,1631,7288,2016,0.2947415933197924,0.7052584066802077,0.8171319654669806,0.1828680345330194
53,Washington,4815,9268,1871,12268,2016,0.3419015834694312,0.6580984165305688,0.8676709809746093,0.13232901902539076
54,West Virginia,2362,4676,1742,5355,2016,0.33560670645069623,0.6643932935493038,0.7545441735944766,0.24545582640552346
55,Wisconsin,1683,3545,902,4225,2016,0.321920428462127,0.678079571537873,0.8240686561341916,0.17593134386580847
56,Wyoming,1207,3232,845,3627,2016,0.2719080874070737,0.7280919125929264,0.811046511627907,0.18895348837209303
66,Guam,472,1095,345,1216,2016,0.30121250797702614,0.6987874920229739,0.7789878283151825,0.22101217168481743
72,Puerto Rico,1297,4416,2456,3317,2016,0.22702608086819534,0.7729739191318047,0.5745712800970033,0.4254287199029967
1,Alabama,2579,5206,2297,5551,2015,0.33127809890815674,0.6687219010918433,0.7073139653414883,0.29268603465851173
2,Alaska,1196,2372,516,3117,2015,0.3352017937219731,0.6647982062780269,0.8579686209744013,0.14203137902559868
4,Arizona,2366,5425,1481,6367,2015,0.3036837376460018,0.6963162623539982,0.811289500509684,0.188710499490316
5,Arkansas,1545,3574,1769,3421,2015,0.30181676108614963,0.6981832389138504,0.6591522157996147,0.34084778420038536
6,California,4477,8022,2089,10236,2015,0.3581886550924074,0.6418113449075926,0.8305070993914807,0.16949290060851926
8,Colorado,4322,8977,1871,11223,2015,0.3249868411158734,0.6750131588841266,0.8571101267756224,0.14288987322437757
9,Connecticut,3789,7943,2342,9449,2015,0.322962836685987,0.677037163314013,0.8013739292680858,0.19862607073191418
10,Delaware,1154,2844,897,3132,2015,0.28864432216108055,0.7113556778389195,0.7773641102010425,0.22263588979895757
11,District of Columbia,1109,2804,883,3060,2015,0.28341426015844623,0.7165857398415538,0.7760588384478824,0.22394116155211768
12,Florida,2894,6607,1901,7681,2015,0.3045995158404379,0.6954004841595621,0.8016071801294093,0.19839281987059068
13,Georgia,1352,3225,1134,3458,2015,0.29538999344548833,0.7046100065545117,0.7530487804878049,0.24695121951219512
15,Hawaii,2037,5085,1328,5728,2015,0.2860151642796967,0.7139848357203032,0.8117913832199547,0.18820861678004536
16,Idaho,1860,3840,1087,4641,2015,0.3263157894736842,0.6736842105263158,0.8102304469273743,0.1897695530726257
17,Illinois,1888,3346,1045,4195,2015,0.3607183798242262,0.6392816201757738,0.8005725190839694,0.19942748091603055
18,Indiana,1939,4011,1396,4590,2015,0.32588235294117646,0.6741176470588235,0.7667891747410625,0.23321082525893752
19,Iowa,1687,4442,1334,4799,2015,0.27524881709903737,0.7247511829009626,0.7824881787053645,0.2175118212946356
20,Kansas,6212,16644,4132,18574,2015,0.2717885894294715,0.7282114105705285,0.8180216682815115,0.1819783317184885
21,Kentucky,2787,5864,2223,6510,2015,0.32215928794359033,0.6778407120564096,0.7454482995534181,0.25455170044658193
22,Louisiana,1529,3102,1402,3222,2015,0.33016627078384797,0.669833729216152,0.6967993079584776,0.3032006920415225
23,Maine,2908,5996,1582,7422,2015,0.3265947888589398,0.6734052111410602,0.8243003109729009,0.17569968902709907
24,Maryland,3577,8805,2421,10002,2015,0.2888870941689549,0.711112905831045,0.8051195363438783,0.19488046365612172
25,Massachusetts,3149,5935,1572,7503,2015,0.34665345662703656,0.6533465433729635,0.8267768595041323,0.17322314049586776
26,Michigan,3000,5834,1497,7350,2015,0.3395970115462984,0.6604029884537016,0.8307900983384198,0.1692099016615802
27,Minnesota,4725,11805,2567,14091,2015,0.28584392014519056,0.7141560798548094,0.8458998679313243,0.1541001320686757
28,Mississippi,1642,4287,2306,3653,2015,0.2769438353853938,0.7230561646146062,0.6130223191810706,0.38697768081892936
29,Missouri,2201,4989,1862,5397,2015,0.30611961057023646,0.6938803894297636,0.7434908389585342,0.25650916104146576
30,Montana,1639,4321,1445,4559,2015,0.275,0.725,0.7593271152564957,0.24067288474350432
31,Nebraska,4588,12781,3745,13667,2015,0.26414877079854915,0.7358512292014509,0.7849184470480128,0.21508155295198714
32,Nevada,986,1885,494,2411,2015,0.3434343434343434,0.6565656565656566,0.829948364888124,0.17005163511187607
33,New Hampshire,2007,4893,1126,5822,2015,0.2908695652173913,0.7091304347826087,0.8379389752446748,0.16206102475532527
34,New Jersey,3200,8032,2025,9239,2015,0.2849002849002849,0.7150997150997151,0.8202237215909091,0.1797762784090909
35,New Mexico,2062,4589,1769,4856,2015,0.310028567132762,0.689971432867238,0.7329811320754717,0.2670188679245283
36,New York,4015,8021,2609,9492,2015,0.33358258557660353,0.6664174144233965,0.7843979836377158,0.2156020163622841
37,North Carolina,1970,4638,1520,5102,2015,0.2981234866828087,0.7018765133171913,0.7704620960434914,0.2295379039565086
38,North Dakota,1363,3519,1085,3824,2015,0.2791888570258091,0.7208111429741909,0.7789773884701569,0.22102261152984315
39,Ohio,3558,8143,3069,8751,2015,0.30407657465173915,0.6959234253482608,0.7403553299492386,0.2596446700507614
40,Oklahoma,2025,4816,1840,5051,2015,0.2960093553574039,0.7039906446425961,0.7329850529676389,0.26701494703236106
41,Oregon,1936,3304,791,4507,2015,0.36946564885496186,0.6305343511450382,0.8506983767459418,0.14930162325405813
42,Pennsylvania,1897,3749,1187,4505,2015,0.33599008147360965,0.6640099185263904,0.7914617006324666,0.20853829936753338
44,Rhode Island,1960,4107,1282,4856,2015,0.32305917257293554,0.6769408274270644,0.7911371782339525,0.20886282176604756
45,South Carolina,3602,7746,2971,8533,2015,0.3174127599577018,0.6825872400422982,0.7417420027816412,0.25825799721835885
46,South Dakota,1792,5327,1668,5513,2015,0.25172074729596855,0.7482792527040315,0.7677203732070742,0.23227962679292577
47,Tennessee,1842,4024,1689,4188,2015,0.31401295601772927,0.6859870439822707,0.712608473711077,0.2873915262889229
48,Texas,3943,10420,3601,10869,2015,0.2745248207199053,0.7254751792800946,0.7511402902557015,0.24885970974429855
49,Utah,4079,7167,1227,10054,2015,0.36270674017428417,0.6372932598257158,0.8912330467157167,0.1087669532842833
50,Vermont,1962,4430,1033,5404,2015,0.3069461827284105,0.6930538172715894,0.8395215162342706,0.16047848376572937
51,Virginia,2327,6169,1573,7001,2015,0.2738935969868173,0.7261064030131826,0.8165383718217868,0.1834616281782132
53,Washington,5236,10650,2349,13647,2015,0.3295983885181921,0.6704016114818079,0.8531507876969242,0.14684921230307577
54,West Virginia,1880,3982,1564,4343,2015,0.3207096554077107,0.6792903445922893,0.7352293888606738,0.2647706111393262
55,Wisconsin,1975,4160,1201,4930,2015,0.32192339038304807,0.6780766096169519,0.8041102593377916,0.19588974066220846
56,Wyoming,1505,3893,1255,4176,2015,0.2788069655427936,0.7211930344572064,0.7689191677407475,0.23108083225925244
66,Guam,520,1143,369,1280,2015,0.3126879134095009,0.6873120865904991,0.7762280169799879,0.22377198302001214
72,Puerto Rico,1179,4183,2538,2839,2015,0.21988064155165982,0.7801193584483401,0.527989585270597,0.472010414729403
1,Alabama,2906,5568,2771,5756,2014,0.34293131932971443,0.6570686806702856,0.6750322504984168,0.3249677495015832
2,Alaska,1358,2933,531,3775,2014,0.3164763458401305,0.6835236541598695,0.8766836971667441,0.12331630283325593
4,Arizona,4180,10453,2879,11540,2014,0.2856557096972596,0.7143442903027404,0.8003328940980651,0.19966710590193495
5,Arkansas,1559,3566,1711,3364,2014,0.3041951219512195,0.6958048780487804,0.6628571428571428,0.33714285714285713
6,California,2987,5771,1536,6815,2014,0.34105960264900664,0.6589403973509934,0.8160699317447012,0.18393006825529876
8,Colorado,4134,9053,2146,11033,2014,0.31349055888374916,0.6865094411162509,0.8371651870399879,0.16283481296001215
9,Connecticut,2428,5410,1403,6243,2014,0.309772901250319,0.690227098749681,0.8165053622809312,0.1834946377190688
10,Delaware,1162,3041,1002,3219,2014,0.2764691886747561,0.7235308113252439,0.7626154939587776,0.23738450604122247
11,District of Columbia,1099,2894,831,3138,2014,0.27523165539694466,0.7247683446030554,0.7906273620559335,0.20937263794406652
12,Florida,2773,6771,1930,7544,2014,0.2905490360435876,0.7094509639564124,0.7962845682921681,0.20371543170783196
13,Georgia,1974,4267,1516,4586,2014,0.3162954654702772,0.6837045345297228,0.7515568666011144,0.2484431333988856
15,Hawaii,2017,5176,1478,5592,2014,0.2804115111914361,0.7195884888085639,0.790947666195191,0.20905233380480906
16,Idaho,1744,3622,1075,4268,2014,0.3250093179276929,0.6749906820723072,0.7988021710649448,0.20119782893505522
17,Illinois,1732,3279,969,3947,2014,0.3456395928956296,0.6543604071043704,0.8028885272579332,0.19711147274206672
18,Indiana,3657,7599,2808,8440,2014,0.32489339019189767,0.6751066098081023,0.7503556187766715,0.2496443812233286
19,Iowa,2196,5811,1826,6175,2014,0.2742600224803297,0.7257399775196703,0.7717785276840395,0.22822147231596052
20,Kansas,3650,9850,2568,10916,2014,0.27037037037037037,0.7296296296296296,0.8095520617027588,0.1904479382972412
21,Kentucky,3417,7605,3107,7890,2014,0.31001633097441483,0.6899836690255852,0.7174684004728562,0.28253159952714374
22,Louisiana,2115,4529,1835,4809,2014,0.3183323299217339,0.6816676700782661,0.7238109572546658,0.2761890427453341
23,Maine,2983,5963,1711,7234,2014,0.333445115135256,0.666554884864744,0.8087199552822806,0.1912800447177194
24,Maryland,3672,8686,2453,9867,2014,0.2971354588121055,0.7028645411878944,0.8008928571428572,0.19910714285714284
25,Massachusetts,4915,10416,3121,12027,2014,0.32059226404018004,0.67940773595982,0.7939662001584368,0.20603379984156325
26,Michigan,2749,5587,1627,6742,2014,0.32977447216890593,0.670225527831094,0.805592065957701,0.19440793404229895
27,Minnesota,4638,11551,2508,13634,2014,0.28649082710482426,0.7135091728951758,0.8446289183496469,0.15537108165035313
28,Mississippi,1131,2993,1589,2548,2014,0.27424830261881666,0.7257516973811833,0.6159052453468697,0.3840947546531303
29,Missouri,2049,4921,2013,4950,2014,0.293974175035868,0.706025824964132,0.7109004739336493,0.2890995260663507
30,Montana,2078,5283,1855,5540,2014,0.282298600733596,0.717701399266404,0.7491548343475322,0.2508451656524679
31,Nebraska,5764,16368,5264,16822,2014,0.26043737574552683,0.7395626242544732,0.7616589694829303,0.23834103051706965
32,Nevada,1230,2458,674,3032,2014,0.3335140997830803,0.6664859002169198,0.8181327576902321,0.18186724230976795
33,New Hampshire,1768,4323,1010,4973,2014,0.2902643244130685,0.7097356755869315,0.8311883670399465,0.1688116329600535
34,New Jersey,3795,9000,2482,10041,2014,0.2966002344665885,0.7033997655334114,0.8018046793899225,0.19819532061007747
35,New Mexico,2626,6206,2360,6249,2014,0.2973278985507246,0.7026721014492754,0.7258682773841328,0.2741317226158671
36,New York,2200,4473,1486,5107,2014,0.32968679754233476,0.6703132024576652,0.7746094342484453,0.22539056575155467
37,North Carolina,2068,5114,1875,5238,2014,0.2879420774157616,0.7120579225842384,0.7363981442429355,0.2636018557570645
38,North Dakota,2034,5601,1709,5895,2014,0.26640471512770136,0.7335952848722986,0.7752498684902683,0.22475013150973172
39,Ohio,3504,7204,2784,7982,2014,0.32723197609264104,0.672768023907359,0.7414081367267323,0.2585918632732677
40,Oklahoma,2538,5800,2241,6087,2014,0.3043895418565603,0.6956104581434397,0.7309077809798271,0.2690922190201729
41,Oregon,1824,3313,816,4303,2014,0.3550710531438583,0.6449289468561418,0.8405938659894511,0.15940613401054893
42,Pennsylvania,3461,7283,2789,7954,2014,0.32213328369322414,0.6778667163067759,0.7403890905706041,0.2596109094293959
44,Rhode Island,1947,4396,1292,4959,2014,0.3069525461138263,0.6930474538861737,0.7933130699088146,0.2066869300911854
45,South Carolina,3393,7406,3082,7777,2014,0.3141957588665617,0.6858042411334383,0.7161801270835252,0.2838198729164748
46,South Dakota,1772,5532,1730,5586,2014,0.24260679079956188,0.7573932092004381,0.7635319846910881,0.23646801530891198
47,Tennessee,1555,3477,1568,3418,2014,0.30902225755166934,0.6909777424483307,0.685519454472523,0.31448054552747695
48,Texas,3993,11016,3599,11378,2014,0.26604037577453526,0.7339596242254647,0.7596982039126661,0.2403017960873339
49,Utah,5187,9665,1860,12872,2014,0.3492458928090493,0.6507541071909507,0.8737442302470811,0.12625576975291883
50,Vermont,2044,4357,961,5335,2014,0.3193251054522731,0.6806748945477269,0.8473634053367217,0.15263659466327828
51,Virginia,2467,6845,1896,7403,2014,0.2649269759450172,0.7350730240549829,0.7961071082912141,0.20389289170878588
53,Washington,3254,6710,1556,8355,2014,0.32657567242071456,0.6734243275792854,0.8430027242457875,0.1569972757542125
54,West Virginia,1948,4149,1809,4326,2014,0.3195013941282598,0.6804986058717402,0.7051344743276283,0.2948655256723716
55,Wisconsin,2169,4826,1473,5403,2014,0.3100786275911365,0.6899213724088634,0.7857766143106457,0.21422338568935428
56,Wyoming,1671,4633,1530,4680,2014,0.2650697969543147,0.7349302030456852,0.7536231884057971,0.2463768115942029
66,Guam,798,1699,512,1926,2014,0.3195835002002403,0.6804164997997597,0.7899917965545529,0.2100082034454471
72,Puerto Rico,1258,4679,2912,3017,2014,0.21189152770759642,0.7881084722924036,0.5088547815820543,0.4911452184179457
1,Alabama,2131,4203,2353,4131,2013,0.3364382696558257,0.6635617303441743,0.6371067242442936,0.36289327575570635
2,Alaska,1426,3079,629,3942,2013,0.3165371809100999,0.6834628190899001,0.862393349376504,0.13760665062349595
4,Arizona,1314,2866,1020,3211,2013,0.31435406698564594,0.6856459330143541,0.7589222406050579,0.24107775939494208
5,Arkansas,1616,3523,1806,3445,2013,0.3144580657715509,0.6855419342284491,0.656065511331175,0.343934488668825
6,California,4090,7320,2376,8668,2013,0.3584574934268186,0.6415425065731815,0.7848605577689243,0.2151394422310757
8,Colorado,4262,9191,2219,11270,2013,0.3168066602244852,0.6831933397755148,0.8354955889984432,0.16450441100155683
9,Connecticut,2456,5136,1540,6143,2013,0.32349841938883034,0.6765015806111696,0.7995574645320839,0.20044253546791618
10,Delaware,1573,3561,1188,3936,2013,0.30638878067783404,0.693611219322166,0.7681498829039812,0.23185011709601874
11,District of Columbia,1405,3427,1063,3844,2013,0.2907698675496689,0.7092301324503312,0.7833706949256165,0.21662930507438352
12,Florida,10129,23098,8892,24919,2013,0.30484244740722904,0.6951575525927709,0.7370086658188164,0.26299133418118364
13,Georgia,2383,5599,2027,5871,2013,0.29854673014282135,0.7014532698571787,0.7433527475310205,0.2566472524689795
15,Hawaii,2121,5662,1653,6190,2013,0.27251702428369523,0.7274829757163047,0.7892388116792044,0.2107611883207956
16,Idaho,1823,3700,1206,4410,2013,0.3300742350172008,0.6699257649827992,0.7852564102564102,0.21474358974358973
17,Illinois,1904,3660,1281,4317,2013,0.3421998562185478,0.6578001437814522,0.7711682743837085,0.22883172561629153
18,Indiana,3253,6835,2726,7571,2013,0.32246233148295006,0.67753766851705,0.7352626978731669,0.26473730212683305
19,Iowa,2139,5919,2048,6090,2013,0.2654504839910648,0.7345495160089353,0.7483411157532563,0.25165888424674365
20,Kansas,6341,16631,4963,18268,2013,0.27603169075396133,0.7239683092460386,0.7863630493736817,0.2136369506263183
21,Kentucky,3734,7117,3198,7600,2013,0.3441157497004884,0.6558842502995116,0.7038340433413595,0.2961659566586405
22,Louisiana,1557,3590,1647,3587,2013,0.3025063143578784,0.6974936856421217,0.6853267099732518,0.3146732900267482
23,Maine,2556,5394,1682,6397,2013,0.32150943396226417,0.6784905660377358,0.7918059165738334,0.2081940834261666
24,Maryland,3794,8985,2622,10169,2013,0.29689334063698253,0.7031066593630174,0.7950121178953952,0.2049878821046048
25,Massachusetts,5097,9695,3367,11278,2013,0.3445781503515414,0.6554218496484586,0.7700921816319563,0.2299078183680437
26,Michigan,4171,8430,2737,9961,2013,0.3310054757558924,0.6689945242441077,0.7844542447629548,0.2155457552370452
27,Minnesota,4067,10091,2582,11499,2013,0.28725808730046615,0.7127419126995338,0.8166323414530218,0.1833676585469782
28,Mississippi,2117,5181,3076,4295,2013,0.2900794738284462,0.7099205261715539,0.5826889160222494,0.41731108397775063
29,Missouri,2127,4901,2200,4907,2013,0.3026465566306204,0.6973534433693797,0.6904460391163642,0.30955396088363585
30,Montana,2912,6654,2475,7190,2013,0.30441145724440727,0.6955885427555927,0.743921365752716,0.256078634247284
31,Nebraska,4516,12373,4405,12536,2013,0.2673929776777784,0.7326070223222215,0.7399799303464967,0.2600200696535033
32,Nevada,1662,3341,945,4140,2013,0.33220067959224464,0.6677993204077554,0.8141592920353983,0.18584070796460178
33,New Hampshire,1891,4487,1114,5320,2013,0.2964879272499216,0.7035120727500784,0.8268573204849239,0.17314267951507617
34,New Jersey,3991,9005,2647,10256,2013,0.30709449061249616,0.6929055093875038,0.794853909943424,0.205146090056576
35,New Mexico,2800,6364,2704,6597,2013,0.30554343081623747,0.6944565691837625,0.709278572196538,0.290721427803462
36,New York,2912,5818,2130,6809,2013,0.3335624284077892,0.6664375715922107,0.7617183130104038,0.23828168698959615
37,North Carolina,2507,6195,2697,6141,2013,0.28809469087566075,0.7119053091243392,0.6948404616429056,0.30515953835709436
38,North Dakota,2111,5506,1837,5951,2013,0.2771432322436655,0.7228567677563346,0.7641242937853108,0.23587570621468926
39,Ohio,3620,8131,2980,8765,2013,0.30805888860522507,0.6919411113947749,0.7462750106428268,0.25372498935717325
40,Oklahoma,2502,5612,2387,5838,2013,0.3083559280256347,0.6916440719743653,0.7097872340425532,0.2902127659574468
41,Oregon,2149,3712,971,4963,2013,0.36666097935505887,0.6333390206449412,0.8363667003707449,0.16363329962925513
42,Pennsylvania,3683,7510,3171,8216,2013,0.32904493880103636,0.6709550611989636,0.7215245455343813,0.27847545446561867
44,Rhode Island,2058,4370,1415,5091,2013,0.32016179215930307,0.6798382078406969,0.7825084537350139,0.21749154626498618
45,South Carolina,3218,7283,3197,7484,2013,0.30644700504713834,0.6935529949528616,0.7006834566051868,0.29931654339481323
46,South Dakota,1717,5101,1704,5166,2013,0.25183338222352597,0.7481666177764741,0.7519650655021834,0.2480349344978166
47,Tennessee,1622,4081,1725,3910,2013,0.28441171313343855,0.7155882868665615,0.6938775510204082,0.30612244897959184
48,Texas,2805,7799,3039,7835,2013,0.2645228215767635,0.7354771784232366,0.7205260253816443,0.2794739746183557
49,Utah,4544,8047,1836,10886,2013,0.36089270113573185,0.6391072988642681,0.85568306869989,0.14431693130011006
50,Vermont,2004,4299,1313,5059,2013,0.3179438362684436,0.6820561637315564,0.7939422473320779,0.20605775266792217
51,Virginia,2403,5908,1924,6349,2013,0.28913488148237276,0.7108651185176272,0.7674362383657681,0.23256376163423184
53,Washington,3742,7276,1827,9305,2013,0.33962606643673987,0.6603739335632601,0.8358785483291412,0.1641214516708588
54,West Virginia,1835,3963,1934,3956,2013,0.3164884442911349,0.6835115557088651,0.6716468590831919,0.3283531409168082
55,Wisconsin,2096,4429,1506,4897,2013,0.32122605363984674,0.6787739463601532,0.7647977510541933,0.23520224894580666
56,Wyoming,1744,4612,1607,4807,2013,0.27438640654499685,0.7256135934550031,0.7494543186778921,0.2505456813221079
66,Guam,616,1263,478,1414,2013,0.32783395423097395,0.672166045769026,0.7473572938689218,0.2526427061310782
72,Puerto Rico,1402,4557,3208,2790,2013,0.23527437489511663,0.7647256251048834,0.46515505168389465,0.5348449483161054
1,Alabama,3217,5606,-1,-1,2012,0.36461521024594806,0.6353847897540519,0.5,0.5
2,Alaska,1250,3005,-1,-1,2012,0.2937720329024677,0.7062279670975323,0.5,0.5
4,Arizona,2281,4907,-1,-1,2012,0.3173344462993879,0.6826655537006121,0.5,0.5
5,Arkansas,1755,3305,-1,-1,2012,0.3468379446640316,0.6531620553359684,0.5,0.5
6,California,5223,9272,-1,-1,2012,0.36033114867195587,0.6396688513280442,0.5,0.5
8,Colorado,3921,8180,-1,-1,2012,0.324022808032394,0.675977191967606,0.5,0.5
9,Connecticut,2873,5759,-1,-1,2012,0.3328313253012048,0.6671686746987951,0.5,0.5
10,Delaware,1581,3561,-1,-1,2012,0.3074679113185531,0.6925320886814469,0.5,0.5
11,District of Columbia,1164,2576,-1,-1,2012,0.31122994652406416,0.6887700534759358,0.5,0.5
12,Florida,2421,4993,-1,-1,2012,0.32654437550579984,0.6734556244942002,0.5,0.5
13,Georgia,1802,4194,-1,-1,2012,0.3005336891260841,0.699466310873916,0.5,0.5
15,Hawaii,2174,5326,-1,-1,2012,0.28986666666666666,0.7101333333333333,0.5,0.5
16,Idaho,1933,3836,-1,-1,2012,0.3350667360027734,0.6649332639972265,0.5,0.5
17,Illinois,1923,3631,-1,-1,2012,0.3462369463449766,0.6537630536550234,0.5,0.5
18,Indiana,3049,5413,-1,-1,2012,0.3603167099976365,0.6396832900023635,0.5,0.5
19,Iowa,1943,5129,-1,-1,2012,0.2747454751131222,0.7252545248868778,0.5,0.5
20,Kansas,3168,8465,-1,-1,2012,0.27232872002063097,0.7276712799793691,0.5,0.5
21,Kentucky,3888,7110,-1,-1,2012,0.353518821603928,0.646481178396072,0.5,0.5
22,Louisiana,2700,6234,-1,-1,2012,0.3022162525184688,0.6977837474815313,0.5,0.5
23,Maine,3352,6407,-1,-1,2012,0.3434778153499334,0.6565221846500666,0.5,0.5
24,Maryland,3715,8834,-1,-1,2012,0.2960395250617579,0.7039604749382421,0.5,0.5
25,Massachusetts,7228,14121,-1,-1,2012,0.3385638671600543,0.6614361328399456,0.5,0.5
26,Michigan,3536,6842,-1,-1,2012,0.3407207554442089,0.6592792445557911,0.5,0.5
27,Minnesota,3634,8444,-1,-1,2012,0.3008776287464812,0.6991223712535188,0.5,0.5
28,Mississippi,2245,5376,-1,-1,2012,0.2945807636793072,0.7054192363206928,0.5,0.5
29,Missouri,2040,4609,-1,-1,2012,0.3068130545946759,0.6931869454053241,0.5,0.5
30,Montana,2710,5824,-1,-1,2012,0.317553316147176,0.682446683852824,0.5,0.5
31,Nebraska,5412,13523,-1,-1,2012,0.28581991021917086,0.7141800897808291,0.5,0.5
32,Nevada,1658,3101,-1,-1,2012,0.3483925194368565,0.6516074805631435,0.5,0.5
33,New Hampshire,2319,5105,-1,-1,2012,0.31236530172413796,0.6876346982758621,0.5,0.5
34,New Jersey,4574,10828,-1,-1,2012,0.2969744189066355,0.7030255810933645,0.5,0.5
35,New Mexico,2870,5804,-1,-1,2012,0.3308738759511183,0.6691261240488817,0.5,0.5
36,New York,2135,3765,-1,-1,2012,0.36186440677966103,0.638135593220339,0.5,0.5
37,North Carolina,3504,8178,-1,-1,2012,0.29994863893168977,0.7000513610683102,0.5,0.5
38,North Dakota,1387,3389,-1,-1,2012,0.2904103852596315,0.7095896147403685,0.5,0.5
39,Ohio,4120,8667,-1,-1,2012,0.3222022366465942,0.6777977633534058,0.5,0.5
40,Oklahoma,2529,5378,-1,-1,2012,0.31984317693183256,0.6801568230681675,0.5,0.5
41,Oregon,1834,3362,-1,-1,2012,0.35296381832178597,0.647036181678214,0.5,0.5
42,Pennsylvania,6351,13185,-1,-1,2012,0.32509213759213756,0.6749078624078624,0.5,0.5
44,Rhode Island,1860,3531,-1,-1,2012,0.34501947690595436,0.6549805230940456,0.5,0.5
45,South Carolina,3946,8552,-1,-1,2012,0.3157305168827012,0.6842694831172987,0.5,0.5
46,South Dakota,2006,5743,-1,-1,2012,0.2588721125306491,0.7411278874693509,0.5,0.5
47,Tennessee,1932,4976,-1,-1,2012,0.2796757382744644,0.7203242617255357,0.5,0.5
48,Texas,2853,6080,-1,-1,2012,0.31937758871599686,0.6806224112840031,0.5,0.5
49,Utah,4266,7952,-1,-1,2012,0.3491569815027009,0.6508430184972991,0.5,0.5
50,Vermont,1969,4005,-1,-1,2012,0.32959491128222296,0.670405088717777,0.5,0.5
51,Virginia,2005,5241,-1,-1,2012,0.2767043886282087,0.7232956113717913,0.5,0.5
53,Washington,5249,9875,-1,-1,2012,0.347064268711981,0.6529357312880191,0.5,0.5
54,West Virginia,1677,3649,-1,-1,2012,0.3148704468644386,0.6851295531355613,0.5,0.5
55,Wisconsin,1655,3582,-1,-1,2012,0.31602062249379415,0.6839793775062059,0.5,0.5
56,Wyoming,1776,4401,-1,-1,2012,0.2875182127246236,0.7124817872753764,0.5,0.5
66,Guam,560,1429,-1,-1,2012,0.2815485168426345,0.7184514831573655,0.5,0.5
72,Puerto Rico,1353,4883,-1,-1,2012,0.21696600384862091,0.7830339961513791,0.5,0.5
1,Alabama,2592,4967,-1,-1,2011,0.34290250033073155,0.6570974996692684,0.5,0.5
2,Alaska,1079,2343,-1,-1,2011,0.31531268264172996,0.68468731735827,0.5,0.5
4,Arizona,2106,4305,-1,-1,2011,0.3284978942442677,0.6715021057557323,0.5,0.5
5,Arkansas,1526,3091,-1,-1,2011,0.33051765215507906,0.669482347844921,0.5,0.5
6,California,6449,11453,-1,-1,2011,0.36023907943246564,0.6397609205675343,0.5,0.5
8,Colorado,4103,9255,-1,-1,2011,0.3071567599940111,0.692843240005989,0.5,0.5
9,Connecticut,2246,4497,-1,-1,2011,0.3330861634287409,0.6669138365712591,0.5,0.5
10,Delaware,1391,3357,-1,-1,2011,0.29296545914069083,0.7070345408593092,0.5,0.5
11,District of Columbia,1417,3077,-1,-1,2011,0.3153093012906097,0.6846906987093903,0.5,0.5
12,Florida,3909,8113,-1,-1,2011,0.3251538845450008,0.6748461154549992,0.5,0.5
13,Georgia,2849,6818,-1,-1,2011,0.2947139753801593,0.7052860246198407,0.5,0.5
15,Hawaii,2081,5453,-1,-1,2011,0.27621449429254047,0.7237855057074595,0.5,0.5
16,Idaho,1990,3990,-1,-1,2011,0.33277591973244147,0.6672240802675585,0.5,0.5
17,Illinois,1973,3465,-1,-1,2011,0.36281721221037144,0.6371827877896286,0.5,0.5
18,Indiana,2786,5463,-1,-1,2011,0.3377379076251667,0.6622620923748334,0.5,0.5
19,Iowa,1922,5323,-1,-1,2011,0.2652864044168392,0.7347135955831609,0.5,0.5
20,Kansas,5755,14666,-1,-1,2011,0.2818177366436511,0.7181822633563488,0.5,0.5
21,Kentucky,3676,6985,-1,-1,2011,0.3448081793452772,0.6551918206547228,0.5,0.5
22,Louisiana,3372,7387,-1,-1,2011,0.31341202714006877,0.6865879728599312,0.5,0.5
23,Maine,4407,8572,-1,-1,2011,0.33954850142537946,0.6604514985746205,0.5,0.5
24,Maryland,2903,7032,-1,-1,2011,0.2921992954202315,0.7078007045797685,0.5,0.5
25,Massachusetts,6998,14751,-1,-1,2011,0.3217619200882799,0.67823807991172,0.5,0.5
26,Michigan,3633,7282,-1,-1,2011,0.33284470911589553,0.6671552908841044,0.5,0.5
27,Minnesota,4671,10389,-1,-1,2011,0.3101593625498008,0.6898406374501992,0.5,0.5
28,Mississippi,2687,6067,-1,-1,2011,0.3069453963902216,0.6930546036097784,0.5,0.5
29,Missouri,1882,4420,-1,-1,2011,0.2986353538559188,0.7013646461440812,0.5,0.5
30,Montana,3240,6842,-1,-1,2011,0.3213648085697282,0.6786351914302717,0.5,0.5
31,Nebraska,7425,17611,-1,-1,2011,0.29657293497363796,0.703427065026362,0.5,0.5
32,Nevada,1731,3675,-1,-1,2011,0.3201997780244173,0.6798002219755827,0.5,0.5
33,New Hampshire,2001,4260,-1,-1,2011,0.319597508385242,0.6804024916147581,0.5,0.5
34,New Jersey,4553,10180,-1,-1,2011,0.309034141043915,0.690965858956085,0.5,0.5
35,New Mexico,2962,6320,-1,-1,2011,0.31911226028873085,0.6808877397112691,0.5,0.5
36,New York,2602,4900,-1,-1,2011,0.34684084244201546,0.6531591575579845,0.5,0.5
37,North Carolina,3299,8019,-1,-1,2011,0.2914825940978972,0.7085174059021029,0.5,0.5
38,North Dakota,1528,3666,-1,-1,2011,0.29418559876780903,0.705814401232191,0.5,0.5
39,Ohio,3175,6567,-1,-1,2011,0.32590843769246564,0.6740915623075344,0.5,0.5
40,Oklahoma,2807,5579,-1,-1,2011,0.3347245409015025,0.6652754590984975,0.5,0.5
41,Oregon,2038,4085,-1,-1,2011,0.3328433774293647,0.6671566225706353,0.5,0.5
42,Pennsylvania,3895,7339,-1,-1,2011,0.3467153284671533,0.6532846715328468,0.5,0.5
44,Rhode Island,2226,4212,-1,-1,2011,0.34575955265610436,0.6542404473438956,0.5,0.5
45,South Carolina,3934,8653,-1,-1,2011,0.312544688964805,0.6874553110351951,0.5,0.5
46,South Dakota,2074,6055,-1,-1,2011,0.25513593307909954,0.7448640669209005,0.5,0.5
47,Tennessee,1445,4342,-1,-1,2011,0.2496975980646276,0.7503024019353723,0.5,0.5
48,Texas,4484,10044,-1,-1,2011,0.3086453744493392,0.6913546255506607,0.5,0.5
49,Utah,4418,8052,-1,-1,2011,0.35429029671210904,0.6457097032878909,0.5,0.5
50,Vermont,2318,4656,-1,-1,2011,0.3323774017780327,0.6676225982219673,0.5,0.5
51,Virginia,1832,4615,-1,-1,2011,0.28416317667132,0.71583682332868,0.5,0.5
53,Washington,4592,9951,-1,-1,2011,0.3157532833665681,0.6842467166334318,0.5,0.5
54,West Virginia,1693,3503,-1,-1,2011,0.3258275596612779,0.6741724403387221,0.5,0.5
55,Wisconsin,1628,3611,-1,-1,2011,0.3107463256346631,0.6892536743653369,0.5,0.5
56,Wyoming,2161,4587,-1,-1,2011,0.3202430349733254,0.6797569650266746,0.5,0.5
66,Guam,462,1395,-1,-1,2011,0.24878836833602586,0.7512116316639742,0.5,0.5
72,Puerto Rico,1463,5073,-1,-1,2011,0.2238372093023256,0.7761627906976745,0.5,0.5
1,Alabama,2385,5102,-1,-1,2010,0.3185521570722586,0.6814478429277414,0.5,0.5
2,Alaska,603,1287,-1,-1,2010,0.319047619047619,0.680952380952381,0.5,0.5
4,Arizona,1805,3884,-1,-1,2010,0.3172789593953243,0.6827210406046756,0.5,0.5
5,Arkansas,1219,2701,-1,-1,2010,0.310969387755102,0.6890306122448979,0.5,0.5
6,California,6333,11327,-1,-1,2010,0.3586070215175538,0.6413929784824463,0.5,0.5
8,Colorado,3613,7883,-1,-1,2010,0.31428322894919974,0.6857167710508003,0.5,0.5
9,Connecticut,2125,4553,-1,-1,2010,0.31820904462413896,0.681790955375861,0.5,0.5
10,Delaware,1253,2952,-1,-1,2010,0.2979785969084423,0.7020214030915577,0.5,0.5
11,District of Columbia,1181,2732,-1,-1,2010,0.30181446460516226,0.6981855353948377,0.5,0.5
12,Florida,10839,23358,-1,-1,2010,0.31695762786209314,0.6830423721379069,0.5,0.5
13,Georgia,1631,4026,-1,-1,2010,0.28831536149902776,0.7116846385009723,0.5,0.5
15,Hawaii,1716,4777,-1,-1,2010,0.2642846141999076,0.7357153858000924,0.5,0.5
16,Idaho,2232,4643,-1,-1,2010,0.3246545454545455,0.6753454545454546,0.5,0.5
17,Illinois,1930,3244,-1,-1,2010,0.37301894085813686,0.6269810591418632,0.5,0.5
18,Indiana,3378,6626,-1,-1,2010,0.3376649340263894,0.6623350659736106,0.5,0.5
19,Iowa,1551,4456,-1,-1,2010,0.2581987681038788,0.7418012318961212,0.5,0.5
20,Kansas,2317,6135,-1,-1,2010,0.27413629910080456,0.7258637008991955,0.5,0.5
21,Kentucky,2811,5111,-1,-1,2010,0.35483463771774804,0.645165362282252,0.5,0.5
22,Louisiana,2126,4795,-1,-1,2010,0.30718104320184947,0.6928189567981505,0.5,0.5
23,Maine,2588,5394,-1,-1,2010,0.3242295164119268,0.6757704835880731,0.5,0.5
24,Maryland,2608,6313,-1,-1,2010,0.29234390763367335,0.7076560923663267,0.5,0.5
25,Massachusetts,4862,11103,-1,-1,2010,0.30454118383964923,0.6954588161603508,0.5,0.5
26,Michigan,2885,5871,-1,-1,2010,0.3294883508451348,0.6705116491548653,0.5,0.5
27,Minnesota,2408,6344,-1,-1,2010,0.27513711151736747,0.7248628884826326,0.5,0.5
28,Mississippi,2377,5553,-1,-1,2010,0.29974779319041617,0.7002522068095839,0.5,0.5
29,Missouri,1658,3690,-1,-1,2010,0.3100224382946896,0.6899775617053104,0.5,0.5
30,Montana,2332,4846,-1,-1,2010,0.3248815826135414,0.6751184173864586,0.5,0.5
31,Nebraska,4594,11511,-1,-1,2010,0.28525302701024524,0.7147469729897548,0.5,0.5
32,Nevada,1265,2615,-1,-1,2010,0.32603092783505155,0.6739690721649485,0.5,0.5
33,New Hampshire,1803,4175,-1,-1,2010,0.3016058882569421,0.6983941117430579,0.5,0.5
34,New Jersey,3653,8360,-1,-1,2010,0.3040872388246067,0.6959127611753934,0.5,0.5
35,New Mexico,2203,4694,-1,-1,2010,0.3194142380745252,0.6805857619254748,0.5,0.5
36,New York,2948,5762,-1,-1,2010,0.3384615384615385,0.6615384615384615,0.5,0.5
37,North Carolina,3459,8477,-1,-1,2010,0.2897955764075067,0.7102044235924933,0.5,0.5
38,North Dakota,1287,3388,-1,-1,2010,0.2752941176470588,0.7247058823529412,0.5,0.5
39,Ohio,3169,6492,-1,-1,2010,0.3280198737190767,0.6719801262809233,0.5,0.5
40,Oklahoma,2442,5167,-1,-1,2010,0.32093573399921144,0.6790642660007885,0.5,0.5
41,Oregon,1634,3344,-1,-1,2010,0.3282442748091603,0.6717557251908397,0.5,0.5
42,Pennsylvania,3565,7436,-1,-1,2010,0.32406144895918554,0.6759385510408145,0.5,0.5
44,Rhode Island,2157,4365,-1,-1,2010,0.33072677092916286,0.6692732290708372,0.5,0.5
45,South Carolina,2710,6431,-1,-1,2010,0.2964664697516683,0.7035335302483317,0.5,0.5
46,South Dakota,1554,5054,-1,-1,2010,0.23516949152542374,0.7648305084745762,0.5,0.5
47,Tennessee,1345,4320,-1,-1,2010,0.23742277140335394,0.7625772285966461,0.5,0.5
48,Texas,5660,11791,-1,-1,2010,0.324336714228411,0.6756632857715891,0.5,0.5
49,Utah,3424,6573,-1,-1,2010,0.34250275082524756,0.6574972491747524,0.5,0.5
50,Vermont,2225,4456,-1,-1,2010,0.33303397694955844,0.6669660230504415,0.5,0.5
51,Virginia,1472,3802,-1,-1,2010,0.2791050436101631,0.7208949563898369,0.5,0.5
53,Washington,6051,13282,-1,-1,2010,0.3129881549681891,0.6870118450318109,0.5,0.5
54,West Virginia,1373,2965,-1,-1,2010,0.3165053019824804,0.6834946980175196,0.5,0.5
55,Wisconsin,1514,3210,-1,-1,2010,0.32049110922946655,0.6795088907705334,0.5,0.5
56,Wyoming,1787,3950,-1,-1,2010,0.3114868398117483,0.6885131601882517,0.5,0.5
66,Guam,172,593,-1,-1,2010,0.22483660130718955,0.7751633986928105,0.5,0.5
72,Puerto Rico,771,2704,-1,-1,2010,0.2218705035971223,0.7781294964028777,0.5,0.5
1,Alabama,2153,4463,-1,-1,2009,0.32542321644498184,0.6745767835550182,0.5,0.5
2,Alaska,738,1625,-1,-1,2009,0.3123148539991536,0.6876851460008464,0.5,0.5
4,Arizona,1736,3667,-1,-1,2009,0.32130297982602257,0.6786970201739774,0.5,0.5
5,Arkansas,1207,2697,-1,-1,2009,0.30917008196721313,0.6908299180327869,0.5,0.5
6,California,6092,11224,-1,-1,2009,0.3518133518133518,0.6481866481866482,0.5,0.5
8,Colorado,3605,8163,-1,-1,2009,0.30633922501699523,0.6936607749830047,0.5,0.5
9,Connecticut,1968,4446,-1,-1,2009,0.3068288119738073,0.6931711880261927,0.5,0.5
10,Delaware,1293,3022,-1,-1,2009,0.2996523754345307,0.7003476245654693,0.5,0.5
11,District of Columbia,1202,2642,-1,-1,2009,0.31269510926118627,0.6873048907388137,0.5,0.5
12,Florida,3134,8619,-1,-1,2009,0.2666553220454352,0.7333446779545648,0.5,0.5
13,Georgia,1538,4223,-1,-1,2009,0.2669675403575768,0.7330324596424231,0.5,0.5
15,Hawaii,1862,4780,-1,-1,2009,0.2803372478169226,0.7196627521830774,0.5,0.5
16,Idaho,1661,3654,-1,-1,2009,0.3125117591721543,0.6874882408278458,0.5,0.5
17,Illinois,2067,3752,-1,-1,2009,0.35521567279601307,0.6447843272039869,0.5,0.5
18,Indiana,3023,6071,-1,-1,2009,0.3324169782274027,0.6675830217725973,0.5,0.5
19,Iowa,1545,4396,-1,-1,2009,0.26005722942265613,0.7399427705773439,0.5,0.5
20,Kansas,5216,13486,-1,-1,2009,0.2789006523366485,0.7210993476633515,0.5,0.5
21,Kentucky,3410,6126,-1,-1,2009,0.3575922818791946,0.6424077181208053,0.5,0.5
22,Louisiana,2501,6264,-1,-1,2009,0.28533941814033087,0.7146605818596692,0.5,0.5
23,Maine,2598,5344,-1,-1,2009,0.3271216318307731,0.6728783681692269,0.5,0.5
24,Maryland,2603,5837,-1,-1,2009,0.3084123222748815,0.6915876777251185,0.5,0.5
25,Massachusetts,5276,11121,-1,-1,2009,0.32176617673964747,0.6782338232603525,0.5,0.5
26,Michigan,2974,6129,-1,-1,2009,0.3267054817093266,0.6732945182906734,0.5,0.5
27,Minnesota,1602,3981,-1,-1,2009,0.28694250403009136,0.7130574959699086,0.5,0.5
28,Mississippi,3293,7704,-1,-1,2009,0.2994453032645267,0.7005546967354733,0.5,0.5
29,Missouri,1647,3353,-1,-1,2009,0.3294,0.6706,0.5,0.5
30,Montana,2352,5154,-1,-1,2009,0.3133493205435651,0.6866506794564349,0.5,0.5
31,Nebraska,4298,11435,-1,-1,2009,0.27318375389309096,0.7268162461069091,0.5,0.5
32,Nevada,1268,2523,-1,-1,2009,0.3344763914534424,0.6655236085465577,0.5,0.5
33,New Hampshire,1862,4069,-1,-1,2009,0.313943685719103,0.686056314280897,0.5,0.5
34,New Jersey,3640,8385,-1,-1,2009,0.3027027027027027,0.6972972972972973,0.5,0.5
35,New Mexico,2850,5865,-1,-1,2009,0.3270223752151463,0.6729776247848537,0.5,0.5
36,New York,2224,4562,-1,-1,2009,0.32773356911287943,0.6722664308871206,0.5,0.5
37,North Carolina,4026,9042,-1,-1,2009,0.30808080808080807,0.6919191919191919,0.5,0.5
38,North Dakota,1274,3424,-1,-1,2009,0.2711792252022137,0.7288207747977863,0.5,0.5
39,Ohio,3131,6519,-1,-1,2009,0.3244559585492228,0.6755440414507772,0.5,0.5
40,Oklahoma,2527,5197,-1,-1,2009,0.3271620921802175,0.6728379078197825,0.5,0.5
41,Oregon,1245,2993,-1,-1,2009,0.29377064653138274,0.7062293534686173,0.5,0.5
42,Pennsylvania,2834,6169,-1,-1,2009,0.31478396090192157,0.6852160390980784,0.5,0.5
44,Rhode Island,2010,4213,-1,-1,2009,0.32299533986823076,0.6770046601317693,0.5,0.5
45,South Carolina,2811,6757,-1,-1,2009,0.2937918060200669,0.7062081939799331,0.5,0.5
46,South Dakota,1669,5070,-1,-1,2009,0.24766285799079982,0.7523371420092002,0.5,0.5
47,Tennessee,1388,4122,-1,-1,2009,0.2519056261343013,0.7480943738656988,0.5,0.5
48,Texas,3633,7748,-1,-1,2009,0.31921623758896406,0.6807837624110359,0.5,0.5
49,Utah,3527,6470,-1,-1,2009,0.3528058417525258,0.6471941582474743,0.5,0.5
50,Vermont,2165,4398,-1,-1,2009,0.3298796282188024,0.6701203717811977,0.5,0.5
51,Virginia,1375,3703,-1,-1,2009,0.27077589602205593,0.7292241039779441,0.5,0.5
53,Washington,6290,13728,-1,-1,2009,0.31421720451593566,0.6857827954840643,0.5,0.5
54,West Virginia,1326,3435,-1,-1,2009,0.27851291745431633,0.7214870825456837,0.5,0.5
55,Wisconsin,1456,3061,-1,-1,2009,0.3223378348461368,0.6776621651538632,0.5,0.5
56,Wyoming,1817,4148,-1,-1,2009,0.3046102263202012,0.6953897736797988,0.5,0.5
66,Guam,261,986,-1,-1,2009,0.20930232558139536,0.7906976744186046,0.5,0.5
72,Puerto Rico,920,3216,-1,-1,2009,0.22243713733075435,0.7775628626692457,0.5,0.5
1,Alabama,2217,4117,-1,-1,2008,0.3500157878118093,0.6499842121881907,0.5,0.5
2,Alaska,830,1736,-1,-1,2008,0.323460639127046,0.676539360872954,0.5,0.5
4,Arizona,1871,4204,-1,-1,2008,0.3079835390946502,0.6920164609053497,0.5,0.5
5,Arkansas,1680,3892,-1,-1,2008,0.3015075376884422,0.6984924623115578,0.5,0.5
6,California,4163,7332,-1,-1,2008,0.36215745976511526,0.6378425402348847,0.5,0.5
8,Colorado,3636,7960,-1,-1,2008,0.31355639875819247,0.6864436012418075,0.5,0.5
9,Connecticut,1948,4128,-1,-1,2008,0.3206056616194865,0.6793943383805134,0.5,0.5
10,Delaware,1187,2799,-1,-1,2008,0.2977922729553437,0.7022077270446563,0.5,0.5
11,District of Columbia,1326,2846,-1,-1,2008,0.31783317353787155,0.6821668264621285,0.5,0.5
12,Florida,2975,7660,-1,-1,2008,0.27973671838269865,0.7202632816173014,0.5,0.5
13,Georgia,1679,3928,-1,-1,2008,0.2994471196718388,0.7005528803281612,0.5,0.5
15,Hawaii,1966,4421,-1,-1,2008,0.307812744637545,0.692187255362455,0.5,0.5
16,Idaho,1691,3341,-1,-1,2008,0.3360492845786963,0.6639507154213037,0.5,0.5
17,Illinois,1843,3289,-1,-1,2008,0.35911925175370224,0.6408807482462977,0.5,0.5
18,Indiana,1574,3240,-1,-1,2008,0.32696302451184045,0.6730369754881596,0.5,0.5
19,Iowa,1659,4227,-1,-1,2008,0.281855249745158,0.718144750254842,0.5,0.5
20,Kansas,2257,6252,-1,-1,2008,0.265248560347867,0.7347514396521331,0.5,0.5
21,Kentucky,2966,5040,-1,-1,2008,0.3704721458905821,0.6295278541094179,0.5,0.5
22,Louisiana,1518,4565,-1,-1,2008,0.24954792043399637,0.7504520795660036,0.5,0.5
23,Maine,2171,4542,-1,-1,2008,0.3234023536421868,0.6765976463578132,0.5,0.5
24,Maryland,3195,6175,-1,-1,2008,0.3409818569903949,0.6590181430096052,0.5,0.5
25,Massachusetts,6642,13575,-1,-1,2008,0.3285353910075679,0.6714646089924321,0.5,0.5
26,Michigan,3120,6198,-1,-1,2008,0.33483580167417903,0.665164198325821,0.5,0.5
27,Minnesota,1207,3068,-1,-1,2008,0.2823391812865497,0.7176608187134503,0.5,0.5
28,Mississippi,2425,5361,-1,-1,2008,0.311456460313383,0.688543539686617,0.5,0.5
29,Missouri,1689,3391,-1,-1,2008,0.3324803149606299,0.6675196850393701,0.5,0.5
30,Montana,2124,4608,-1,-1,2008,0.3155080213903743,0.6844919786096256,0.5,0.5
31,Nebraska,4254,11782,-1,-1,2008,0.26527812422050384,0.7347218757794961,0.5,0.5
32,Nevada,1690,3032,-1,-1,2008,0.35789919525624736,0.6421008047437526,0.5,0.5
33,New Hampshire,2211,4591,-1,-1,2008,0.32505145545427816,0.6749485445457218,0.5,0.5
34,New Jersey,3344,8184,-1,-1,2008,0.2900763358778626,0.7099236641221374,0.5,0.5
35,New Mexico,1994,4168,-1,-1,2008,0.32359623498864004,0.6764037650113599,0.5,0.5
36,New York,2541,5213,-1,-1,2008,0.3277018313128708,0.6722981686871292,0.5,0.5
37,North Carolina,4772,10787,-1,-1,2008,0.30670351565010606,0.693296484349894,0.5,0.5
38,North Dakota,1353,3589,-1,-1,2008,0.27377579927155,0.7262242007284501,0.5,0.5
39,Ohio,4280,8495,-1,-1,2008,0.3350293542074364,0.6649706457925636,0.5,0.5
40,Oklahoma,2499,5179,-1,-1,2008,0.32547538421463923,0.6745246157853608,0.5,0.5
41,Oregon,1417,3329,-1,-1,2008,0.29856721449641804,0.701432785503582,0.5,0.5
42,Pennsylvania,4219,8720,-1,-1,2008,0.3260684751526393,0.6739315248473607,0.5,0.5
44,Rhode Island,1583,3146,-1,-1,2008,0.3347430746458025,0.6652569253541976,0.5,0.5
45,South Carolina,3045,6867,-1,-1,2008,0.3072033898305085,0.6927966101694916,0.5,0.5
46,South Dakota,1779,5118,-1,-1,2008,0.25793823401478905,0.742061765985211,0.5,0.5
47,Tennessee,1337,3613,-1,-1,2008,0.2701010101010101,0.7298989898989899,0.5,0.5
48,Texas,3175,7397,-1,-1,2008,0.3003216042376088,0.6996783957623912,0.5,0.5
49,Utah,1936,3318,-1,-1,2008,0.36848115721355157,0.6315188427864484,0.5,0.5
50,Vermont,2214,4409,-1,-1,2008,0.33428959685942927,0.6657104031405707,0.5,0.5
51,Virginia,1596,3634,-1,-1,2008,0.30516252390057363,0.6948374760994264,0.5,0.5
53,Washington,7099,15149,-1,-1,2008,0.31908486156058974,0.6809151384394103,0.5,0.5
54,West Virginia,1264,2828,-1,-1,2008,0.3088954056695992,0.6911045943304008,0.5,0.5
55,Wisconsin,2343,4673,-1,-1,2008,0.3339509692132269,0.6660490307867731,0.5,0.5
56,Wyoming,2468,5412,-1,-1,2008,0.3131979695431472,0.6868020304568528,0.5,0.5
66,Guam,221,563,-1,-1,2008,0.28188775510204084,0.7181122448979592,0.5,0.5
72,Puerto Rico,1140,3246,-1,-1,2008,0.25991792065663477,0.7400820793433652,0.5,0.5
1,Alabama,2342,4721,-1,-1,2007,0.3315871442729718,0.6684128557270281,0.5,0.5
2,Alaska,821,1629,-1,-1,2007,0.33510204081632655,0.6648979591836734,0.5,0.5
4,Arizona,1522,3135,-1,-1,2007,0.32681984109942025,0.6731801589005798,0.5,0.5
5,Arkansas,1780,3808,-1,-1,2007,0.3185397279885469,0.6814602720114531,0.5,0.5
6,California,2065,3599,-1,-1,2007,0.3645833333333333,0.6354166666666666,0.5,0.5
8,Colorado,3804,7957,-1,-1,2007,0.32344188419352093,0.6765581158064791,0.5,0.5
9,Connecticut,2334,5086,-1,-1,2007,0.31455525606469004,0.68544474393531,0.5,0.5
10,Delaware,1306,2666,-1,-1,2007,0.3288016112789527,0.6711983887210473,0.5,0.5
11,District of Columbia,1256,2657,-1,-1,2007,0.3209813442371582,0.6790186557628418,0.5,0.5
12,Florida,10994,27692,-1,-1,2007,0.28418549346016647,0.7158145065398336,0.5,0.5
13,Georgia,2469,5079,-1,-1,2007,0.32710651828298887,0.6728934817170111,0.5,0.5
15,Hawaii,1938,4608,-1,-1,2007,0.29605866177818513,0.7039413382218148,0.5,0.5
16,Idaho,1739,3495,-1,-1,2007,0.3322506687046236,0.6677493312953764,0.5,0.5
17,Illinois,1835,3366,-1,-1,2007,0.3528167660065372,0.6471832339934628,0.5,0.5
18,Indiana,1958,3931,-1,-1,2007,0.3324842927491934,0.6675157072508066,0.5,0.5
19,Iowa,1388,3947,-1,-1,2007,0.26016869728209935,0.7398313027179007,0.5,0.5
20,Kansas,2221,6152,-1,-1,2007,0.26525737489549744,0.7347426251045026,0.5,0.5
21,Kentucky,1909,4821,-1,-1,2007,0.2836552748885587,0.7163447251114413,0.5,0.5
22,Louisiana,1514,4965,-1,-1,2007,0.2336780367340639,0.766321963265936,0.5,0.5
23,Maine,2176,4544,-1,-1,2007,0.3238095238095238,0.6761904761904762,0.5,0.5
24,Maryland,2848,5856,-1,-1,2007,0.3272058823529412,0.6727941176470589,0.5,0.5
25,Massachusetts,6914,14284,-1,-1,2007,0.32616284555146713,0.6738371544485329,0.5,0.5
26,Michigan,2616,4762,-1,-1,2007,0.3545676335050149,0.6454323664949851,0.5,0.5
27,Minnesota,1345,3413,-1,-1,2007,0.2826817990752417,0.7173182009247583,0.5,0.5
28,Mississippi,2447,5195,-1,-1,2007,0.3202041350431824,0.6797958649568175,0.5,0.5
29,Missouri,1750,3456,-1,-1,2007,0.3361505954667691,0.6638494045332309,0.5,0.5
30,Montana,1919,3992,-1,-1,2007,0.32464895956690915,0.6753510404330908,0.5,0.5
31,Nebraska,2856,7922,-1,-1,2007,0.26498422712933756,0.7350157728706624,0.5,0.5
32,Nevada,1533,2549,-1,-1,2007,0.3755512003919647,0.6244487996080352,0.5,0.5
33,New Hampshire,1940,3973,-1,-1,2007,0.3280906477253509,0.6719093522746491,0.5,0.5
34,New Jersey,2278,4851,-1,-1,2007,0.31953990742039556,0.6804600925796044,0.5,0.5
35,New Mexico,2112,4407,-1,-1,2007,0.3239760699493787,0.6760239300506212,0.5,0.5
36,New York,2087,4305,-1,-1,2007,0.32650187734668334,0.6734981226533167,0.5,0.5
37,North Carolina,4316,10194,-1,-1,2007,0.2974500344589938,0.7025499655410062,0.5,0.5
38,North Dakota,1318,3338,-1,-1,2007,0.28307560137457044,0.7169243986254296,0.5,0.5
39,Ohio,3749,7271,-1,-1,2007,0.34019963702359346,0.6598003629764065,0.5,0.5
40,Oklahoma,2305,5012,-1,-1,2007,0.3150198168648353,0.6849801831351647,0.5,0.5
41,Oregon,1519,3371,-1,-1,2007,0.31063394683026585,0.6893660531697342,0.5,0.5
42,Pennsylvania,4220,8754,-1,-1,2007,0.3252659164482812,0.6747340835517188,0.5,0.5
44,Rhode Island,1464,2970,-1,-1,2007,0.3301759133964817,0.6698240866035182,0.5,0.5
45,South Carolina,3100,7042,-1,-1,2007,0.30565963320844014,0.6943403667915599,0.5,0.5
46,South Dakota,1716,5034,-1,-1,2007,0.25422222222222224,0.7457777777777778,0.5,0.5
47,Tennessee,1301,3652,-1,-1,2007,0.26266908944074296,0.737330910559257,0.5,0.5
48,Texas,5161,11750,-1,-1,2007,0.3051859736266336,0.6948140263733664,0.5,0.5
49,Utah,1750,3216,-1,-1,2007,0.3523962948046718,0.6476037051953283,0.5,0.5
50,Vermont,2178,4654,-1,-1,2007,0.31879391100702575,0.6812060889929742,0.5,0.5
51,Virginia,1861,4245,-1,-1,2007,0.30478218146085817,0.6952178185391418,0.5,0.5
53,Washington,8381,17165,-1,-1,2007,0.328074845376967,0.6719251546230329,0.5,0.5
54,West Virginia,1285,3101,-1,-1,2007,0.29297765617875055,0.7070223438212494,0.5,0.5
55,Wisconsin,2306,5063,-1,-1,2007,0.3129325552992265,0.6870674447007735,0.5,0.5
56,Wyoming,1968,4098,-1,-1,2007,0.32443125618199803,0.675568743818002,0.5,0.5
66,Guam,170,473,-1,-1,2007,0.2643856920684292,0.7356143079315708,0.5,0.5
72,Puerto Rico,1031,2801,-1,-1,2007,0.2690501043841336,0.7309498956158664,0.5,0.5
