FIPS,Name,have_mentalhealth,have_no_mentalhealth,no_workout,workout,year,p_have_mentalhealth,p_have_no_mentalhealth,p_workout,p_no_workout
1,Alabama,2260,4311,2187,4043,2017,0.3439354740526556,0.6560645259473444,0.6489566613162119,0.3510433386837881
2,Alaska,987,2129,696,2300,2017,0.31675224646983313,0.6832477535301669,0.7676902536715621,0.23230974632843793
4,Arizona,4755,10514,3498,10546,2017,0.3114152858733381,0.6885847141266619,0.7509256622045002,0.24907433779549987
5,Arkansas,1604,3631,1769,3110,2017,0.3063992359121299,0.6936007640878701,0.6374257019881123,0.3625742980118877
6,California,3268,5999,1567,6659,2017,0.352649185281105,0.647350814718895,0.8095064429856552,0.19049355701434476
8,Colorado,3373,6278,1630,7041,2017,0.34949746140296345,0.6505025385970366,0.8120170683888824,0.1879829316111175
9,Connecticut,3146,7288,2203,7438,2017,0.3015142802376845,0.6984857197623155,0.7714967327040764,0.22850326729592366
10,Delaware,1216,2846,1215,2588,2017,0.29935992122107336,0.7006400787789266,0.68051538259269,0.31948461740731005
11,District of Columbia,1258,2533,961,2770,2017,0.33183856502242154,0.6681614349775785,0.7424283034039132,0.25757169659608686
12,Florida,6684,14953,6487,13778,2017,0.308915284004252,0.6910847159957481,0.6798914384406612,0.32010856155933876
13,Georgia,1753,4205,1827,3671,2017,0.2942262504196039,0.7057737495803961,0.667697344488905,0.33230265551109495
15,Hawaii,2396,5318,1545,5625,2017,0.3106040964480166,0.6893959035519834,0.7845188284518828,0.21548117154811716
16,Idaho,1634,3174,1170,3414,2017,0.3398502495840266,0.6601497504159733,0.7447643979057592,0.25523560209424084
17,Illinois,1946,3560,1262,3893,2017,0.3534326189611333,0.6465673810388667,0.7551891367604268,0.24481086323957324
18,Indiana,4716,8853,3911,8797,2017,0.3475569312403272,0.6524430687596727,0.6922411079634876,0.3077588920365124
19,Iowa,2267,5340,1834,5311,2017,0.2980149861969239,0.7019850138030761,0.7433170048985305,0.2566829951014696
20,Kansas,6494,14941,5721,14188,2017,0.30296244459995336,0.6970375554000466,0.7126425234818424,0.28735747651815763
21,Kentucky,2987,5539,2921,5127,2017,0.35034013605442177,0.6496598639455783,0.6370526838966203,0.3629473161033797
22,Louisiana,1743,2972,1374,2902,2017,0.3696712619300106,0.6303287380699893,0.6786716557530402,0.3213283442469598
23,Maine,3304,6252,2235,6873,2017,0.3457513604018418,0.6542486395981583,0.7546113306982872,0.24538866930171277
24,Maryland,4055,9315,3239,9064,2017,0.3032909498878085,0.6967090501121914,0.7367308786474843,0.2632691213525156
25,Massachusetts,2394,4365,1500,4961,2017,0.35419440745672437,0.6458055925432756,0.7678377960068101,0.2321622039931899
26,Michigan,3874,6885,2648,7644,2017,0.36007063853517984,0.6399293614648202,0.7427127866303925,0.25728721336960747
27,Minnesota,4988,11882,4083,11819,2017,0.2956727919383521,0.704327208061648,0.7432398440447743,0.2567601559552258
28,Mississippi,1660,3284,1535,3031,2017,0.33576051779935273,0.6642394822006472,0.6638195356986422,0.33618046430135784
29,Missouri,2331,5170,2259,4962,2017,0.31075856552459674,0.6892414344754033,0.6871624428749481,0.31283755712505196
30,Montana,1708,4113,1605,4066,2017,0.2934203745060986,0.7065796254939014,0.7169811320754716,0.2830188679245283
31,Nebraska,4399,10780,4076,10220,2017,0.2898082877659925,0.7101917122340075,0.7148852825965305,0.2851147174034695
32,Nevada,1211,2510,912,2658,2017,0.3254501478097286,0.6745498521902714,0.7445378151260504,0.25546218487394956
33,New Hampshire,1750,3924,1297,3991,2017,0.30842439196334154,0.6915756080366584,0.7547276853252648,0.24527231467473526
34,New Jersey,3509,7995,3199,7634,2017,0.30502433936022255,0.6949756606397774,0.7046986061109572,0.29530139388904275
35,New Mexico,2184,4286,1539,4425,2017,0.3375579598145286,0.6624420401854714,0.7419517102615694,0.2580482897384306
36,New York,4123,7842,2924,8059,2017,0.34458838278311743,0.6554116172168826,0.7337703723936994,0.26622962760630065
37,North Carolina,1533,3315,1246,3365,2017,0.3162128712871287,0.6837871287128713,0.7297766211234006,0.2702233788765994
38,North Dakota,1999,4889,1930,4634,2017,0.2902148664343786,0.7097851335656213,0.7059719683120049,0.29402803168799513
39,Ohio,3919,8152,3721,7796,2017,0.32466241405020296,0.675337585949797,0.6769123903794391,0.32308760962056093
40,Oklahoma,2056,4432,2091,4036,2017,0.31689272503082616,0.6831072749691739,0.6587236820629998,0.34127631793700014
41,Oregon,2049,3226,1004,3906,2017,0.388436018957346,0.6115639810426541,0.7955193482688391,0.2044806517311609
42,Pennsylvania,2407,4070,1460,4638,2017,0.37162266481395706,0.6283773351860429,0.7605772384388324,0.2394227615611676
44,Rhode Island,1839,3735,1336,3805,2017,0.32992465016146394,0.670075349838536,0.7401283796926668,0.2598716203073332
45,South Carolina,3521,7506,3134,7394,2017,0.319307155164596,0.680692844835404,0.7023176291793313,0.2976823708206687
46,South Dakota,1830,5080,1761,4892,2017,0.26483357452966716,0.7351664254703328,0.735307380129265,0.264692619870735
47,Tennessee,1937,3767,1673,3599,2017,0.33958625525946706,0.6604137447405329,0.6826631259484067,0.31733687405159333
48,Texas,3693,8319,3548,7594,2017,0.30744255744255744,0.6925574425574426,0.6815652486088674,0.31843475139113264
49,Utah,3771,6344,2141,7673,2017,0.3728126544735541,0.6271873455264458,0.7818422661503974,0.2181577338496026
50,Vermont,2144,4299,1261,4701,2017,0.3327642402607481,0.6672357597392519,0.7884937940288493,0.2115062059711506
51,Virginia,2847,6619,2349,6674,2017,0.3007606169448553,0.6992393830551448,0.739665299789427,0.260334700210573
53,Washington,4567,8485,2421,9962,2017,0.34990806006742264,0.6500919399325774,0.8044900266494387,0.19550997335056125
54,West Virginia,1865,3529,1726,3560,2017,0.3457545420837968,0.6542454579162031,0.6734771093454408,0.3265228906545592
55,Wisconsin,1957,3804,1183,4075,2017,0.3396979691025864,0.6603020308974137,0.7750095093191327,0.22499049068086724
56,Wyoming,1279,3138,1164,3118,2017,0.28956305184514375,0.7104369481548563,0.7281644091546007,0.2718355908453993
66,Guam,497,998,436,948,2017,0.33244147157190634,0.6675585284280936,0.684971098265896,0.315028901734104
72,Puerto Rico,992,3440,2369,2052,2017,0.22382671480144403,0.776173285198556,0.4641483827188419,0.5358516172811582
1,Alabama,2452,4415,2178,4835,2016,0.35707004514343965,0.6429299548565603,0.689433908455725,0.3105660915442749
2,Alaska,949,1893,593,2317,2016,0.33391977480647433,0.6660802251935257,0.7962199312714776,0.20378006872852233
4,Arizona,3158,7643,2809,8112,2016,0.2923803351541524,0.7076196648458476,0.7427891218752861,0.2572108781247138
5,Arkansas,1600,3596,1893,3392,2016,0.30792917628945343,0.6920708237105466,0.6418164616840114,0.35818353831598865
6,California,3951,7355,2231,9155,2016,0.3494604634707235,0.6505395365292765,0.8040576146144388,0.19594238538556122
8,Colorado,4918,9801,2470,12468,2016,0.33412595964399755,0.6658740403560024,0.834649886196278,0.16535011380372205
9,Connecticut,3358,7525,2376,8657,2016,0.30855462648166865,0.6914453735183314,0.7846460618145563,0.21535393818544366
10,Delaware,1098,2883,1197,2856,2016,0.27581009796533534,0.7241899020346647,0.7046632124352331,0.29533678756476683
11,District of Columbia,1224,2545,718,3125,2016,0.32475457681082515,0.6752454231891748,0.8131667967733541,0.18683320322664584
12,Florida,10026,26139,12248,24620,2016,0.27722936540854415,0.7227706345914559,0.6677877834436368,0.33221221655636324
13,Georgia,1511,3764,1703,3669,2016,0.2864454976303318,0.7135545023696682,0.6829858525688757,0.3170141474311243
15,Hawaii,2388,5648,1566,6520,2016,0.2971627675460428,0.7028372324539572,0.806331931733861,0.193668068266139
16,Idaho,1711,3437,1233,4016,2016,0.33236208236208237,0.6676379176379177,0.7650981139264622,0.23490188607353782
17,Illinois,1588,3126,1171,3591,2016,0.336868901145524,0.6631310988544761,0.754094918101638,0.24590508189836202
18,Indiana,3468,7395,3207,7835,2016,0.3192488262910798,0.6807511737089202,0.7095634848759282,0.2904365151240717
19,Iowa,1916,5233,1823,5429,2016,0.26800951181983496,0.7319904881801651,0.7486210700496415,0.25137892995035854
20,Kansas,3342,8613,3023,9134,2016,0.2795483061480552,0.7204516938519447,0.7513366784568561,0.24866332154314386
21,Kentucky,3236,6872,3124,7129,2016,0.32014246141669966,0.6798575385833003,0.6953086901394714,0.3046913098605286
22,Louisiana,1743,3416,1671,3579,2016,0.3378561736770692,0.6621438263229308,0.6817142857142857,0.3182857142857143
23,Maine,3315,6558,2109,7895,2016,0.33576420540869034,0.6642357945913097,0.7891843262694922,0.2108156737305078
24,Maryland,5588,12647,4572,13876,2016,0.30644365231697285,0.6935563476830271,0.7521682567215958,0.24783174327840415
25,Massachusetts,2853,5347,1758,6635,2016,0.34792682926829266,0.6520731707317073,0.7905397354938639,0.20946026450613606
26,Michigan,4091,7777,2827,9188,2016,0.34470845972362657,0.6552915402763735,0.7647107781939243,0.23528922180607573
27,Minnesota,4923,11677,3109,13689,2016,0.296566265060241,0.703433734939759,0.8149184426717466,0.18508155732825338
28,Mississippi,1456,3516,1695,3432,2016,0.2928399034593725,0.7071600965406275,0.6693973083674664,0.33060269163253364
29,Missouri,2162,4845,2055,5063,2016,0.30854859426288,0.69145140573712,0.711295307670694,0.288704692329306
30,Montana,1640,4240,1362,4602,2016,0.2789115646258503,0.7210884353741497,0.7716297786720322,0.2283702213279678
31,Nebraska,4224,10811,3968,11201,2016,0.2809444629198537,0.7190555370801464,0.7384138703935659,0.2615861296064342
32,Nevada,1483,2791,1045,3296,2016,0.34698175011698645,0.6530182498830136,0.7592720571296936,0.24072794287030638
33,New Hampshire,1884,4454,1418,4994,2016,0.29725465446513094,0.702745345534869,0.7788521522145976,0.22114784778540236
34,New Jersey,2131,5375,2337,5295,2016,0.28390620836664004,0.71609379163336,0.6937893081761006,0.3062106918238994
35,New Mexico,1849,4105,1378,4642,2016,0.31054753107154853,0.6894524689284515,0.7710963455149502,0.22890365448504985
36,New York,10926,22579,8966,25150,2016,0.32610058200268616,0.6738994179973138,0.7371907609332864,0.26280923906671355
37,North Carolina,1986,4460,1602,4926,2016,0.3080980452994105,0.6919019547005895,0.7545955882352942,0.24540441176470587
38,North Dakota,1553,4100,1408,4321,2016,0.2747213868742261,0.7252786131257739,0.7542328504101937,0.24576714958980625
39,Ohio,3671,8532,3740,8626,2016,0.300827665328198,0.6991723346718021,0.6975578198285621,0.3024421801714378
40,Oklahoma,2054,4727,2161,4751,2016,0.302905176227695,0.6970948237723049,0.6873553240740741,0.31264467592592593
41,Oregon,2073,3256,903,4523,2016,0.38900356539688496,0.610996434603115,0.8335790637670476,0.16642093623295245
42,Pennsylvania,2462,4267,1538,5263,2016,0.3658790310595928,0.6341209689404071,0.773856785766799,0.226143214233201
44,Rhode Island,1785,3589,1398,4044,2016,0.33215481950130255,0.6678451804986975,0.743109151047409,0.25689084895259096
45,South Carolina,3561,7479,3311,7908,2016,0.32255434782608694,0.6774456521739131,0.7048756573669668,0.2951243426330332
46,South Dakota,1480,4204,1156,4606,2016,0.2603800140745954,0.7396199859254047,0.799375216938563,0.200624783061437
47,Tennessee,1991,4047,1874,4285,2016,0.3297449486584962,0.6702550513415038,0.6957298262704985,0.30427017372950155
48,Texas,3283,8186,3370,8318,2016,0.2862498910105502,0.7137501089894498,0.7116700889801506,0.2883299110198494
49,Utah,3891,6938,1967,9008,2016,0.3593129559516114,0.6406870440483886,0.8207744874715261,0.1792255125284738
50,Vermont,2141,4312,1333,5192,2016,0.3317836665117,0.6682163334883,0.7957088122605364,0.20429118773946361
51,Virginia,2612,6250,2170,6818,2016,0.2947415933197924,0.7052584066802077,0.7585669781931464,0.24143302180685358
53,Washington,4815,9268,2524,11704,2016,0.3419015834694312,0.6580984165305688,0.8226033174023053,0.1773966825976947
54,West Virginia,2362,4676,2048,5097,2016,0.33560670645069623,0.6643932935493038,0.7133659902029391,0.2866340097970609
55,Wisconsin,1683,3545,1137,4133,2016,0.321920428462127,0.678079571537873,0.7842504743833018,0.2157495256166983
56,Wyoming,1207,3232,1176,3307,2016,0.2719080874070737,0.7280919125929264,0.7376756636181129,0.2623243363818871
66,Guam,472,1095,428,1150,2016,0.30121250797702614,0.6987874920229739,0.7287705956907478,0.27122940430925224
72,Puerto Rico,1297,4416,2475,3315,2016,0.22702608086819534,0.7729739191318047,0.572538860103627,0.4274611398963731
1,Alabama,2579,5206,2418,4851,2015,0.33127809890815674,0.6687219010918433,0.6673545191910855,0.3326454808089146
2,Alaska,1196,2372,772,2648,2015,0.3352017937219731,0.6647982062780269,0.7742690058479532,0.22573099415204678
4,Arizona,2366,5425,1727,5439,2015,0.3036837376460018,0.6963162623539982,0.7590008372871895,0.2409991627128105
5,Arkansas,1545,3574,1769,2958,2015,0.30181676108614963,0.6981832389138504,0.6257668711656442,0.37423312883435583
6,California,4477,8022,2111,8793,2015,0.3581886550924074,0.6418113449075926,0.8064013206162876,0.1935986793837124
8,Colorado,4322,8977,2215,9577,2015,0.3249868411158734,0.6750131588841266,0.8121607869742198,0.1878392130257802
9,Connecticut,3789,7943,2475,8106,2015,0.322962836685987,0.677037163314013,0.7660901616104338,0.2339098383895662
10,Delaware,1154,2844,1148,2626,2015,0.28864432216108055,0.7113556778389195,0.6958134605193429,0.3041865394806571
11,District of Columbia,1109,2804,744,2797,2015,0.28341426015844623,0.7165857398415538,0.789889861621011,0.21011013837898898
12,Florida,2894,6607,2265,6421,2015,0.3045995158404379,0.6954004841595621,0.7392355514621229,0.26076444853787706
13,Georgia,1352,3225,1227,2998,2015,0.29538999344548833,0.7046100065545117,0.709585798816568,0.290414201183432
15,Hawaii,2037,5085,1437,5064,2015,0.2860151642796967,0.7139848357203032,0.7789570835256114,0.22104291647438856
16,Idaho,1860,3840,1255,4105,2015,0.3263157894736842,0.6736842105263158,0.7658582089552238,0.23414179104477612
17,Illinois,1888,3346,1288,3636,2015,0.3607183798242262,0.6392816201757738,0.7384240454914703,0.26157595450852966
18,Indiana,1939,4011,1639,3914,2015,0.32588235294117646,0.6741176470588235,0.7048442283450387,0.29515577165496126
19,Iowa,1687,4442,1596,4151,2015,0.27524881709903737,0.7247511829009626,0.7222898903775883,0.2777101096224117
20,Kansas,6212,16644,5698,15153,2015,0.2717885894294715,0.7282114105705285,0.7267277348808211,0.27327226511917896
21,Kentucky,2787,5864,2765,5305,2015,0.32215928794359033,0.6778407120564096,0.6573729863692689,0.3426270136307311
22,Louisiana,1529,3102,1457,2779,2015,0.33016627078384797,0.669833729216152,0.6560434372049103,0.3439565627950897
23,Maine,2908,5996,2131,6397,2015,0.3265947888589398,0.6734052111410602,0.7501172607879925,0.24988273921200752
24,Maryland,3577,8805,3006,8387,2015,0.2888870941689549,0.711112905831045,0.7361537786360046,0.26384622136399544
25,Massachusetts,3149,5935,2116,5989,2015,0.34665345662703656,0.6533465433729635,0.7389265885256014,0.2610734114743985
26,Michigan,3000,5834,2034,6357,2015,0.3395970115462984,0.6604029884537016,0.7575974258133714,0.24240257418662853
27,Minnesota,4725,11805,3432,12197,2015,0.28584392014519056,0.7141560798548094,0.7804082154968328,0.2195917845031672
28,Mississippi,1642,4287,2235,3480,2015,0.2769438353853938,0.7230561646146062,0.6089238845144357,0.3910761154855643
29,Missouri,2201,4989,2048,4803,2015,0.30611961057023646,0.6938803894297636,0.7010655378776821,0.2989344621223179
30,Montana,1639,4321,1445,4312,2015,0.275,0.725,0.7490012159110648,0.2509987840889352
31,Nebraska,4588,12781,4607,11712,2015,0.26414877079854915,0.7358512292014509,0.7176910349898891,0.28230896501011093
32,Nevada,986,1885,668,2070,2015,0.3434343434343434,0.6565656565656566,0.7560262965668371,0.24397370343316288
33,New Hampshire,2007,4893,1527,4867,2015,0.2908695652173913,0.7091304347826087,0.7611823584610572,0.23881764153894275
34,New Jersey,3200,8032,2889,7597,2015,0.2849002849002849,0.7150997150997151,0.7244897959183674,0.2755102040816326
35,New Mexico,2062,4589,1502,4618,2015,0.310028567132762,0.689971432867238,0.7545751633986928,0.24542483660130718
36,New York,4015,8021,3125,7844,2015,0.33358258557660353,0.6664174144233965,0.7151062084055064,0.2848937915944936
37,North Carolina,1970,4638,1671,4607,2015,0.2981234866828087,0.7018765133171913,0.7338324307104174,0.2661675692895827
38,North Dakota,1363,3519,1305,3328,2015,0.2791888570258091,0.7208111429741909,0.7183250593567883,0.28167494064321175
39,Ohio,3558,8143,3281,7682,2015,0.30407657465173915,0.6959234253482608,0.7007206056736295,0.2992793943263705
40,Oklahoma,2025,4816,2246,4235,2015,0.2960093553574039,0.7039906446425961,0.6534485418916833,0.3465514581083166
41,Oregon,1936,3304,876,3943,2015,0.36946564885496186,0.6305343511450382,0.8182195476239884,0.18178045237601162
42,Pennsylvania,1897,3749,1439,3826,2015,0.33599008147360965,0.6640099185263904,0.7266856600189934,0.2733143399810066
44,Rhode Island,1960,4107,1534,3964,2015,0.32305917257293554,0.6769408274270644,0.7209894507093488,0.27901054929065117
45,South Carolina,3602,7746,2978,7797,2015,0.3174127599577018,0.6825872400422982,0.7236194895591648,0.2763805104408353
46,South Dakota,1792,5327,1597,5263,2015,0.25172074729596855,0.7482792527040315,0.7672011661807581,0.232798833819242
47,Tennessee,1842,4024,1710,3679,2015,0.31401295601772927,0.6859870439822707,0.6826869549081462,0.31731304509185376
48,Texas,3943,10420,4031,8907,2015,0.2745248207199053,0.7254751792800946,0.6884371618488174,0.3115628381511826
49,Utah,4079,7167,2228,8381,2015,0.36270674017428417,0.6372932598257158,0.7899896314449996,0.21001036855500047
50,Vermont,1962,4430,1277,4729,2015,0.3069461827284105,0.6930538172715894,0.7873792873792874,0.2126207126207126
51,Virginia,2327,6169,2075,6039,2015,0.2738935969868173,0.7261064030131826,0.7442691644071975,0.2557308355928026
53,Washington,5236,10650,2849,12164,2015,0.3295983885181921,0.6704016114818079,0.810231133018051,0.18976886698194897
54,West Virginia,1880,3982,1769,3943,2015,0.3207096554077107,0.6792903445922893,0.6903011204481793,0.30969887955182074
55,Wisconsin,1975,4160,1290,4244,2015,0.32192339038304807,0.6780766096169519,0.7668955547524394,0.23310444524756052
56,Wyoming,1505,3893,1406,3634,2015,0.2788069655427936,0.7211930344572064,0.721031746031746,0.278968253968254
66,Guam,520,1143,470,1044,2015,0.3126879134095009,0.6873120865904991,0.6895640686922061,0.3104359313077939
72,Puerto Rico,1179,4183,2641,2660,2015,0.21988064155165982,0.7801193584483401,0.5017921146953405,0.4982078853046595
1,Alabama,2906,5568,2583,6056,2014,0.34293131932971443,0.6570686806702856,0.7010070610024308,0.2989929389975692
2,Alaska,1358,2933,815,3563,2014,0.3164763458401305,0.6835236541598695,0.8138419369575148,0.18615806304248517
4,Arizona,4180,10453,3345,11484,2014,0.2856557096972596,0.7143442903027404,0.774428484725875,0.22557151527412503
5,Arkansas,1559,3566,1832,3418,2014,0.3041951219512195,0.6958048780487804,0.6510476190476191,0.34895238095238096
6,California,2987,5771,1637,6185,2014,0.34105960264900664,0.6589403973509934,0.7907184863206341,0.2092815136793659
8,Colorado,4134,9053,2252,11131,2014,0.31349055888374916,0.6865094411162509,0.8317268176044236,0.16827318239557648
9,Connecticut,2428,5410,1657,6286,2014,0.309772901250319,0.690227098749681,0.7913886440891351,0.2086113559108649
10,Delaware,1162,3041,1153,3140,2014,0.2764691886747561,0.7235308113252439,0.7314232471465176,0.2685767528534824
11,District of Columbia,1099,2894,849,3210,2014,0.27523165539694466,0.7247683446030554,0.7908351810790836,0.20916481892091648
12,Florida,2773,6771,2403,7393,2014,0.2905490360435876,0.7094509639564124,0.754695794201715,0.24530420579828502
13,Georgia,1974,4267,1656,4691,2014,0.3162954654702772,0.6837045345297228,0.7390893335434063,0.26091066645659367
15,Hawaii,2017,5176,1430,5815,2014,0.2804115111914361,0.7195884888085639,0.8026224982746721,0.1973775017253278
16,Idaho,1744,3622,1131,4337,2014,0.3250093179276929,0.6749906820723072,0.7931602048280907,0.20683979517190929
17,Illinois,1732,3279,1205,3845,2014,0.3456395928956296,0.6543604071043704,0.7613861386138614,0.2386138613861386
18,Indiana,3657,7599,3201,8309,2014,0.32489339019189767,0.6751066098081023,0.7218940052128584,0.2781059947871416
19,Iowa,2196,5811,2045,6076,2014,0.2742600224803297,0.7257399775196703,0.7481837212165989,0.25181627878340107
20,Kansas,3650,9850,3490,10237,2014,0.27037037037037037,0.7296296296296296,0.7457565382093684,0.2542434617906316
21,Kentucky,3417,7605,3563,7626,2014,0.31001633097441483,0.6899836690255852,0.6815622486370543,0.3184377513629458
22,Louisiana,2115,4529,2110,4662,2014,0.3183323299217339,0.6816676700782661,0.6884229178972239,0.3115770821027761
23,Maine,2983,5963,1941,7177,2014,0.333445115135256,0.666554884864744,0.7871243693792498,0.21287563062075016
24,Maryland,3672,8686,2868,9688,2014,0.2971354588121055,0.7028645411878944,0.7715833067856005,0.2284166932143995
25,Massachusetts,4915,10416,3415,12217,2014,0.32059226404018004,0.67940773595982,0.7815378710337769,0.21846212896622313
26,Michigan,2749,5587,2065,6390,2014,0.32977447216890593,0.670225527831094,0.755765819041987,0.244234180958013
27,Minnesota,4638,11551,3323,13072,2014,0.28649082710482426,0.7135091728951758,0.7973162549557792,0.2026837450442208
28,Mississippi,1131,2993,1396,2807,2014,0.27424830261881666,0.7257516973811833,0.6678562931239591,0.33214370687604095
29,Missouri,2049,4921,2033,5043,2014,0.293974175035868,0.706025824964132,0.7126907857546636,0.28730921424533634
30,Montana,2078,5283,1653,5840,2014,0.282298600733596,0.717701399266404,0.7793941011610837,0.22060589883891632
31,Nebraska,5764,16368,5557,16840,2014,0.26043737574552683,0.7395626242544732,0.751886413358932,0.248113586641068
32,Nevada,1230,2458,844,2910,2014,0.3335140997830803,0.6664859002169198,0.7751731486414492,0.22482685135855088
33,New Hampshire,1768,4323,1319,4855,2014,0.2902643244130685,0.7097356755869315,0.7863621639131844,0.2136378360868157
34,New Jersey,3795,9000,3134,9891,2014,0.2966002344665885,0.7033997655334114,0.7593857965451055,0.24061420345489443
35,New Mexico,2626,6206,2101,6826,2014,0.2973278985507246,0.7026721014492754,0.7646465777976924,0.2353534222023076
36,New York,2200,4473,1723,5122,2014,0.32968679754233476,0.6703132024576652,0.7482834185536889,0.25171658144631115
37,North Carolina,2068,5114,1788,5493,2014,0.2879420774157616,0.7120579225842384,0.7544293366295839,0.24557066337041616
38,North Dakota,2034,5601,1824,5940,2014,0.26640471512770136,0.7335952848722986,0.7650695517774343,0.23493044822256567
39,Ohio,3504,7204,3067,7837,2014,0.32723197609264104,0.672768023907359,0.7187270726338958,0.2812729273661042
40,Oklahoma,2538,5800,2659,5785,2014,0.3043895418565603,0.6956104581434397,0.685101847465656,0.3148981525343439
41,Oregon,1824,3313,895,4319,2014,0.3550710531438583,0.6449289468561418,0.8283467587265055,0.17165324127349443
42,Pennsylvania,3461,7283,2786,8191,2014,0.32213328369322414,0.6778667163067759,0.7461965928760135,0.2538034071239865
44,Rhode Island,1947,4396,1586,4850,2014,0.3069525461138263,0.6930474538861737,0.7535736482287135,0.24642635177128652
45,South Carolina,3393,7406,2922,8087,2014,0.3141957588665617,0.6858042411334383,0.7345807975292942,0.2654192024707058
46,South Dakota,1772,5532,1631,5768,2014,0.24260679079956188,0.7573932092004381,0.7795648060548723,0.22043519394512773
47,Tennessee,1555,3477,1616,3523,2014,0.30902225755166934,0.6909777424483307,0.6855419342284491,0.3144580657715509
48,Texas,3993,11016,4262,11132,2014,0.26604037577453526,0.7339596242254647,0.7231388852799792,0.2768611147200208
49,Utah,5187,9665,2550,12443,2014,0.3492458928090493,0.6507541071909507,0.8299206296271593,0.17007937037284065
50,Vermont,2044,4357,1232,5226,2014,0.3193251054522731,0.6806748945477269,0.809228863425209,0.19077113657479094
51,Virginia,2467,6845,2330,7122,2014,0.2649269759450172,0.7350730240549829,0.7534913245873889,0.2465086754126111
53,Washington,3254,6710,1804,8270,2014,0.32657567242071456,0.6734243275792854,0.8209251538614255,0.17907484613857455
54,West Virginia,1948,4149,1822,4368,2014,0.3195013941282598,0.6804986058717402,0.705654281098546,0.29434571890145395
55,Wisconsin,2169,4826,1554,5482,2014,0.3100786275911365,0.6899213724088634,0.7791358726549176,0.22086412734508243
56,Wyoming,1671,4633,1696,4700,2014,0.2650697969543147,0.7349302030456852,0.7348342714196373,0.26516572858036275
66,Guam,798,1699,656,1862,2014,0.3195835002002403,0.6804164997997597,0.7394757744241461,0.26052422557585386
72,Puerto Rico,1258,4679,2517,3471,2014,0.21189152770759642,0.7881084722924036,0.5796593186372746,0.42034068136272545
1,Alabama,2131,4203,2077,4087,2013,0.3364382696558257,0.6635617303441743,0.6630434782608695,0.33695652173913043
2,Alaska,1426,3079,981,3294,2013,0.3165371809100999,0.6834628190899001,0.7705263157894737,0.2294736842105263
4,Arizona,1314,2866,1048,2862,2013,0.31435406698564594,0.6856459330143541,0.7319693094629156,0.2680306905370844
5,Arkansas,1616,3523,1777,3094,2013,0.3144580657715509,0.6855419342284491,0.6351878464381031,0.36481215356189695
6,California,4090,7320,2099,8091,2013,0.3584574934268186,0.6415425065731815,0.7940137389597645,0.2059862610402355
8,Colorado,4262,9191,2302,10068,2013,0.3168066602244852,0.6831933397755148,0.8139046079223928,0.1860953920776071
9,Connecticut,2456,5136,1768,5353,2013,0.32349841938883034,0.6765015806111696,0.7517202640078641,0.24827973599213593
10,Delaware,1573,3561,1447,3479,2013,0.30638878067783404,0.693611219322166,0.7062525375558262,0.29374746244417377
11,District of Columbia,1405,3427,855,3574,2013,0.2907698675496689,0.7092301324503312,0.8069541657258975,0.19304583427410252
12,Florida,10129,23098,9343,22184,2013,0.30484244740722904,0.6951575525927709,0.7036508389634282,0.29634916103657183
13,Georgia,2383,5599,2110,5271,2013,0.29854673014282135,0.7014532698571787,0.7141308765749899,0.28586912342501014
15,Hawaii,2121,5662,1513,5855,2013,0.27251702428369523,0.7274829757163047,0.7946525515743756,0.20534744842562433
16,Idaho,1823,3700,1282,3978,2013,0.3300742350172008,0.6699257649827992,0.7562737642585551,0.24372623574144486
17,Illinois,1904,3660,1409,3896,2013,0.3421998562185478,0.6578001437814522,0.7344015080113101,0.2655984919886899
18,Indiana,3253,6835,3087,6497,2013,0.32246233148295006,0.67753766851705,0.6779006677796328,0.3220993322203673
19,Iowa,2139,5919,2257,5421,2013,0.2654504839910648,0.7345495160089353,0.7060432404271946,0.2939567595728054
20,Kansas,6341,16631,6085,16092,2013,0.27603169075396133,0.7239683092460386,0.7256166298417279,0.2743833701582721
21,Kentucky,3734,7117,3279,6877,2013,0.3441157497004884,0.6558842502995116,0.6771366679795195,0.3228633320204805
22,Louisiana,1557,3590,1728,3298,2013,0.3025063143578784,0.6974936856421217,0.6561878233187426,0.34381217668125746
23,Maine,2556,5394,1843,5881,2013,0.32150943396226417,0.6784905660377358,0.7613930605903677,0.23860693940963232
24,Maryland,3794,8985,3367,8894,2013,0.29689334063698253,0.7031066593630174,0.7253894462115651,0.27461055378843485
25,Massachusetts,5097,9695,3532,10000,2013,0.3445781503515414,0.6554218496484586,0.7389890629618682,0.26101093703813183
26,Michigan,4171,8430,3067,9147,2013,0.3310054757558924,0.6689945242441077,0.7488947109873915,0.2511052890126085
27,Minnesota,4067,10091,2901,10422,2013,0.28725808730046615,0.7127419126995338,0.7822562485926593,0.2177437514073407
28,Mississippi,2117,5181,2837,4172,2013,0.2900794738284462,0.7099205261715539,0.5952346982451134,0.40476530175488656
29,Missouri,2127,4901,2082,4711,2013,0.3026465566306204,0.6973534433693797,0.6935080229648167,0.30649197703518327
30,Montana,2912,6654,2355,6863,2013,0.30441145724440727,0.6955885427555927,0.7445215881970059,0.25547841180299413
31,Nebraska,4516,12373,4446,11712,2013,0.2673929776777784,0.7326070223222215,0.7248421834385443,0.2751578165614556
32,Nevada,1662,3341,1182,3617,2013,0.33220067959224464,0.6677993204077554,0.7536986872265056,0.24630131277349449
33,New Hampshire,1891,4487,1374,4636,2013,0.2964879272499216,0.7035120727500784,0.7713810316139768,0.2286189683860233
34,New Jersey,3991,9005,3184,8865,2013,0.30709449061249616,0.6929055093875038,0.7357457050377625,0.2642542949622375
35,New Mexico,2800,6364,2149,6363,2013,0.30554343081623747,0.6944565691837625,0.7475328947368421,0.2524671052631579
36,New York,2912,5818,2172,5992,2013,0.3335624284077892,0.6664375715922107,0.7339539441450269,0.26604605585497304
37,North Carolina,2507,6195,2412,5989,2013,0.28809469087566075,0.7119053091243392,0.7128913224616117,0.2871086775383883
38,North Dakota,2111,5506,2165,5215,2013,0.2771432322436655,0.7228567677563346,0.7066395663956639,0.29336043360433606
39,Ohio,3620,8131,3367,7750,2013,0.30805888860522507,0.6919411113947749,0.6971305208239633,0.3028694791760367
40,Oklahoma,2502,5612,2759,5072,2013,0.3083559280256347,0.6916440719743653,0.647682288341208,0.352317711658792
41,Oregon,2149,3712,965,4442,2013,0.36666097935505887,0.6333390206449412,0.8215276493434437,0.1784723506565563
42,Pennsylvania,3683,7510,2933,7631,2013,0.32904493880103636,0.6709550611989636,0.7223589549413101,0.2776410450586899
44,Rhode Island,2058,4370,1619,4303,2013,0.32016179215930307,0.6798382078406969,0.72661263086795,0.27338736913205
45,South Carolina,3218,7283,2812,7255,2013,0.30644700504713834,0.6935529949528616,0.7206715009436774,0.2793284990563226
46,South Dakota,1717,5101,1663,4890,2013,0.25183338222352597,0.7481666177764741,0.7462231039218679,0.25377689607813214
47,Tennessee,1622,4081,2044,3152,2013,0.28441171313343855,0.7155882868665615,0.6066204772902233,0.3933795227097768
48,Texas,2805,7799,3151,6949,2013,0.2645228215767635,0.7354771784232366,0.688019801980198,0.311980198019802
49,Utah,4544,8047,2536,9401,2013,0.36089270113573185,0.6391072988642681,0.7875513110496775,0.21244868895032254
50,Vermont,2004,4299,1324,4662,2013,0.3179438362684436,0.6820561637315564,0.7788172402271968,0.22118275977280322
51,Virginia,2403,5908,2045,5722,2013,0.28913488148237276,0.7108651185176272,0.7367065791167761,0.2632934208832239
53,Washington,3742,7276,2131,8603,2013,0.33962606643673987,0.6603739335632601,0.8014719582634618,0.1985280417365381
54,West Virginia,1835,3963,1883,3886,2013,0.3164884442911349,0.6835115557088651,0.6736002773444271,0.3263997226555729
55,Wisconsin,2096,4429,1510,4313,2013,0.32122605363984674,0.6787739463601532,0.740683496479478,0.25931650352052205
56,Wyoming,1744,4612,1600,4455,2013,0.27438640654499685,0.7256135934550031,0.7357555739058629,0.26424442609413706
66,Guam,616,1263,513,1215,2013,0.32783395423097395,0.672166045769026,0.703125,0.296875
72,Puerto Rico,1402,4557,2944,2978,2013,0.23527437489511663,0.7647256251048834,0.502870651806822,0.497129348193178
1,Alabama,3217,5606,2699,6315,2012,0.36461521024594806,0.6353847897540519,0.7005768804082538,0.29942311959174617
2,Alaska,1250,3005,871,3465,2012,0.2937720329024677,0.7062279670975323,0.7991236162361623,0.20087638376383765
4,Arizona,2281,4907,1738,5547,2012,0.3173344462993879,0.6826655537006121,0.7614275909402882,0.23857240905971175
5,Arkansas,1755,3305,1750,3424,2012,0.3468379446640316,0.6531620553359684,0.6617703904136065,0.33822960958639353
6,California,5223,9272,2643,11028,2012,0.36033114867195587,0.6396688513280442,0.8066710555189818,0.1933289444810182
8,Colorado,3921,8180,2117,10122,2012,0.324022808032394,0.675977191967606,0.8270283519895416,0.17297164801045836
9,Connecticut,2873,5759,2030,6730,2012,0.3328313253012048,0.6671686746987951,0.7682648401826484,0.2317351598173516
10,Delaware,1581,3561,1267,3905,2012,0.3074679113185531,0.6925320886814469,0.7550270688321732,0.24497293116782676
11,District of Columbia,1164,2576,748,3069,2012,0.31122994652406416,0.6887700534759358,0.8040345821325648,0.19596541786743515
12,Florida,2421,4993,1892,5721,2012,0.32654437550579984,0.6734556244942002,0.7514777354525154,0.24852226454748458
13,Georgia,1802,4194,1682,4409,2012,0.3005336891260841,0.699466310873916,0.7238548678377935,0.27614513216220654
15,Hawaii,2174,5326,1356,6224,2012,0.28986666666666666,0.7101333333333333,0.8211081794195251,0.17889182058047493
16,Idaho,1933,3836,1341,4548,2012,0.3350667360027734,0.6649332639972265,0.7722873153336729,0.22771268466632705
17,Illinois,1923,3631,1379,4199,2012,0.3462369463449766,0.6537630536550234,0.7527787737540337,0.2472212262459663
18,Indiana,3049,5413,2462,6166,2012,0.3603167099976365,0.6396832900023635,0.7146499768196569,0.2853500231803431
19,Iowa,1943,5129,1795,5365,2012,0.2747454751131222,0.7252545248868778,0.7493016759776536,0.2506983240223464
20,Kansas,3168,8465,2811,8982,2012,0.27232872002063097,0.7276712799793691,0.7616382599847367,0.23836174001526328
21,Kentucky,3888,7110,3732,7469,2012,0.353518821603928,0.646481178396072,0.6668154629050977,0.33318453709490226
22,Louisiana,2700,6234,3109,5953,2012,0.3022162525184688,0.6977837474815313,0.6569190024277202,0.34308099757227983
23,Maine,3352,6407,2145,7760,2012,0.3434778153499334,0.6565221846500666,0.7834427057041898,0.2165572942958102
24,Maryland,3715,8834,3127,9671,2012,0.2960395250617579,0.7039604749382421,0.75566494764807,0.24433505235192998
25,Massachusetts,7228,14121,5024,16667,2012,0.3385638671600543,0.6614361328399456,0.7683832004056982,0.2316167995943018
26,Michigan,3536,6842,2544,7946,2012,0.3407207554442089,0.6592792445557911,0.7574833174451859,0.24251668255481412
27,Minnesota,3634,8444,2241,9985,2012,0.3008776287464812,0.6991223712535188,0.8167021102568297,0.1832978897431703
28,Mississippi,2245,5376,2617,5164,2012,0.2945807636793072,0.7054192363206928,0.6636679090091248,0.3363320909908752
29,Missouri,2040,4609,1891,4860,2012,0.3068130545946759,0.6931869454053241,0.7198933491334617,0.2801066508665383
30,Montana,2710,5824,2071,6598,2012,0.317553316147176,0.682446683852824,0.7611027800207636,0.23889721997923635
31,Nebraska,5412,13523,4779,14374,2012,0.28581991021917086,0.7141800897808291,0.7504829530621835,0.24951704693781654
32,Nevada,1658,3101,1061,3776,2012,0.3483925194368565,0.6516074805631435,0.7806491627041555,0.21935083729584454
33,New Hampshire,2319,5105,1679,5829,2012,0.31236530172413796,0.6876346982758621,0.7763718700053277,0.22362812999467235
34,New Jersey,4574,10828,4178,11554,2012,0.2969744189066355,0.7030255810933645,0.7344266463259598,0.26557335367404017
35,New Mexico,2870,5804,2023,6750,2012,0.3308738759511183,0.6691261240488817,0.7694061324518409,0.23059386754815914
36,New York,2135,3765,1501,4544,2012,0.36186440677966103,0.638135593220339,0.7516956162117453,0.24830438378825476
37,North Carolina,3504,8178,3248,8641,2012,0.29994863893168977,0.7000513610683102,0.7268062915299857,0.2731937084700143
38,North Dakota,1387,3389,1220,3653,2012,0.2904103852596315,0.7095896147403685,0.7496408783090499,0.25035912169095015
39,Ohio,4120,8667,3663,9333,2012,0.3222022366465942,0.6777977633534058,0.7181440443213296,0.28185595567867033
40,Oklahoma,2529,5378,2549,5465,2012,0.31984317693183256,0.6801568230681675,0.6819316196655852,0.31806838033441476
41,Oregon,1834,3362,918,4374,2012,0.35296381832178597,0.647036181678214,0.826530612244898,0.17346938775510204
42,Pennsylvania,6351,13185,5102,14810,2012,0.32509213759213756,0.6749078624078624,0.7437725994375252,0.2562274005624749
44,Rhode Island,1860,3531,1366,4099,2012,0.34501947690595436,0.6549805230940456,0.7500457456541628,0.24995425434583715
45,South Carolina,3946,8552,3507,9270,2012,0.3157305168827012,0.6842694831172987,0.725522423104015,0.27447757689598495
46,South Dakota,2006,5743,1865,6009,2012,0.2588721125306491,0.7411278874693509,0.7631445262890526,0.23685547371094742
47,Tennessee,1932,4976,2292,4756,2012,0.2796757382744644,0.7203242617255357,0.6748013620885358,0.32519863791146425
48,Texas,2853,6080,2462,6651,2012,0.31937758871599686,0.6806224112840031,0.729836497311533,0.270163502688467
49,Utah,4266,7952,2299,10104,2012,0.3491569815027009,0.6508430184972991,0.8146416189631541,0.18535838103684593
50,Vermont,1969,4005,1189,4859,2012,0.32959491128222296,0.670405088717777,0.8034060846560847,0.19659391534391535
51,Virginia,2005,5241,1732,5656,2012,0.2767043886282087,0.7232956113717913,0.7655657823497564,0.23443421765024364
53,Washington,5249,9875,3005,12300,2012,0.347064268711981,0.6529357312880191,0.8036589349885658,0.19634106501143417
54,West Virginia,1677,3649,1751,3657,2012,0.3148704468644386,0.6851295531355613,0.6762204142011834,0.32377958579881655
55,Wisconsin,1655,3582,1203,4087,2012,0.31602062249379415,0.6839793775062059,0.7725897920604915,0.2274102079395085
56,Wyoming,1776,4401,1573,4687,2012,0.2875182127246236,0.7124817872753764,0.7487220447284345,0.2512779552715655
66,Guam,560,1429,548,1483,2012,0.2815485168426345,0.7184514831573655,0.7301821762678483,0.26981782373215163
72,Puerto Rico,1353,4883,2745,3575,2012,0.21696600384862091,0.7830339961513791,0.5656645569620253,0.43433544303797467
1,Alabama,2592,4967,2614,4856,2011,0.34290250033073155,0.6570974996692684,0.6500669344042838,0.3499330655957162
2,Alaska,1079,2343,776,2573,2011,0.31531268264172996,0.68468731735827,0.7682890415049268,0.23171095849507314
4,Arizona,2106,4305,1541,4656,2011,0.3284978942442677,0.6715021057557323,0.7513312893335485,0.24866871066645152
5,Arkansas,1526,3091,1557,2892,2011,0.33051765215507906,0.669482347844921,0.6500337154416723,0.34996628455832773
6,California,6449,11453,3195,13732,2011,0.36023907943246564,0.6397609205675343,0.8112483015300999,0.18875169846990017
8,Colorado,4103,9255,2251,10549,2011,0.3071567599940111,0.692843240005989,0.824140625,0.175859375
9,Connecticut,2246,4497,1661,4927,2011,0.3330861634287409,0.6669138365712591,0.7478749241044323,0.2521250758955677
10,Delaware,1391,3357,1309,3419,2011,0.29296545914069083,0.7070345408593092,0.7231387478849408,0.27686125211505924
11,District of Columbia,1417,3077,871,3485,2011,0.3153093012906097,0.6846906987093903,0.8000459136822773,0.19995408631772268
12,Florida,3909,8113,3255,8309,2011,0.3251538845450008,0.6748461154549992,0.7185230024213075,0.2814769975786925
13,Georgia,2849,6818,2727,6739,2011,0.2947139753801593,0.7052860246198407,0.7119163321360659,0.2880836678639341
15,Hawaii,2081,5453,1533,5849,2011,0.27621449429254047,0.7237855057074595,0.792332701164996,0.20766729883500407
16,Idaho,1990,3990,1299,4485,2011,0.33277591973244147,0.6672240802675585,0.7754149377593361,0.2245850622406639
17,Illinois,1973,3465,1426,3866,2011,0.36281721221037144,0.6371827877896286,0.7305366591080876,0.2694633408919123
18,Indiana,2786,5463,2534,5470,2011,0.3377379076251667,0.6622620923748334,0.683408295852074,0.31659170414792603
19,Iowa,1922,5323,1903,5133,2011,0.2652864044168392,0.7347135955831609,0.7295338260375214,0.2704661739624787
20,Kansas,5755,14666,5740,14532,2011,0.2818177366436511,0.7181822633563488,0.7168508287292817,0.28314917127071826
21,Kentucky,3676,6985,3282,6815,2011,0.3448081793452772,0.6551918206547228,0.6749529563236605,0.3250470436763395
22,Louisiana,3372,7387,3803,6805,2011,0.31341202714006877,0.6865879728599312,0.6414969834087482,0.3585030165912519
23,Maine,4407,8572,3035,9764,2011,0.33954850142537946,0.6604514985746205,0.7628720993827642,0.2371279006172357
24,Maryland,2903,7032,2536,7148,2011,0.2921992954202315,0.7078007045797685,0.738124741842214,0.26187525815778606
25,Massachusetts,6998,14751,5313,15321,2011,0.3217619200882799,0.67823807991172,0.7425123582436755,0.2574876417563245
26,Michigan,3633,7282,2653,8119,2011,0.33284470911589553,0.6671552908841044,0.7537133308577795,0.24628666914222058
27,Minnesota,4671,10389,3095,11544,2011,0.3101593625498008,0.6898406374501992,0.7885784548124872,0.2114215451875128
28,Mississippi,2687,6067,3133,5407,2011,0.3069453963902216,0.6930546036097784,0.6331381733021078,0.36686182669789225
29,Missouri,1882,4420,1892,4242,2011,0.2986353538559188,0.7013646461440812,0.6915552657319857,0.30844473426801433
30,Montana,3240,6842,2532,7307,2011,0.3213648085697282,0.6786351914302717,0.7426567740624047,0.2573432259375953
31,Nebraska,7425,17611,7134,17299,2011,0.29657293497363796,0.703427065026362,0.7080178447182089,0.291982155281791
32,Nevada,1731,3675,1134,3966,2011,0.3201997780244173,0.6798002219755827,0.7776470588235294,0.2223529411764706
33,New Hampshire,2001,4260,1422,4746,2011,0.319597508385242,0.6804024916147581,0.769455252918288,0.23054474708171208
34,New Jersey,4553,10180,3840,10354,2011,0.309034141043915,0.690965858956085,0.7294631534451177,0.27053684655488236
35,New Mexico,2962,6320,2303,6561,2011,0.31911226028873085,0.6808877397112691,0.7401850180505415,0.25981498194945846
36,New York,2602,4900,1849,5427,2011,0.34684084244201546,0.6531591575579845,0.7458768554150632,0.2541231445849368
37,North Carolina,3299,8019,3077,8053,2011,0.2914825940978972,0.7085174059021029,0.723539982030548,0.2764600179694519
38,North Dakota,1528,3666,1426,3616,2011,0.29418559876780903,0.705814401232191,0.7171757239190797,0.28282427608092026
39,Ohio,3175,6567,2740,6732,2011,0.32590843769246564,0.6740915623075344,0.7107263513513513,0.28927364864864863
40,Oklahoma,2807,5579,2819,5464,2011,0.3347245409015025,0.6652754590984975,0.6596643728117831,0.3403356271882168
41,Oregon,2038,4085,1108,4791,2011,0.3328433774293647,0.6671566225706353,0.8121715545007628,0.18782844549923716
42,Pennsylvania,3895,7339,2988,7891,2011,0.3467153284671533,0.6532846715328468,0.7253424027943745,0.2746575972056255
44,Rhode Island,2226,4212,1667,4616,2011,0.34575955265610436,0.6542404473438956,0.7346808849275823,0.2653191150724176
45,South Carolina,3934,8653,3414,8951,2011,0.312544688964805,0.6874553110351951,0.7238980994743227,0.2761019005256773
46,South Dakota,2074,6055,2250,5795,2011,0.25513593307909954,0.7448640669209005,0.7203231821006837,0.27967681789931637
47,Tennessee,1445,4342,2190,3416,2011,0.2496975980646276,0.7503024019353723,0.6093471280770603,0.3906528719229397
48,Texas,4484,10044,4056,10169,2011,0.3086453744493392,0.6913546255506607,0.7148681898066784,0.2851318101933216
49,Utah,4418,8052,2423,9740,2011,0.35429029671210904,0.6457097032878909,0.8007892789607827,0.1992107210392173
50,Vermont,2318,4656,1465,5459,2011,0.3323774017780327,0.6676225982219673,0.78841709994223,0.21158290005777008
51,Virginia,1832,4615,1611,4588,2011,0.28416317667132,0.71583682332868,0.7401193740925955,0.2598806259074044
53,Washington,4592,9951,3112,11357,2011,0.3157532833665681,0.6842467166334318,0.7849194830326905,0.21508051696730943
54,West Virginia,1693,3503,1953,3285,2011,0.3258275596612779,0.6741724403387221,0.627147766323024,0.37285223367697595
55,Wisconsin,1628,3611,1192,3666,2011,0.3107463256346631,0.6892536743653369,0.7546315356113626,0.2453684643886373
56,Wyoming,2161,4587,1719,4834,2011,0.3202430349733254,0.6797569650266746,0.7376773996642759,0.2623226003357241
66,Guam,462,1395,610,1219,2011,0.24878836833602586,0.7512116316639742,0.6664844177145981,0.33351558228540185
72,Puerto Rico,1463,5073,3335,3231,2011,0.2238372093023256,0.7761627906976745,0.49208041425525434,0.5079195857447456
1,Alabama,2385,5102,2650,5005,2010,0.3185521570722586,0.6814478429277414,0.6538210320052253,0.34617896799477466
2,Alaska,603,1287,482,1473,2010,0.319047619047619,0.680952380952381,0.7534526854219948,0.2465473145780051
4,Arizona,1805,3884,1496,4251,2010,0.3172789593953243,0.6827210406046756,0.7396902731860101,0.2603097268139899
5,Arkansas,1219,2701,1366,2649,2010,0.310969387755102,0.6890306122448979,0.6597758405977584,0.3402241594022416
6,California,6333,11327,3718,14057,2010,0.3586070215175538,0.6413929784824463,0.7908298171589311,0.20917018284106892
8,Colorado,3613,7883,2372,9277,2010,0.31428322894919974,0.6857167710508003,0.796377371448193,0.20362262855180702
9,Connecticut,2125,4553,1712,5055,2010,0.31820904462413896,0.681790955375861,0.747007536574553,0.252992463425447
10,Delaware,1253,2952,1154,3084,2010,0.2979785969084423,0.7020214030915577,0.7277017461066541,0.27229825389334594
11,District of Columbia,1181,2732,808,3165,2010,0.30181446460516226,0.6981855353948377,0.7966272338283413,0.2033727661716587
12,Florida,10839,23358,10268,24750,2010,0.31695762786209314,0.6830423721379069,0.7067793706094009,0.2932206293905991
13,Georgia,1631,4026,1708,4071,2010,0.28831536149902776,0.7116846385009723,0.7044471361827306,0.2955528638172694
15,Hawaii,1716,4777,1247,5304,2010,0.2642846141999076,0.7357153858000924,0.8096473820790719,0.1903526179209281
16,Idaho,2232,4643,1675,5322,2010,0.3246545454545455,0.6753454545454546,0.7606116907245962,0.23938830927540375
17,Illinois,1930,3244,1471,3730,2010,0.37301894085813686,0.6269810591418632,0.717169775043261,0.2828302249567391
18,Indiana,3378,6626,3129,7071,2010,0.3376649340263894,0.6623350659736106,0.6932352941176471,0.30676470588235294
19,Iowa,1551,4456,1690,4405,2010,0.2581987681038788,0.7418012318961212,0.7227235438884332,0.27727645611156687
20,Kansas,2317,6135,2350,6211,2010,0.27413629910080456,0.7258637008991955,0.7254993575516879,0.2745006424483121
21,Kentucky,2811,5111,2893,5163,2010,0.35483463771774804,0.645165362282252,0.6408887785501489,0.359111221449851
22,Louisiana,2126,4795,2259,4771,2010,0.30718104320184947,0.6928189567981505,0.6786628733997155,0.3213371266002845
23,Maine,2588,5394,1968,6150,2010,0.3242295164119268,0.6757704835880731,0.7575757575757576,0.24242424242424243
24,Maryland,2608,6313,2464,6715,2010,0.29234390763367335,0.7076560923663267,0.7315611722409848,0.2684388277590151
25,Massachusetts,4862,11103,4191,12091,2010,0.30454118383964923,0.6954588161603508,0.7425991892887852,0.25740081071121484
26,Michigan,2885,5871,2454,6405,2010,0.3294883508451348,0.6705116491548653,0.7229935658652218,0.2770064341347782
27,Minnesota,2408,6344,1988,6969,2010,0.27513711151736747,0.7248628884826326,0.7780506866138216,0.2219493133861784
28,Mississippi,2377,5553,2970,5113,2010,0.29974779319041617,0.7002522068095839,0.6325621675120624,0.36743783248793765
29,Missouri,1658,3690,1726,3701,2010,0.3100224382946896,0.6899775617053104,0.6819605675327068,0.31803943246729316
30,Montana,2332,4846,1916,5382,2010,0.3248815826135414,0.6751184173864586,0.7374623184434091,0.26253768155659085
31,Nebraska,4594,11511,4895,11472,2010,0.28525302701024524,0.7147469729897548,0.7009225881346612,0.2990774118653388
32,Nevada,1265,2615,965,2943,2010,0.32603092783505155,0.6739690721649485,0.7530706243602866,0.2469293756397134
33,New Hampshire,1803,4175,1412,4626,2010,0.3016058882569421,0.6983941117430579,0.7661477310367671,0.23385226896323286
34,New Jersey,3653,8360,3423,9002,2010,0.3040872388246067,0.6959127611753934,0.7245070422535211,0.27549295774647886
35,New Mexico,2203,4694,1702,5292,2010,0.3194142380745252,0.6805857619254748,0.7566485559050615,0.24335144409493853
36,New York,2948,5762,2257,6672,2010,0.3384615384615385,0.6615384615384615,0.7472281330496137,0.2527718669503864
37,North Carolina,3459,8477,3464,8669,2010,0.2897955764075067,0.7102044235924933,0.7144976510343691,0.2855023489656309
38,North Dakota,1287,3388,1318,3437,2010,0.2752941176470588,0.7247058823529412,0.7228180862250263,0.2771819137749737
39,Ohio,3169,6492,2960,6882,2010,0.3280198737190767,0.6719801262809233,0.6992481203007519,0.3007518796992481
40,Oklahoma,2442,5167,2607,5134,2010,0.32093573399921144,0.6790642660007885,0.6632218059682211,0.33677819403177883
41,Oregon,1634,3344,1014,4041,2010,0.3282442748091603,0.6717557251908397,0.799406528189911,0.20059347181008902
42,Pennsylvania,3565,7436,3277,7937,2010,0.32406144895918554,0.6759385510408145,0.7077759942928482,0.2922240057071518
44,Rhode Island,2157,4365,1899,4697,2010,0.33072677092916286,0.6692732290708372,0.712098241358399,0.28790175864160095
45,South Carolina,2710,6431,2901,6490,2010,0.2964664697516683,0.7035335302483317,0.6910872111596209,0.3089127888403791
46,South Dakota,1554,5054,1963,4756,2010,0.23516949152542374,0.7648305084745762,0.7078434290817086,0.2921565709182914
47,Tennessee,1345,4320,1956,3808,2010,0.23742277140335394,0.7625772285966461,0.6606523247744622,0.3393476752255378
48,Texas,5660,11791,5633,12406,2010,0.324336714228411,0.6756632857715891,0.6877321359277122,0.31226786407228785
49,Utah,3424,6573,2051,8110,2010,0.34250275082524756,0.6574972491747524,0.7981497884066528,0.20185021159334712
50,Vermont,2225,4456,1413,5374,2010,0.33303397694955844,0.6669660230504415,0.7918078679829085,0.2081921320170915
51,Virginia,1472,3802,1539,3842,2010,0.2791050436101631,0.7208949563898369,0.7139936814718454,0.2860063185281546
53,Washington,6051,13282,3974,15609,2010,0.3129881549681891,0.6870118450318109,0.7970688862789154,0.2029311137210846
54,West Virginia,1373,2965,1548,2851,2010,0.3165053019824804,0.6834946980175196,0.6481018413275744,0.3518981586724256
55,Wisconsin,1514,3210,1235,3543,2010,0.32049110922946655,0.6795088907705334,0.7415236500627878,0.25847634993721225
56,Wyoming,1787,3950,1539,4293,2010,0.3114868398117483,0.6885131601882517,0.7361111111111112,0.2638888888888889
66,Guam,172,593,206,577,2010,0.22483660130718955,0.7751633986928105,0.7369093231162197,0.26309067688378035
72,Puerto Rico,771,2704,1668,1874,2010,0.2218705035971223,0.7781294964028777,0.5290796160361377,0.4709203839638622
1,Alabama,2153,4463,2391,4391,2009,0.32542321644498184,0.6745767835550182,0.6474491300501327,0.3525508699498673
2,Alaska,738,1625,568,1854,2009,0.3123148539991536,0.6876851460008464,0.7654830718414534,0.23451692815854666
4,Arizona,1736,3667,1375,4094,2009,0.32130297982602257,0.6786970201739774,0.7485829219235692,0.25141707807643077
5,Arkansas,1207,2697,1397,2604,2009,0.30917008196721313,0.6908299180327869,0.6508372906773306,0.34916270932266935
6,California,6092,11224,3767,13621,2009,0.3518133518133518,0.6481866481866482,0.7833563377041638,0.2166436622958362
8,Colorado,3605,8163,2322,9611,2009,0.30633922501699523,0.6936607749830047,0.805413559037962,0.19458644096203803
9,Connecticut,1968,4446,1621,4872,2009,0.3068288119738073,0.6931711880261927,0.7503465270291083,0.24965347297089174
10,Delaware,1293,3022,1133,3226,2009,0.2996523754345307,0.7003476245654693,0.7400779995411791,0.25992200045882086
11,District of Columbia,1202,2642,808,3090,2009,0.31269510926118627,0.6873048907388137,0.7927142124166239,0.2072857875833761
12,Florida,3134,8619,3477,8554,2009,0.2666553220454352,0.7333446779545648,0.7109965921369795,0.28900340786302053
13,Georgia,1538,4223,1698,4188,2009,0.2669675403575768,0.7330324596424231,0.7115188583078491,0.2884811416921509
15,Hawaii,1862,4780,1314,5369,2009,0.2803372478169226,0.7196627521830774,0.8033817147987431,0.19661828520125693
16,Idaho,1661,3654,1328,4052,2009,0.3125117591721543,0.6874882408278458,0.7531598513011153,0.24684014869888476
17,Illinois,2067,3752,1479,4365,2009,0.35521567279601307,0.6447843272039869,0.7469199178644764,0.25308008213552363
18,Indiana,3023,6071,2980,6286,2009,0.3324169782274027,0.6675830217725973,0.6783941290740341,0.3216058709259659
19,Iowa,1545,4396,1646,4373,2009,0.26005722942265613,0.7399427705773439,0.7265326466190397,0.2734673533809603
20,Kansas,5216,13486,4969,13926,2009,0.2789006523366485,0.7210993476633515,0.7370203757607833,0.2629796242392167
21,Kentucky,3410,6126,3596,6052,2009,0.3575922818791946,0.6424077181208053,0.6272802653399668,0.37271973466003316
22,Louisiana,2501,6264,2849,6021,2009,0.28533941814033087,0.7146605818596692,0.6788049605411499,0.32119503945885003
23,Maine,2598,5344,1930,6137,2009,0.3271216318307731,0.6728783681692269,0.7607536878641379,0.23924631213586214
24,Maryland,2603,5837,2235,6342,2009,0.3084123222748815,0.6915876777251185,0.739419377404687,0.26058062259531306
25,Massachusetts,5276,11121,4429,12285,2009,0.32176617673964747,0.6782338232603525,0.7350125643173387,0.26498743568266125
26,Michigan,2974,6129,2634,6609,2009,0.3267054817093266,0.6732945182906734,0.71502758844531,0.28497241155469005
27,Minnesota,1602,3981,1047,4562,2009,0.28694250403009136,0.7130574959699086,0.8133357104653236,0.18666428953467643
28,Mississippi,3293,7704,3960,7221,2009,0.2994453032645267,0.7005546967354733,0.6458277434934263,0.35417225650657364
29,Missouri,1647,3353,1532,3525,2009,0.3294,0.6706,0.6970535890844374,0.30294641091556257
30,Montana,2352,5154,1999,5611,2009,0.3133493205435651,0.6866506794564349,0.7373193166885676,0.26268068331143235
31,Nebraska,4298,11435,4702,11269,2009,0.27318375389309096,0.7268162461069091,0.7055913843841963,0.29440861561580367
32,Nevada,1268,2523,954,2882,2009,0.3344763914534424,0.6655236085465577,0.751303441084463,0.24869655891553702
33,New Hampshire,1862,4069,1455,4528,2009,0.313943685719103,0.686056314280897,0.7568109643991309,0.24318903560086913
34,New Jersey,3640,8385,3458,8916,2009,0.3027027027027027,0.6972972972972973,0.7205430741878132,0.27945692581218684
35,New Mexico,2850,5865,2209,6621,2009,0.3270223752151463,0.6729776247848537,0.7498301245753114,0.25016987542468855
36,New York,2224,4562,1845,5064,2009,0.32773356911287943,0.6722664308871206,0.732957012592271,0.267042987407729
37,North Carolina,4026,9042,3790,9476,2009,0.30808080808080807,0.6919191919191919,0.7143072516206844,0.2856927483793155
38,North Dakota,1274,3424,1424,3336,2009,0.2711792252022137,0.7288207747977863,0.7008403361344537,0.2991596638655462
39,Ohio,3131,6519,2841,6916,2009,0.3244559585492228,0.6755440414507772,0.708824433739879,0.2911755662601209
40,Oklahoma,2527,5197,2725,5108,2009,0.3271620921802175,0.6728379078197825,0.652112855866207,0.3478871441337929
41,Oregon,1245,2993,872,3417,2009,0.29377064653138274,0.7062293534686173,0.7966892049428771,0.20331079505712288
42,Pennsylvania,2834,6169,2684,6473,2009,0.31478396090192157,0.6852160390980784,0.7068909031342142,0.29310909686578573
44,Rhode Island,2010,4213,1796,4491,2009,0.32299533986823076,0.6770046601317693,0.7143311595355496,0.28566884046445046
45,South Carolina,2811,6757,2969,6861,2009,0.2937918060200669,0.7062081939799331,0.6979654120040691,0.3020345879959308
46,South Dakota,1669,5070,2063,4762,2009,0.24766285799079982,0.7523371420092002,0.6977289377289377,0.30227106227106226
47,Tennessee,1388,4122,1930,3643,2009,0.2519056261343013,0.7480943738656988,0.6536874214965009,0.346312578503499
48,Texas,3633,7748,3311,8277,2009,0.31921623758896406,0.6807837624110359,0.7142733862616499,0.28572661373835
49,Utah,3527,6470,2092,8051,2009,0.3528058417525258,0.6471941582474743,0.7937493838114956,0.20625061618850438
50,Vermont,2165,4398,1486,5167,2009,0.3298796282188024,0.6701203717811977,0.7766421163384939,0.22335788366150608
51,Virginia,1375,3703,1370,3812,2009,0.27077589602205593,0.7292241039779441,0.7356233114627557,0.26437668853724433
53,Washington,6290,13728,4514,15748,2009,0.31421720451593566,0.6857827954840643,0.7772184384562235,0.22278156154377654
54,West Virginia,1326,3435,1764,3053,2009,0.27851291745431633,0.7214870825456837,0.6337969690678846,0.3662030309321154
55,Wisconsin,1456,3061,1157,3388,2009,0.3223378348461368,0.6776621651538632,0.7454345434543455,0.25456545654565454
56,Wyoming,1817,4148,1527,4521,2009,0.3046102263202012,0.6953897736797988,0.7475198412698413,0.2524801587301587
66,Guam,261,986,329,937,2009,0.20930232558139536,0.7906976744186046,0.7401263823064771,0.2598736176935229
72,Puerto Rico,920,3216,2107,2132,2009,0.22243713733075435,0.7775628626692457,0.5029488086812928,0.49705119131870723
1,Alabama,2217,4117,2181,4300,2008,0.3500157878118093,0.6499842121881907,0.6634778583551921,0.3365221416448079
2,Alaska,830,1736,679,1969,2008,0.323460639127046,0.676539360872954,0.7435800604229608,0.2564199395770393
4,Arizona,1871,4204,1718,4438,2008,0.3079835390946502,0.6920164609053497,0.7209226770630279,0.27907732293697207
5,Arkansas,1680,3892,1925,3761,2008,0.3015075376884422,0.6984924623115578,0.6614491734083714,0.33855082659162855
6,California,4163,7332,2645,8951,2008,0.36215745976511526,0.6378425402348847,0.7719041048637462,0.2280958951362539
8,Colorado,3636,7960,2335,9414,2008,0.31355639875819247,0.6864436012418075,0.8012596816750361,0.19874031832496383
9,Connecticut,1948,4128,1582,4562,2008,0.3206056616194865,0.6793943383805134,0.7425130208333334,0.2574869791666667
10,Delaware,1187,2799,1113,2909,2008,0.2977922729553437,0.7022077270446563,0.7232720039781203,0.27672799602187964
11,District of Columbia,1326,2846,890,3351,2008,0.31783317353787155,0.6821668264621285,0.7901438340014147,0.20985616599858523
12,Florida,2975,7660,3148,7708,2008,0.27973671838269865,0.7202632816173014,0.7100221075902726,0.2899778924097273
13,Georgia,1679,3928,1590,4121,2008,0.2994471196718388,0.7005528803281612,0.7215899142006654,0.27841008579933463
15,Hawaii,1966,4421,1219,5227,2008,0.307812744637545,0.692187255362455,0.8108904747130004,0.1891095252869997
16,Idaho,1691,3341,1244,3860,2008,0.3360492845786963,0.6639507154213037,0.7562695924764891,0.24373040752351097
17,Illinois,1843,3289,1528,3634,2008,0.35911925175370224,0.6408807482462977,0.7039907012785742,0.2960092987214258
18,Indiana,1574,3240,1551,3339,2008,0.32696302451184045,0.6730369754881596,0.6828220858895706,0.31717791411042945
19,Iowa,1659,4227,1631,4370,2008,0.281855249745158,0.718144750254842,0.7282119646725546,0.27178803532744544
20,Kansas,2257,6252,2415,6210,2008,0.265248560347867,0.7347514396521331,0.72,0.28
21,Kentucky,2966,5040,2892,5190,2008,0.3704721458905821,0.6295278541094179,0.6421677802524127,0.3578322197475872
22,Louisiana,1518,4565,1957,4214,2008,0.24954792043399637,0.7504520795660036,0.6828714957057203,0.3171285042942797
23,Maine,2171,4542,1659,5122,2008,0.3234023536421868,0.6765976463578132,0.7553458192007079,0.24465418079929213
24,Maryland,3195,6175,2460,7010,2008,0.3409818569903949,0.6590181430096052,0.7402323125659979,0.25976768743400214
25,Massachusetts,6642,13575,5594,14975,2008,0.3285353910075679,0.6714646089924321,0.7280373377412611,0.2719626622587389
26,Michigan,3120,6198,2708,6735,2008,0.33483580167417903,0.665164198325821,0.7132267287938155,0.28677327120618445
27,Minnesota,1207,3068,856,3431,2008,0.2823391812865497,0.7176608187134503,0.8003265686960579,0.19967343130394216
28,Mississippi,2425,5361,2811,5128,2008,0.311456460313383,0.688543539686617,0.645925179493639,0.354074820506361
29,Missouri,1689,3391,1676,3480,2008,0.3324803149606299,0.6675196850393701,0.6749418153607447,0.32505818463925523
30,Montana,2124,4608,1771,5055,2008,0.3155080213903743,0.6844919786096256,0.7405508350424846,0.25944916495751535
31,Nebraska,4254,11782,4846,11385,2008,0.26527812422050384,0.7347218757794961,0.7014355246133941,0.29856447538660585
32,Nevada,1690,3032,1264,3502,2008,0.35789919525624736,0.6421008047437526,0.7347880822492656,0.2652119177507344
33,New Hampshire,2211,4591,1667,5213,2008,0.32505145545427816,0.6749485445457218,0.757703488372093,0.24229651162790697
34,New Jersey,3344,8184,3332,8397,2008,0.2900763358778626,0.7099236641221374,0.7159178105550346,0.2840821894449655
35,New Mexico,1994,4168,1604,4622,2008,0.32359623498864004,0.6764037650113599,0.7423707035014455,0.2576292964985544
36,New York,2541,5213,2163,5738,2008,0.3277018313128708,0.6722981686871292,0.7262371851664347,0.27376281483356535
37,North Carolina,4772,10787,4404,11420,2008,0.30670351565010606,0.693296484349894,0.7216885743174924,0.2783114256825076
38,North Dakota,1353,3589,1418,3602,2008,0.27377579927155,0.7262242007284501,0.7175298804780876,0.28247011952191237
39,Ohio,4280,8495,3792,9153,2008,0.3350293542074364,0.6649706457925636,0.7070683661645423,0.2929316338354577
40,Oklahoma,2499,5179,2683,5125,2008,0.32547538421463923,0.6745246157853608,0.6563780737704918,0.3436219262295082
41,Oregon,1417,3329,960,3832,2008,0.29856721449641804,0.701432785503582,0.7996661101836394,0.2003338898163606
42,Pennsylvania,4219,8720,4021,9127,2008,0.3260684751526393,0.6739315248473607,0.6941740188621843,0.3058259811378156
44,Rhode Island,1583,3146,1322,3459,2008,0.3347430746458025,0.6652569253541976,0.7234888098724116,0.27651119012758835
45,South Carolina,3045,6867,3036,7149,2008,0.3072033898305085,0.6927966101694916,0.7019145802650957,0.29808541973490427
46,South Dakota,1779,5118,2093,4881,2008,0.25793823401478905,0.742061765985211,0.6998852882133639,0.30011471178663607
47,Tennessee,1337,3613,1631,3383,2008,0.2701010101010101,0.7298989898989899,0.6747108097327483,0.32528919026725167
48,Texas,3175,7397,3301,7405,2008,0.3003216042376088,0.6996783957623912,0.6916682234261162,0.30833177657388383
49,Utah,1936,3318,1187,4129,2008,0.36848115721355157,0.6315188427864484,0.776711813393529,0.22328818660647104
50,Vermont,2214,4409,1412,5332,2008,0.33428959685942927,0.6657104031405707,0.7906287069988137,0.20937129300118623
51,Virginia,1596,3634,1475,3826,2008,0.30516252390057363,0.6948374760994264,0.7217506130918695,0.27824938690813056
53,Washington,7099,15149,4814,17694,2008,0.31908486156058974,0.6809151384394103,0.7861204904922694,0.21387950950773058
54,West Virginia,1264,2828,1401,2759,2008,0.3088954056695992,0.6911045943304008,0.6632211538461539,0.3367788461538462
55,Wisconsin,2343,4673,1830,5241,2008,0.3339509692132269,0.6660490307867731,0.7411964361476453,0.2588035638523547
56,Wyoming,2468,5412,2137,5850,2008,0.3131979695431472,0.6868020304568528,0.7324402153499436,0.26755978465005636
66,Guam,221,563,217,577,2008,0.28188775510204084,0.7181122448979592,0.7267002518891688,0.27329974811083124
72,Puerto Rico,1140,3246,2261,2213,2008,0.25991792065663477,0.7400820793433652,0.4946356727760393,0.5053643272239606
1,Alabama,2342,4721,2465,4781,2007,0.3315871442729718,0.6684128557270281,0.6598123102401325,0.3401876897598675
2,Alaska,821,1629,562,1983,2007,0.33510204081632655,0.6648979591836734,0.7791748526522594,0.22082514734774067
4,Arizona,1522,3135,1226,3501,2007,0.32681984109942025,0.6731801589005798,0.7406388830124815,0.2593611169875185
5,Arkansas,1780,3808,1808,3916,2007,0.3185397279885469,0.6814602720114531,0.684136967155835,0.3158630328441649
6,California,2065,3599,1240,4450,2007,0.3645833333333333,0.6354166666666666,0.7820738137082601,0.2179261862917399
8,Colorado,3804,7957,2115,9782,2007,0.32344188419352093,0.6765581158064791,0.8222240901067496,0.1777759098932504
9,Connecticut,2334,5086,1755,5764,2007,0.31455525606469004,0.68544474393531,0.766591302034845,0.23340869796515495
10,Delaware,1306,2666,1012,2979,2007,0.3288016112789527,0.6711983887210473,0.7464294662991732,0.2535705337008269
11,District of Columbia,1256,2657,778,3177,2007,0.3209813442371582,0.6790186557628418,0.8032869785082174,0.19671302149178255
12,Florida,10994,27692,11565,27932,2007,0.28418549346016647,0.7158145065398336,0.7071929513633947,0.29280704863660534
13,Georgia,2469,5079,2168,5526,2007,0.32710651828298887,0.6728934817170111,0.7182219911619444,0.28177800883805565
15,Hawaii,1938,4608,1149,5454,2007,0.29605866177818513,0.7039413382218148,0.825988187187642,0.17401181281235803
16,Idaho,1739,3495,1195,4109,2007,0.3322506687046236,0.6677493312953764,0.7746983408748115,0.22530165912518854
17,Illinois,1835,3366,1281,3954,2007,0.3528167660065372,0.6471832339934628,0.7553008595988538,0.24469914040114613
18,Indiana,1958,3931,1759,4226,2007,0.3324842927491934,0.6675157072508066,0.7060985797827903,0.29390142021720966
19,Iowa,1388,3947,1326,4099,2007,0.26016869728209935,0.7398313027179007,0.7555760368663594,0.24442396313364056
20,Kansas,2221,6152,2216,6272,2007,0.26525737489549744,0.7347426251045026,0.7389255419415646,0.26107445805843543
21,Kentucky,1909,4821,2611,4294,2007,0.2836552748885587,0.7163447251114413,0.6218682114409848,0.3781317885590152
22,Louisiana,1514,4965,2175,4494,2007,0.2336780367340639,0.766321963265936,0.6738641475483581,0.32613585245164195
23,Maine,2176,4544,1492,5333,2007,0.3238095238095238,0.6761904761904762,0.7813919413919413,0.2186080586080586
24,Maryland,2848,5856,2165,6661,2007,0.3272058823529412,0.6727941176470589,0.7547020167686381,0.2452979832313619
25,Massachusetts,6914,14284,5537,15959,2007,0.32616284555146713,0.6738371544485329,0.7424171938965389,0.2575828061034611
26,Michigan,2616,4762,1817,5684,2007,0.3545676335050149,0.6454323664949851,0.7577656312491667,0.24223436875083323
27,Minnesota,1345,3413,882,3891,2007,0.2826817990752417,0.7173182009247583,0.8152105593966059,0.18478944060339408
28,Mississippi,2447,5195,2756,5054,2007,0.3202041350431824,0.6797958649568175,0.6471190781049936,0.3528809218950064
29,Missouri,1750,3456,1554,3706,2007,0.3361505954667691,0.6638494045332309,0.7045627376425856,0.29543726235741447
30,Montana,1919,3992,1367,4618,2007,0.32464895956690915,0.6753510404330908,0.7715956558061822,0.2284043441938179
31,Nebraska,2856,7922,2971,7958,2007,0.26498422712933756,0.7350157728706624,0.7281544514594199,0.27184554854058013
32,Nevada,1533,2549,968,3149,2007,0.3755512003919647,0.6244487996080352,0.7648773378673792,0.23512266213262084
33,New Hampshire,1940,3973,1282,4701,2007,0.3280906477253509,0.6719093522746491,0.7857262243021895,0.21427377569781048
34,New Jersey,2278,4851,1979,5252,2007,0.31953990742039556,0.6804600925796044,0.7263172451943023,0.2736827548056977
35,New Mexico,2112,4407,1563,5038,2007,0.3239760699493787,0.6760239300506212,0.7632176942887441,0.23678230571125586
36,New York,2087,4305,1643,4872,2007,0.32650187734668334,0.6734981226533167,0.7478127398311588,0.25218726016884113
37,North Carolina,4316,10194,4016,10751,2007,0.2974500344589938,0.7025499655410062,0.7280422563824744,0.27195774361752556
38,North Dakota,1318,3338,1234,3501,2007,0.28307560137457044,0.7169243986254296,0.7393875395987328,0.2606124604012672
39,Ohio,3749,7271,3090,8114,2007,0.34019963702359346,0.6598003629764065,0.7242056408425562,0.27579435915744377
40,Oklahoma,2305,5012,2436,5015,2007,0.3150198168648353,0.6849801831351647,0.6730640182525836,0.32693598174741645
41,Oregon,1519,3371,937,4013,2007,0.31063394683026585,0.6893660531697342,0.8107070707070707,0.1892929292929293
42,Pennsylvania,4220,8754,3793,9423,2007,0.3252659164482812,0.6747340835517188,0.7129993946731235,0.2870006053268765
44,Rhode Island,1464,2970,1192,3301,2007,0.3301759133964817,0.6698240866035182,0.7346984197640775,0.26530158023592254
45,South Carolina,3100,7042,2753,7624,2007,0.30565963320844014,0.6943403667915599,0.7347017442420738,0.2652982557579262
46,South Dakota,1716,5034,1867,4998,2007,0.25422222222222224,0.7457777777777778,0.728040786598689,0.271959213401311
47,Tennessee,1301,3652,1799,3221,2007,0.26266908944074296,0.737330910559257,0.6416334661354581,0.3583665338645418
48,Texas,5161,11750,5252,11972,2007,0.3051859736266336,0.6948140263733664,0.6950766372503484,0.30492336274965165
49,Utah,1750,3216,1090,3967,2007,0.3523962948046718,0.6476037051953283,0.7844571880561598,0.21554281194384023
50,Vermont,2178,4654,1410,5516,2007,0.31879391100702575,0.6812060889929742,0.7964192896332659,0.20358071036673406
51,Virginia,1861,4245,1562,4635,2007,0.30478218146085817,0.6952178185391418,0.7479425528481524,0.2520574471518477
53,Washington,8381,17165,5084,20769,2007,0.328074845376967,0.6719251546230329,0.8033497079642594,0.19665029203574053
54,West Virginia,1285,3101,1346,3093,2007,0.29297765617875055,0.7070223438212494,0.6967785537283172,0.3032214462716828
55,Wisconsin,2306,5063,1764,5668,2007,0.3129325552992265,0.6870674447007735,0.7626480086114101,0.2373519913885899
56,Wyoming,1968,4098,1420,4729,2007,0.32443125618199803,0.675568743818002,0.7690681411611644,0.23093185883883557
66,Guam,170,473,219,438,2007,0.2643856920684292,0.7356143079315708,0.6666666666666666,0.3333333333333333
72,Puerto Rico,1031,2801,1864,2070,2007,0.2690501043841336,0.7309498956158664,0.5261820030503305,0.47381799694966953
