FIPS,Name,have_mentalhealth,have_no_mentalhealth,have_no_fruit,have_fruit,have_no_vegetables,have_vegetables,year,p_have_mentalhealth,p_have_no_mentalhealth,p_have_fruit,p_have_no_fruit,p_have_vegetables,p_have_no_vegetables
1,Alabama,2260,4311,197,5944,8,6038,2017,0.3439354740526556,0.6560645259473444,0.967920534114965,0.03207946588503501,0.9986768111147867,0.0013231888852133643
2,Alaska,987,2129,61,2899,6,2900,2017,0.31675224646983313,0.6832477535301669,0.9793918918918919,0.02060810810810811,0.9979353062629044,0.0020646937370956643
4,Arizona,4755,10514,297,13658,33,13581,2017,0.3114152858733381,0.6885847141266619,0.978717305625224,0.021282694374776066,0.997576024680476,0.0024239753195240193
5,Arkansas,1604,3631,134,4626,6,4620,2017,0.3063992359121299,0.6936007640878701,0.9718487394957983,0.02815126050420168,0.9987029831387808,0.0012970168612191958
6,California,3268,5999,105,8231,11,8142,2017,0.352649185281105,0.647350814718895,0.9874040307101728,0.012595969289827254,0.9986508033852569,0.0013491966147430394
8,Colorado,3373,6278,130,8415,3,8349,2017,0.34949746140296345,0.6505025385970366,0.9847864248098304,0.015213575190169689,0.9996408045977011,0.00035919540229885057
9,Connecticut,3146,7288,183,9374,9,9360,2017,0.3015142802376845,0.6984857197623155,0.9808517317149733,0.019148268285026682,0.9990393852065321,0.0009606147934678194
10,Delaware,1216,2846,64,3624,9,3581,2017,0.29935992122107336,0.7006400787789266,0.982646420824295,0.01735357917570499,0.9974930362116992,0.0025069637883008357
11,District of Columbia,1258,2533,48,3441,1,3342,2017,0.33183856502242154,0.6681614349775785,0.9862424763542562,0.013757523645743766,0.9997008674842955,0.0002991325157044571
12,Florida,6684,14953,499,19379,61,19334,2017,0.308915284004252,0.6910847159957481,0.9748968709125666,0.025103129087433344,0.9968548594998711,0.003145140500128899
13,Georgia,1753,4205,128,5266,14,5206,2017,0.2942262504196039,0.7057737495803961,0.9762699295513534,0.023730070448646643,0.9973180076628353,0.0026819923371647508
15,Hawaii,2396,5318,112,7119,16,7121,2017,0.3106040964480166,0.6893959035519834,0.9845111326234269,0.015488867376573089,0.9977581616925879,0.002241838307412078
16,Idaho,1634,3174,74,4509,5,4520,2017,0.3398502495840266,0.6601497504159733,0.9838533711542657,0.016146628845734236,0.9988950276243094,0.0011049723756906078
17,Illinois,1946,3560,78,5118,11,5136,2017,0.3534326189611333,0.6465673810388667,0.9849884526558892,0.015011547344110854,0.9978628327180882,0.002137167281911793
18,Indiana,4716,8853,303,12394,26,12417,2017,0.3475569312403272,0.6524430687596727,0.9761360951405844,0.02386390485941561,0.9979104717511854,0.0020895282488145946
19,Iowa,2267,5340,80,7021,6,6966,2017,0.2980149861969239,0.7019850138030761,0.9887339811294183,0.011266018870581608,0.9991394148020654,0.0008605851979345956
20,Kansas,6494,14941,473,18985,37,19006,2017,0.30296244459995336,0.6970375554000466,0.9756912323979854,0.024308767602014596,0.9980570288294911,0.0019429711705088483
21,Kentucky,2987,5539,211,7715,18,7701,2017,0.35034013605442177,0.6496598639455783,0.9733787534695938,0.02662124653040626,0.9976680917217257,0.002331908278274388
22,Louisiana,1743,2972,119,4106,5,4123,2017,0.3696712619300106,0.6303287380699893,0.9718343195266272,0.02816568047337278,0.9987887596899225,0.0012112403100775194
23,Maine,3304,6252,163,8905,13,8957,2017,0.3457513604018418,0.6542486395981583,0.9820247022496692,0.017975297750330833,0.9985507246376811,0.0014492753623188406
24,Maryland,4055,9315,234,11948,12,11938,2017,0.3032909498878085,0.6967090501121914,0.9807913314726646,0.019208668527335413,0.9989958158995816,0.0010041841004184101
25,Massachusetts,2394,4365,125,6197,18,6143,2017,0.35419440745672437,0.6458055925432756,0.9802277760202468,0.019772223979753242,0.9970783963642266,0.0029216036357734136
26,Michigan,3874,6885,161,10023,11,10029,2017,0.36007063853517984,0.6399293614648202,0.9841908876669285,0.015809112333071484,0.9989043824701195,0.0010956175298804782
27,Minnesota,4988,11882,219,15397,28,15278,2017,0.2956727919383521,0.704327208061648,0.9859759221311475,0.01402407786885246,0.9981706520318829,0.0018293479681170783
28,Mississippi,1660,3284,123,4429,12,4442,2017,0.33576051779935273,0.6642394822006472,0.9729789103690686,0.027021089630931458,0.997305792546026,0.002694207453973956
29,Missouri,2331,5170,147,6926,10,6946,2017,0.31075856552459674,0.6892414344754033,0.9792167397144069,0.0207832602855931,0.9985623921794134,0.001437607820586544
30,Montana,1708,4113,82,5482,11,5489,2017,0.2934203745060986,0.7065796254939014,0.9852624011502517,0.014737598849748382,0.998,0.002
31,Nebraska,4399,10780,302,13959,34,13993,2017,0.2898082877659925,0.7101917122340075,0.9788233644204474,0.021176635579552627,0.997576103229486,0.0024238967705140085
32,Nevada,1211,2510,60,3454,8,3459,2017,0.3254501478097286,0.6745498521902714,0.9829254410927718,0.01707455890722823,0.997692529564465,0.0023074704355350445
33,New Hampshire,1750,3924,112,5146,6,5142,2017,0.30842439196334154,0.6915756080366584,0.9786991251426398,0.02130087485736021,0.9988344988344988,0.0011655011655011655
34,New Jersey,3509,7995,224,10503,31,10436,2017,0.30502433936022255,0.6949756606397774,0.9791181131723687,0.020881886827631212,0.997038310881819,0.00296168911818095
35,New Mexico,2184,4286,124,5817,15,5804,2017,0.3375579598145286,0.6624420401854714,0.9791280929136509,0.0208719070863491,0.9974222374978519,0.0025777625021481355
36,New York,4123,7842,205,10726,34,10661,2017,0.34458838278311743,0.6554116172168826,0.9812459976214436,0.0187540023785564,0.9968209443665265,0.0031790556334735857
37,North Carolina,1533,3315,73,4424,6,4377,2017,0.3162128712871287,0.6837871287128713,0.9837669557482767,0.01623304425172337,0.998631074606434,0.0013689253935660506
38,North Dakota,1999,4889,129,6412,6,6444,2017,0.2902148664343786,0.7097851335656213,0.9802782449166794,0.019721755083320594,0.9990697674418605,0.0009302325581395349
39,Ohio,3919,8152,257,11070,27,11079,2017,0.32466241405020296,0.675337585949797,0.9773108501809835,0.02268914981901651,0.9975688816855753,0.0024311183144246355
40,Oklahoma,2056,4432,179,5748,8,5696,2017,0.31689272503082616,0.6831072749691739,0.9697992238906699,0.030200776109330182,0.9985974754558204,0.001402524544179523
41,Oregon,2049,3226,65,4757,9,4768,2017,0.388436018957346,0.6115639810426541,0.9865201161343841,0.013479883865615928,0.9981159723675948,0.0018840276324052752
42,Pennsylvania,2407,4070,120,5967,15,6005,2017,0.37162266481395706,0.6283773351860429,0.9802858551010349,0.019714144898965006,0.9975083056478405,0.0024916943521594683
44,Rhode Island,1839,3735,110,5004,9,4976,2017,0.32992465016146394,0.670075349838536,0.9784904184591318,0.021509581540868204,0.9981945837512538,0.0018054162487462387
45,South Carolina,3521,7506,209,10073,13,10063,2017,0.319307155164596,0.680692844835404,0.9796732153277572,0.020326784672242755,0.9987098054783644,0.0012901945216355697
46,South Dakota,1830,5080,139,6434,6,6457,2017,0.26483357452966716,0.7351664254703328,0.9788528830062376,0.02114711699376236,0.9990716385579452,0.0009283614420547734
47,Tennessee,1937,3767,116,5065,10,5040,2017,0.33958625525946706,0.6604137447405329,0.9776104999034936,0.022389500096506466,0.998019801980198,0.0019801980198019802
48,Texas,3693,8319,265,10814,37,10784,2017,0.30744255744255744,0.6925574425574426,0.9760808737250655,0.02391912627493456,0.9965807226688845,0.003419277331115424
49,Utah,3771,6344,141,9378,25,9373,2017,0.3728126544735541,0.6271873455264458,0.9851875196974472,0.01481248030255279,0.9973398595445839,0.002660140455416046
50,Vermont,2144,4299,115,5797,13,5794,2017,0.3327642402607481,0.6672357597392519,0.9805480378890392,0.019451962110960758,0.99776132254176,0.002238677458240055
51,Virginia,2847,6619,177,8722,8,8724,2017,0.3007606169448553,0.6992393830551448,0.9801101247331161,0.01988987526688392,0.9990838295923041,0.0009161704076958314
53,Washington,4567,8485,188,12068,26,12013,2017,0.34990806006742264,0.6500919399325774,0.9846605744125326,0.015339425587467363,0.99784035218872,0.0021596478112800065
54,West Virginia,1865,3529,153,4989,13,5056,2017,0.3457545420837968,0.6542454579162031,0.9702450408401401,0.029754959159859977,0.9974353915959755,0.0025646084040244622
55,Wisconsin,1957,3804,90,5223,11,5242,2017,0.3396979691025864,0.6603020308974137,0.9830604178430266,0.01693958215697346,0.9979059584999048,0.0020940415000951836
56,Wyoming,1279,3138,72,4154,4,4162,2017,0.28956305184514375,0.7104369481548563,0.9829626123994321,0.017037387600567912,0.9990398463754201,0.0009601536245799327
66,Guam,497,998,20,1379,1,1372,2017,0.33244147157190634,0.6675585284280936,0.9857040743388135,0.014295925661186561,0.9992716678805535,0.0007283321194464676
72,Puerto Rico,992,3440,177,4073,25,4171,2017,0.22382671480144403,0.776173285198556,0.9583529411764706,0.04164705882352941,0.9940419447092469,0.005958055290753098
1,Alabama,2452,4415,-1,-1,-1,-1,2016,0.35707004514343965,0.6429299548565603,0.5,0.5,0.5,0.5
2,Alaska,949,1893,-1,-1,-1,-1,2016,0.33391977480647433,0.6660802251935257,0.5,0.5,0.5,0.5
4,Arizona,3158,7643,-1,-1,-1,-1,2016,0.2923803351541524,0.7076196648458476,0.5,0.5,0.5,0.5
5,Arkansas,1600,3596,-1,-1,-1,-1,2016,0.30792917628945343,0.6920708237105466,0.5,0.5,0.5,0.5
6,California,3951,7355,-1,-1,-1,-1,2016,0.3494604634707235,0.6505395365292765,0.5,0.5,0.5,0.5
8,Colorado,4918,9801,-1,-1,-1,-1,2016,0.33412595964399755,0.6658740403560024,0.5,0.5,0.5,0.5
9,Connecticut,3358,7525,-1,-1,-1,-1,2016,0.30855462648166865,0.6914453735183314,0.5,0.5,0.5,0.5
10,Delaware,1098,2883,-1,-1,-1,-1,2016,0.27581009796533534,0.7241899020346647,0.5,0.5,0.5,0.5
11,District of Columbia,1224,2545,-1,-1,-1,-1,2016,0.32475457681082515,0.6752454231891748,0.5,0.5,0.5,0.5
12,Florida,10026,26139,-1,-1,-1,-1,2016,0.27722936540854415,0.7227706345914559,0.5,0.5,0.5,0.5
13,Georgia,1511,3764,-1,-1,-1,-1,2016,0.2864454976303318,0.7135545023696682,0.5,0.5,0.5,0.5
15,Hawaii,2388,5648,-1,-1,-1,-1,2016,0.2971627675460428,0.7028372324539572,0.5,0.5,0.5,0.5
16,Idaho,1711,3437,-1,-1,-1,-1,2016,0.33236208236208237,0.6676379176379177,0.5,0.5,0.5,0.5
17,Illinois,1588,3126,-1,-1,-1,-1,2016,0.336868901145524,0.6631310988544761,0.5,0.5,0.5,0.5
18,Indiana,3468,7395,-1,-1,-1,-1,2016,0.3192488262910798,0.6807511737089202,0.5,0.5,0.5,0.5
19,Iowa,1916,5233,-1,-1,-1,-1,2016,0.26800951181983496,0.7319904881801651,0.5,0.5,0.5,0.5
20,Kansas,3342,8613,-1,-1,-1,-1,2016,0.2795483061480552,0.7204516938519447,0.5,0.5,0.5,0.5
21,Kentucky,3236,6872,-1,-1,-1,-1,2016,0.32014246141669966,0.6798575385833003,0.5,0.5,0.5,0.5
22,Louisiana,1743,3416,-1,-1,-1,-1,2016,0.3378561736770692,0.6621438263229308,0.5,0.5,0.5,0.5
23,Maine,3315,6558,-1,-1,-1,-1,2016,0.33576420540869034,0.6642357945913097,0.5,0.5,0.5,0.5
24,Maryland,5588,12647,-1,-1,-1,-1,2016,0.30644365231697285,0.6935563476830271,0.5,0.5,0.5,0.5
25,Massachusetts,2853,5347,-1,-1,-1,-1,2016,0.34792682926829266,0.6520731707317073,0.5,0.5,0.5,0.5
26,Michigan,4091,7777,-1,-1,-1,-1,2016,0.34470845972362657,0.6552915402763735,0.5,0.5,0.5,0.5
27,Minnesota,4923,11677,-1,-1,-1,-1,2016,0.296566265060241,0.703433734939759,0.5,0.5,0.5,0.5
28,Mississippi,1456,3516,-1,-1,-1,-1,2016,0.2928399034593725,0.7071600965406275,0.5,0.5,0.5,0.5
29,Missouri,2162,4845,-1,-1,-1,-1,2016,0.30854859426288,0.69145140573712,0.5,0.5,0.5,0.5
30,Montana,1640,4240,-1,-1,-1,-1,2016,0.2789115646258503,0.7210884353741497,0.5,0.5,0.5,0.5
31,Nebraska,4224,10811,-1,-1,-1,-1,2016,0.2809444629198537,0.7190555370801464,0.5,0.5,0.5,0.5
32,Nevada,1483,2791,-1,-1,-1,-1,2016,0.34698175011698645,0.6530182498830136,0.5,0.5,0.5,0.5
33,New Hampshire,1884,4454,-1,-1,-1,-1,2016,0.29725465446513094,0.702745345534869,0.5,0.5,0.5,0.5
34,New Jersey,2131,5375,-1,-1,-1,-1,2016,0.28390620836664004,0.71609379163336,0.5,0.5,0.5,0.5
35,New Mexico,1849,4105,-1,-1,-1,-1,2016,0.31054753107154853,0.6894524689284515,0.5,0.5,0.5,0.5
36,New York,10926,22579,-1,-1,-1,-1,2016,0.32610058200268616,0.6738994179973138,0.5,0.5,0.5,0.5
37,North Carolina,1986,4460,-1,-1,-1,-1,2016,0.3080980452994105,0.6919019547005895,0.5,0.5,0.5,0.5
38,North Dakota,1553,4100,-1,-1,-1,-1,2016,0.2747213868742261,0.7252786131257739,0.5,0.5,0.5,0.5
39,Ohio,3671,8532,-1,-1,-1,-1,2016,0.300827665328198,0.6991723346718021,0.5,0.5,0.5,0.5
40,Oklahoma,2054,4727,-1,-1,-1,-1,2016,0.302905176227695,0.6970948237723049,0.5,0.5,0.5,0.5
41,Oregon,2073,3256,-1,-1,-1,-1,2016,0.38900356539688496,0.610996434603115,0.5,0.5,0.5,0.5
42,Pennsylvania,2462,4267,-1,-1,-1,-1,2016,0.3658790310595928,0.6341209689404071,0.5,0.5,0.5,0.5
44,Rhode Island,1785,3589,-1,-1,-1,-1,2016,0.33215481950130255,0.6678451804986975,0.5,0.5,0.5,0.5
45,South Carolina,3561,7479,-1,-1,-1,-1,2016,0.32255434782608694,0.6774456521739131,0.5,0.5,0.5,0.5
46,South Dakota,1480,4204,-1,-1,-1,-1,2016,0.2603800140745954,0.7396199859254047,0.5,0.5,0.5,0.5
47,Tennessee,1991,4047,-1,-1,-1,-1,2016,0.3297449486584962,0.6702550513415038,0.5,0.5,0.5,0.5
48,Texas,3283,8186,-1,-1,-1,-1,2016,0.2862498910105502,0.7137501089894498,0.5,0.5,0.5,0.5
49,Utah,3891,6938,-1,-1,-1,-1,2016,0.3593129559516114,0.6406870440483886,0.5,0.5,0.5,0.5
50,Vermont,2141,4312,-1,-1,-1,-1,2016,0.3317836665117,0.6682163334883,0.5,0.5,0.5,0.5
51,Virginia,2612,6250,-1,-1,-1,-1,2016,0.2947415933197924,0.7052584066802077,0.5,0.5,0.5,0.5
53,Washington,4815,9268,-1,-1,-1,-1,2016,0.3419015834694312,0.6580984165305688,0.5,0.5,0.5,0.5
54,West Virginia,2362,4676,-1,-1,-1,-1,2016,0.33560670645069623,0.6643932935493038,0.5,0.5,0.5,0.5
55,Wisconsin,1683,3545,-1,-1,-1,-1,2016,0.321920428462127,0.678079571537873,0.5,0.5,0.5,0.5
56,Wyoming,1207,3232,-1,-1,-1,-1,2016,0.2719080874070737,0.7280919125929264,0.5,0.5,0.5,0.5
66,Guam,472,1095,-1,-1,-1,-1,2016,0.30121250797702614,0.6987874920229739,0.5,0.5,0.5,0.5
72,Puerto Rico,1297,4416,-1,-1,-1,-1,2016,0.22702608086819534,0.7729739191318047,0.5,0.5,0.5,0.5
1,Alabama,2579,5206,270,6854,38,6900,2015,0.33127809890815674,0.6687219010918433,0.9620999438517687,0.03790005614823133,0.994522917267224,0.005477082732776016
2,Alaska,1196,2372,80,3285,27,3295,2015,0.3352017937219731,0.6647982062780269,0.9762258543833581,0.0237741456166419,0.9918723660445514,0.008127633955448525
4,Arizona,2366,5425,174,6901,30,6879,2015,0.3036837376460018,0.6963162623539982,0.9754063604240283,0.024593639575971733,0.9956578376031263,0.004342162396873643
5,Arkansas,1545,3574,183,4459,23,4503,2015,0.30181676108614963,0.6981832389138504,0.9605773373545885,0.03942266264541146,0.9949182501104729,0.005081749889527177
6,California,4477,8022,206,10884,41,10810,2015,0.3581886550924074,0.6418113449075926,0.9814247069431921,0.018575293056807936,0.9962215464012534,0.0037784535987466592
8,Colorado,4322,8977,221,11342,31,11330,2015,0.3249868411158734,0.6750131588841266,0.9808873129810602,0.01911268701893972,0.997271366957134,0.002728633042865945
9,Connecticut,3789,7943,275,10260,44,10308,2015,0.322962836685987,0.677037163314013,0.9738965353583294,0.026103464641670623,0.9957496136012365,0.004250386398763524
10,Delaware,1154,2844,92,3578,20,3551,2015,0.28864432216108055,0.7113556778389195,0.9749318801089918,0.025068119891008173,0.9943993279193504,0.005600672080649678
11,District of Columbia,1109,2804,78,3396,7,3407,2015,0.28341426015844623,0.7165857398415538,0.9775474956822107,0.022452504317789293,0.997949619214997,0.002050380785002929
12,Florida,2894,6607,264,8379,31,8449,2015,0.3045995158404379,0.6954004841595621,0.9694550503297467,0.030544949670253386,0.9963443396226415,0.0036556603773584906
13,Georgia,1352,3225,131,4013,14,4073,2015,0.29538999344548833,0.7046100065545117,0.9683880308880309,0.03161196911196911,0.9965745045265476,0.0034254954734524103
15,Hawaii,2037,5085,182,6390,36,6402,2015,0.2860151642796967,0.7139848357203032,0.9723067559342666,0.027693244065733414,0.994408201304753,0.005591798695246971
16,Idaho,1860,3840,115,5219,15,5220,2015,0.3263157894736842,0.6736842105263158,0.9784401949756281,0.021559805024371954,0.997134670487106,0.0028653295128939827
17,Illinois,1888,3346,118,4839,26,4868,2015,0.3607183798242262,0.6392816201757738,0.9761952794028647,0.023804720597135363,0.9946873722926032,0.0053126277073968125
18,Indiana,1939,4011,171,5334,23,5369,2015,0.32588235294117646,0.6741176470588235,0.9689373297002725,0.03106267029972752,0.9957344213649851,0.004265578635014837
19,Iowa,1687,4442,89,5571,21,5545,2015,0.27524881709903737,0.7247511829009626,0.9842756183745583,0.015724381625441698,0.9962270930650378,0.0037729069349622707
20,Kansas,6212,16644,648,19883,80,19987,2015,0.2717885894294715,0.7282114105705285,0.9684379718474502,0.031562028152549805,0.9960133552598794,0.003986644740120596
21,Kentucky,2787,5864,266,7702,29,7729,2015,0.32215928794359033,0.6778407120564096,0.9666164658634538,0.033383534136546184,0.9962619231760763,0.0037380768239236918
22,Louisiana,1529,3102,168,3957,34,4004,2015,0.33016627078384797,0.669833729216152,0.9592727272727273,0.04072727272727273,0.991579990094106,0.008420009905894007
23,Maine,2908,5996,202,8274,23,8334,2015,0.3265947888589398,0.6734052111410602,0.9761680037753657,0.02383199622463426,0.9972478162019863,0.0027521837980136413
24,Maryland,3577,8805,265,10992,33,10983,2015,0.2888870941689549,0.711112905831045,0.9764590921204583,0.02354090787954162,0.9970043572984749,0.0029956427015250544
25,Massachusetts,3149,5935,210,7741,42,7754,2015,0.34665345662703656,0.6533465433729635,0.9735882278958622,0.026411772104137844,0.9946126218573628,0.00538737814263725
26,Michigan,3000,5834,203,8049,32,8125,2015,0.3395970115462984,0.6604029884537016,0.9753999030538051,0.02460009694619486,0.9960769890891259,0.003923010910874096
27,Minnesota,4725,11805,304,15085,80,14998,2015,0.28584392014519056,0.7141560798548094,0.9802456299954513,0.019754370004548702,0.9946942565326966,0.005305743467303356
28,Mississippi,1642,4287,270,5199,23,5380,2015,0.2769438353853938,0.7230561646146062,0.9506308283049918,0.04936917169500823,0.9957431056820285,0.004256894317971497
29,Missouri,2201,4989,190,6530,27,6549,2015,0.30611961057023646,0.6938803894297636,0.9717261904761905,0.028273809523809524,0.9958941605839416,0.004105839416058394
30,Montana,1639,4321,153,5452,21,5481,2015,0.275,0.725,0.9727029438001784,0.027297056199821586,0.9961832061068703,0.003816793893129771
31,Nebraska,4588,12781,440,15695,74,15776,2015,0.26414877079854915,0.7358512292014509,0.9727300898667492,0.027269910133250697,0.9953312302839117,0.004668769716088328
32,Nevada,986,1885,91,2579,8,2604,2015,0.3434343434343434,0.6565656565656566,0.9659176029962547,0.03408239700374532,0.996937212863706,0.0030627871362940277
33,New Hampshire,2007,4893,171,6184,10,6203,2015,0.2908695652173913,0.7091304347826087,0.9730920535011802,0.026907946498819828,0.9983904715918236,0.0016095284081764044
34,New Jersey,3200,8032,302,9938,42,10017,2015,0.2849002849002849,0.7150997150997151,0.9705078125,0.0294921875,0.9958246346555324,0.0041753653444676405
35,New Mexico,2062,4589,153,5906,13,5947,2015,0.310028567132762,0.689971432867238,0.9747483083016999,0.02525169169830005,0.9978187919463087,0.002181208053691275
36,New York,4015,8021,290,10628,55,10643,2015,0.33358258557660353,0.6664174144233965,0.9734383586737497,0.02656164132625023,0.994858852121892,0.005141147878108057
37,North Carolina,1970,4638,210,5875,19,5940,2015,0.2981234866828087,0.7018765133171913,0.9654889071487264,0.03451109285127362,0.9968115455613358,0.0031884544386642055
38,North Dakota,1363,3519,113,4466,17,4502,2015,0.2791888570258091,0.7208111429741909,0.9753221227342215,0.024677877265778553,0.9962381057756141,0.003761894224385926
39,Ohio,3558,8143,274,10460,55,10454,2015,0.30407657465173915,0.6959234253482608,0.9744736351779393,0.02552636482206074,0.9947663907127224,0.005233609287277572
40,Oklahoma,2025,4816,234,6177,28,6234,2015,0.2960093553574039,0.7039906446425961,0.9635002339728591,0.036499766027140855,0.9955285851165762,0.004471414883423826
41,Oregon,1936,3304,100,4641,10,4641,2015,0.36946564885496186,0.6305343511450382,0.9789074035013711,0.02109259649862898,0.9978499247473661,0.0021500752526338422
42,Pennsylvania,1897,3749,150,5030,19,5092,2015,0.33599008147360965,0.6640099185263904,0.971042471042471,0.02895752895752896,0.9962825278810409,0.0037174721189591076
44,Rhode Island,1960,4107,149,5325,20,5289,2015,0.32305917257293554,0.6769408274270644,0.9727804165144318,0.02721958348556814,0.9962328122056885,0.0037671877943115466
45,South Carolina,3602,7746,341,10138,38,10255,2015,0.3174127599577018,0.6825872400422982,0.967458726977765,0.032541273022234946,0.9963081706013796,0.0036918293986204216
46,South Dakota,1792,5327,63,6728,5,6693,2015,0.25172074729596855,0.7482792527040315,0.9907230157561479,0.009276984243852157,0.9992535085100029,0.000746491489997014
47,Tennessee,1842,4024,157,5094,26,5077,2015,0.31401295601772927,0.6859870439822707,0.9701009331555894,0.02989906684441059,0.9949049578679209,0.005095042132079169
48,Texas,3943,10420,417,12402,44,12442,2015,0.2745248207199053,0.7254751792800946,0.9674701614790545,0.03252983852094547,0.9964760531795611,0.0035239468204388918
49,Utah,4079,7167,214,10273,31,10328,2015,0.36270674017428417,0.6372932598257158,0.9795937827786784,0.020406217221321635,0.9970074331499179,0.002992566850082054
50,Vermont,1962,4430,157,5788,21,5817,2015,0.3069461827284105,0.6930538172715894,0.9735912531539108,0.02640874684608915,0.9964028776978417,0.0035971223021582736
51,Virginia,2327,6169,214,7724,24,7787,2015,0.2738935969868173,0.7261064030131826,0.9730410682791635,0.026958931720836483,0.996927410062732,0.0030725899372679557
53,Washington,5236,10650,266,14532,54,14472,2015,0.3295983885181921,0.6704016114818079,0.9820245979186376,0.017975402081362345,0.9962825278810409,0.0037174721189591076
54,West Virginia,1880,3982,231,5220,26,5405,2015,0.3207096554077107,0.6792903445922893,0.9576224545954871,0.04237754540451293,0.9952126680169397,0.00478733198306021
55,Wisconsin,1975,4160,128,5438,28,5479,2015,0.32192339038304807,0.6780766096169519,0.9770032339202299,0.022996766079770033,0.9949155620119847,0.005084437988015254
56,Wyoming,1505,3893,125,4816,17,4824,2015,0.2788069655427936,0.7211930344572064,0.9747014774337178,0.02529852256628213,0.996488328857674,0.0035116711423259657
66,Guam,520,1143,35,1496,6,1496,2015,0.3126879134095009,0.6873120865904991,0.977139124755062,0.022860875244937948,0.996005326231691,0.0039946737683089215
72,Puerto Rico,1179,4183,251,4820,49,5099,2015,0.21988064155165982,0.7801193584483401,0.9505028593965688,0.04949714060343128,0.9904817404817405,0.009518259518259518
1,Alabama,2906,5568,-1,-1,-1,-1,2014,0.34293131932971443,0.6570686806702856,0.5,0.5,0.5,0.5
2,Alaska,1358,2933,-1,-1,-1,-1,2014,0.3164763458401305,0.6835236541598695,0.5,0.5,0.5,0.5
4,Arizona,4180,10453,-1,-1,-1,-1,2014,0.2856557096972596,0.7143442903027404,0.5,0.5,0.5,0.5
5,Arkansas,1559,3566,-1,-1,-1,-1,2014,0.3041951219512195,0.6958048780487804,0.5,0.5,0.5,0.5
6,California,2987,5771,-1,-1,-1,-1,2014,0.34105960264900664,0.6589403973509934,0.5,0.5,0.5,0.5
8,Colorado,4134,9053,-1,-1,-1,-1,2014,0.31349055888374916,0.6865094411162509,0.5,0.5,0.5,0.5
9,Connecticut,2428,5410,-1,-1,-1,-1,2014,0.309772901250319,0.690227098749681,0.5,0.5,0.5,0.5
10,Delaware,1162,3041,-1,-1,-1,-1,2014,0.2764691886747561,0.7235308113252439,0.5,0.5,0.5,0.5
11,District of Columbia,1099,2894,-1,-1,-1,-1,2014,0.27523165539694466,0.7247683446030554,0.5,0.5,0.5,0.5
12,Florida,2773,6771,-1,-1,-1,-1,2014,0.2905490360435876,0.7094509639564124,0.5,0.5,0.5,0.5
13,Georgia,1974,4267,-1,-1,-1,-1,2014,0.3162954654702772,0.6837045345297228,0.5,0.5,0.5,0.5
15,Hawaii,2017,5176,-1,-1,-1,-1,2014,0.2804115111914361,0.7195884888085639,0.5,0.5,0.5,0.5
16,Idaho,1744,3622,-1,-1,-1,-1,2014,0.3250093179276929,0.6749906820723072,0.5,0.5,0.5,0.5
17,Illinois,1732,3279,-1,-1,-1,-1,2014,0.3456395928956296,0.6543604071043704,0.5,0.5,0.5,0.5
18,Indiana,3657,7599,-1,-1,-1,-1,2014,0.32489339019189767,0.6751066098081023,0.5,0.5,0.5,0.5
19,Iowa,2196,5811,-1,-1,-1,-1,2014,0.2742600224803297,0.7257399775196703,0.5,0.5,0.5,0.5
20,Kansas,3650,9850,-1,-1,-1,-1,2014,0.27037037037037037,0.7296296296296296,0.5,0.5,0.5,0.5
21,Kentucky,3417,7605,-1,-1,-1,-1,2014,0.31001633097441483,0.6899836690255852,0.5,0.5,0.5,0.5
22,Louisiana,2115,4529,-1,-1,-1,-1,2014,0.3183323299217339,0.6816676700782661,0.5,0.5,0.5,0.5
23,Maine,2983,5963,-1,-1,-1,-1,2014,0.333445115135256,0.666554884864744,0.5,0.5,0.5,0.5
24,Maryland,3672,8686,-1,-1,-1,-1,2014,0.2971354588121055,0.7028645411878944,0.5,0.5,0.5,0.5
25,Massachusetts,4915,10416,-1,-1,-1,-1,2014,0.32059226404018004,0.67940773595982,0.5,0.5,0.5,0.5
26,Michigan,2749,5587,-1,-1,-1,-1,2014,0.32977447216890593,0.670225527831094,0.5,0.5,0.5,0.5
27,Minnesota,4638,11551,-1,-1,-1,-1,2014,0.28649082710482426,0.7135091728951758,0.5,0.5,0.5,0.5
28,Mississippi,1131,2993,-1,-1,-1,-1,2014,0.27424830261881666,0.7257516973811833,0.5,0.5,0.5,0.5
29,Missouri,2049,4921,-1,-1,-1,-1,2014,0.293974175035868,0.706025824964132,0.5,0.5,0.5,0.5
30,Montana,2078,5283,-1,-1,-1,-1,2014,0.282298600733596,0.717701399266404,0.5,0.5,0.5,0.5
31,Nebraska,5764,16368,-1,-1,-1,-1,2014,0.26043737574552683,0.7395626242544732,0.5,0.5,0.5,0.5
32,Nevada,1230,2458,-1,-1,-1,-1,2014,0.3335140997830803,0.6664859002169198,0.5,0.5,0.5,0.5
33,New Hampshire,1768,4323,-1,-1,-1,-1,2014,0.2902643244130685,0.7097356755869315,0.5,0.5,0.5,0.5
34,New Jersey,3795,9000,-1,-1,-1,-1,2014,0.2966002344665885,0.7033997655334114,0.5,0.5,0.5,0.5
35,New Mexico,2626,6206,-1,-1,-1,-1,2014,0.2973278985507246,0.7026721014492754,0.5,0.5,0.5,0.5
36,New York,2200,4473,-1,-1,-1,-1,2014,0.32968679754233476,0.6703132024576652,0.5,0.5,0.5,0.5
37,North Carolina,2068,5114,-1,-1,-1,-1,2014,0.2879420774157616,0.7120579225842384,0.5,0.5,0.5,0.5
38,North Dakota,2034,5601,-1,-1,-1,-1,2014,0.26640471512770136,0.7335952848722986,0.5,0.5,0.5,0.5
39,Ohio,3504,7204,-1,-1,-1,-1,2014,0.32723197609264104,0.672768023907359,0.5,0.5,0.5,0.5
40,Oklahoma,2538,5800,-1,-1,-1,-1,2014,0.3043895418565603,0.6956104581434397,0.5,0.5,0.5,0.5
41,Oregon,1824,3313,-1,-1,-1,-1,2014,0.3550710531438583,0.6449289468561418,0.5,0.5,0.5,0.5
42,Pennsylvania,3461,7283,-1,-1,-1,-1,2014,0.32213328369322414,0.6778667163067759,0.5,0.5,0.5,0.5
44,Rhode Island,1947,4396,-1,-1,-1,-1,2014,0.3069525461138263,0.6930474538861737,0.5,0.5,0.5,0.5
45,South Carolina,3393,7406,-1,-1,-1,-1,2014,0.3141957588665617,0.6858042411334383,0.5,0.5,0.5,0.5
46,South Dakota,1772,5532,-1,-1,-1,-1,2014,0.24260679079956188,0.7573932092004381,0.5,0.5,0.5,0.5
47,Tennessee,1555,3477,-1,-1,-1,-1,2014,0.30902225755166934,0.6909777424483307,0.5,0.5,0.5,0.5
48,Texas,3993,11016,-1,-1,-1,-1,2014,0.26604037577453526,0.7339596242254647,0.5,0.5,0.5,0.5
49,Utah,5187,9665,-1,-1,-1,-1,2014,0.3492458928090493,0.6507541071909507,0.5,0.5,0.5,0.5
50,Vermont,2044,4357,-1,-1,-1,-1,2014,0.3193251054522731,0.6806748945477269,0.5,0.5,0.5,0.5
51,Virginia,2467,6845,-1,-1,-1,-1,2014,0.2649269759450172,0.7350730240549829,0.5,0.5,0.5,0.5
53,Washington,3254,6710,-1,-1,-1,-1,2014,0.32657567242071456,0.6734243275792854,0.5,0.5,0.5,0.5
54,West Virginia,1948,4149,-1,-1,-1,-1,2014,0.3195013941282598,0.6804986058717402,0.5,0.5,0.5,0.5
55,Wisconsin,2169,4826,-1,-1,-1,-1,2014,0.3100786275911365,0.6899213724088634,0.5,0.5,0.5,0.5
56,Wyoming,1671,4633,-1,-1,-1,-1,2014,0.2650697969543147,0.7349302030456852,0.5,0.5,0.5,0.5
66,Guam,798,1699,-1,-1,-1,-1,2014,0.3195835002002403,0.6804164997997597,0.5,0.5,0.5,0.5
72,Puerto Rico,1258,4679,-1,-1,-1,-1,2014,0.21189152770759642,0.7881084722924036,0.5,0.5,0.5,0.5
1,Alabama,2131,4203,332,5793,486,5632,2013,0.3364382696558257,0.6635617303441743,0.9457959183673469,0.05420408163265306,0.9205622752533508,0.07943772474664923
2,Alaska,1426,3079,140,4173,259,4037,2013,0.3165371809100999,0.6834628190899001,0.9675399953628565,0.03246000463714352,0.9397113594040968,0.060288640595903165
4,Arizona,1314,2866,147,3781,278,3638,2013,0.31435406698564594,0.6856459330143541,0.9625763747454175,0.03742362525458248,0.9290091930541369,0.07099080694586313
5,Arkansas,1616,3523,276,4591,546,4301,2013,0.3144580657715509,0.6855419342284491,0.9432915553729196,0.056708444627080336,0.8873530018568186,0.11264699814318135
6,California,4090,7320,254,9569,422,9375,2013,0.3584574934268186,0.6415425065731815,0.9741423190471343,0.025857680952865725,0.9569255894661631,0.04307441053383689
8,Colorado,4262,9191,265,12099,626,11701,2013,0.3168066602244852,0.6831933397755148,0.9785668068586219,0.021433193141378194,0.9492171655715097,0.050782834428490305
9,Connecticut,2456,5136,289,6875,376,6774,2013,0.32349841938883034,0.6765015806111696,0.9596594081518705,0.040340591848129534,0.9474125874125874,0.05258741258741259
10,Delaware,1573,3561,196,4708,269,4635,2013,0.30638878067783404,0.693611219322166,0.9600326264274062,0.0399673735725938,0.9451468189233279,0.05485318107667211
11,District of Columbia,1405,3427,148,4307,113,4332,2013,0.2907698675496689,0.7092301324503312,0.9667789001122334,0.03322109988776655,0.974578177727784,0.025421822272215972
12,Florida,10129,23098,1474,30099,2194,29297,2013,0.30484244740722904,0.6951575525927709,0.9533145409052038,0.04668545909479618,0.9303293004350449,0.06967069956495507
13,Georgia,2383,5599,345,7048,443,6922,2013,0.29854673014282135,0.7014532698571787,0.9533342350872447,0.04666576491275531,0.9398506449422946,0.06014935505770536
15,Hawaii,2121,5662,285,7154,331,7076,2013,0.27251702428369523,0.7274829757163047,0.9616883989783573,0.038311601021642695,0.9553125421898204,0.04468745781017956
16,Idaho,1823,3700,185,5099,438,4834,2013,0.3300742350172008,0.6699257649827992,0.964988644965935,0.0350113550340651,0.9169195751138088,0.0830804248861912
17,Illinois,1904,3660,178,5186,452,4890,2013,0.3421998562185478,0.6578001437814522,0.9668158090976883,0.03318419090231171,0.9153874953201049,0.08461250467989517
18,Indiana,3253,6835,450,9164,1008,8568,2013,0.32246233148295006,0.67753766851705,0.9531932598294154,0.04680674017058457,0.8947368421052632,0.10526315789473684
19,Iowa,2139,5919,186,7516,674,6988,2013,0.2654504839910648,0.7345495160089353,0.9758504284601403,0.024149571539859777,0.912033411641869,0.08796658835813104
20,Kansas,6341,16631,897,21245,2241,19846,2013,0.27603169075396133,0.7239683092460386,0.9594887544033963,0.04051124559660374,0.8985376013039345,0.10146239869606556
21,Kentucky,3734,7117,437,9716,1200,8935,2013,0.3441157497004884,0.6558842502995116,0.9569585344233231,0.043041465576676846,0.8815984213122842,0.11840157868771584
22,Louisiana,1557,3590,278,4631,495,4412,2013,0.3025063143578784,0.6974936856421217,0.9433693216541047,0.056630678345895295,0.899123700835541,0.10087629916445894
23,Maine,2556,5394,266,7474,498,7228,2013,0.32150943396226417,0.6784905660377358,0.9656330749354005,0.034366925064599485,0.9355423246181724,0.06445767538182759
24,Maryland,3794,8985,449,11704,579,11543,2013,0.29689334063698253,0.7031066593630174,0.9630543898625854,0.03694561013741463,0.9522356046856955,0.04776439531430457
25,Massachusetts,5097,9695,565,13099,866,12755,2013,0.3445781503515414,0.6554218496484586,0.958650468384075,0.041349531615925056,0.93642170178401,0.06357829821599001
26,Michigan,4171,8430,359,11850,930,11250,2013,0.3310054757558924,0.6689945242441077,0.97059546236383,0.029404537636170038,0.9236453201970444,0.07635467980295567
27,Minnesota,4067,10091,331,13055,863,12472,2013,0.28725808730046615,0.7127419126995338,0.9752726729418796,0.024727327058120425,0.9352830896137982,0.06471691038620173
28,Mississippi,2117,5181,448,6495,760,6183,2013,0.2900794738284462,0.7099205261715539,0.9354745787123722,0.06452542128762782,0.8905372317442027,0.1094627682557972
29,Missouri,2127,4901,283,6475,709,6046,2013,0.3026465566306204,0.6973534433693797,0.9581237052382362,0.041876294761763834,0.895040710584752,0.10495928941524796
30,Montana,2912,6654,339,8855,878,8312,2013,0.30441145724440727,0.6955885427555927,0.9631281270393734,0.036871872960626495,0.9044613710554951,0.09553862894450489
31,Nebraska,4516,12373,594,15584,1998,14112,2013,0.2673929776777784,0.7326070223222215,0.9632834713808877,0.03671652861911238,0.8759776536312849,0.12402234636871508
32,Nevada,1662,3341,179,4626,289,4492,2013,0.33220067959224464,0.6677993204077554,0.9627471383975026,0.0372528616024974,0.9395523948964651,0.06044760510353483
33,New Hampshire,1891,4487,229,5811,341,5682,2013,0.2964879272499216,0.7035120727500784,0.9620860927152318,0.03791390728476821,0.9433836958326416,0.05661630416735846
34,New Jersey,3991,9005,514,11604,601,11447,2013,0.30709449061249616,0.6929055093875038,0.9575837596963195,0.04241624030368048,0.9501162018592297,0.04988379814077025
35,New Mexico,2800,6364,328,8251,704,7828,2013,0.30554343081623747,0.6944565691837625,0.9617671057232777,0.03823289427672223,0.9174871073605251,0.08251289263947492
36,New York,2912,5818,334,7938,477,7740,2013,0.3335624284077892,0.6664375715922107,0.9596228239845261,0.04037717601547389,0.9419496166484118,0.05805038335158817
37,North Carolina,2507,6195,379,7962,641,7719,2013,0.28809469087566075,0.7119053091243392,0.9545618031411102,0.04543819685888982,0.9233253588516747,0.07667464114832535
38,North Dakota,2111,5506,280,7101,914,6430,2013,0.2771432322436655,0.7228567677563346,0.9620647608725105,0.0379352391274895,0.8755446623093682,0.12445533769063181
39,Ohio,3620,8131,430,10707,1020,10080,2013,0.30805888860522507,0.6919411113947749,0.9613899613899614,0.03861003861003861,0.9081081081081082,0.0918918918918919
40,Oklahoma,2502,5612,412,7376,793,6979,2013,0.3083559280256347,0.6916440719743653,0.9470980996404725,0.05290190035952748,0.8979670612454966,0.10203293875450335
41,Oregon,2149,3712,122,5336,317,5123,2013,0.36666097935505887,0.6333390206449412,0.9776474899230487,0.022352510076951264,0.9417279411764706,0.05827205882352941
42,Pennsylvania,3683,7510,470,10169,931,9663,2013,0.32904493880103636,0.6709550611989636,0.9558229156875646,0.04417708431243538,0.9121200679629979,0.08787993203700208
44,Rhode Island,2058,4370,268,5727,396,5574,2013,0.32016179215930307,0.6798382078406969,0.9552960800667223,0.044703919933277735,0.9336683417085427,0.06633165829145729
45,South Carolina,3218,7283,476,9588,731,9324,2013,0.30644700504713834,0.6935529949528616,0.9527027027027027,0.0472972972972973,0.9272998508204873,0.07270014917951267
46,South Dakota,1717,5101,117,6472,461,6075,2013,0.25183338222352597,0.7481666177764741,0.9822431324935499,0.017756867506450145,0.929467564259486,0.07053243574051407
47,Tennessee,1622,4081,231,4937,464,4672,2013,0.28441171313343855,0.7155882868665615,0.9553018575851393,0.044698142414860684,0.9096573208722741,0.09034267912772585
48,Texas,2805,7799,430,9657,795,9244,2013,0.2645228215767635,0.7354771784232366,0.9573708734014078,0.04262912659859225,0.92080884550254,0.0791911544974599
49,Utah,4544,8047,293,11688,746,11206,2013,0.36089270113573185,0.6391072988642681,0.9755446123028128,0.024455387697187213,0.9375836680053548,0.06241633199464525
50,Vermont,2004,4299,240,5802,351,5651,2013,0.3179438362684436,0.6820561637315564,0.9602780536246276,0.039721946375372394,0.9415194935021659,0.05848050649783405
51,Virginia,2403,5908,235,7544,419,7338,2013,0.28913488148237276,0.7108651185176272,0.9697904614989074,0.030209538501092686,0.9459842722702075,0.05401572772979245
53,Washington,3742,7276,262,10491,612,10089,2013,0.33962606643673987,0.6603739335632601,0.9756347065935088,0.024365293406491212,0.9428090832632464,0.057190916736753576
54,West Virginia,1835,3963,283,5438,759,4968,2013,0.3164884442911349,0.6835115557088651,0.9505331235797937,0.04946687642020626,0.8674698795180723,0.13253012048192772
55,Wisconsin,2096,4429,192,5715,567,5318,2013,0.32122605363984674,0.6787739463601532,0.9674961909598782,0.03250380904012189,0.9036533559898046,0.09634664401019541
56,Wyoming,1744,4612,199,5831,520,5498,2013,0.27438640654499685,0.7256135934550031,0.9669983416252073,0.0330016583747927,0.9135925556663343,0.08640744433366566
66,Guam,616,1263,56,1695,92,1646,2013,0.32783395423097395,0.672166045769026,0.9680182752712736,0.03198172472872644,0.9470655926352128,0.05293440736478711
72,Puerto Rico,1402,4557,515,5311,1614,4259,2013,0.23527437489511663,0.7647256251048834,0.9116031582560934,0.08839684174390662,0.725183041035246,0.27481695896475394
1,Alabama,3217,5606,-1,-1,-1,-1,2012,0.36461521024594806,0.6353847897540519,0.5,0.5,0.5,0.5
2,Alaska,1250,3005,-1,-1,-1,-1,2012,0.2937720329024677,0.7062279670975323,0.5,0.5,0.5,0.5
4,Arizona,2281,4907,-1,-1,-1,-1,2012,0.3173344462993879,0.6826655537006121,0.5,0.5,0.5,0.5
5,Arkansas,1755,3305,-1,-1,-1,-1,2012,0.3468379446640316,0.6531620553359684,0.5,0.5,0.5,0.5
6,California,5223,9272,-1,-1,-1,-1,2012,0.36033114867195587,0.6396688513280442,0.5,0.5,0.5,0.5
8,Colorado,3921,8180,-1,-1,-1,-1,2012,0.324022808032394,0.675977191967606,0.5,0.5,0.5,0.5
9,Connecticut,2873,5759,-1,-1,-1,-1,2012,0.3328313253012048,0.6671686746987951,0.5,0.5,0.5,0.5
10,Delaware,1581,3561,-1,-1,-1,-1,2012,0.3074679113185531,0.6925320886814469,0.5,0.5,0.5,0.5
11,District of Columbia,1164,2576,-1,-1,-1,-1,2012,0.31122994652406416,0.6887700534759358,0.5,0.5,0.5,0.5
12,Florida,2421,4993,-1,-1,-1,-1,2012,0.32654437550579984,0.6734556244942002,0.5,0.5,0.5,0.5
13,Georgia,1802,4194,-1,-1,-1,-1,2012,0.3005336891260841,0.699466310873916,0.5,0.5,0.5,0.5
15,Hawaii,2174,5326,-1,-1,-1,-1,2012,0.28986666666666666,0.7101333333333333,0.5,0.5,0.5,0.5
16,Idaho,1933,3836,-1,-1,-1,-1,2012,0.3350667360027734,0.6649332639972265,0.5,0.5,0.5,0.5
17,Illinois,1923,3631,-1,-1,-1,-1,2012,0.3462369463449766,0.6537630536550234,0.5,0.5,0.5,0.5
18,Indiana,3049,5413,-1,-1,-1,-1,2012,0.3603167099976365,0.6396832900023635,0.5,0.5,0.5,0.5
19,Iowa,1943,5129,-1,-1,-1,-1,2012,0.2747454751131222,0.7252545248868778,0.5,0.5,0.5,0.5
20,Kansas,3168,8465,-1,-1,-1,-1,2012,0.27232872002063097,0.7276712799793691,0.5,0.5,0.5,0.5
21,Kentucky,3888,7110,-1,-1,-1,-1,2012,0.353518821603928,0.646481178396072,0.5,0.5,0.5,0.5
22,Louisiana,2700,6234,-1,-1,-1,-1,2012,0.3022162525184688,0.6977837474815313,0.5,0.5,0.5,0.5
23,Maine,3352,6407,-1,-1,-1,-1,2012,0.3434778153499334,0.6565221846500666,0.5,0.5,0.5,0.5
24,Maryland,3715,8834,-1,-1,-1,-1,2012,0.2960395250617579,0.7039604749382421,0.5,0.5,0.5,0.5
25,Massachusetts,7228,14121,-1,-1,-1,-1,2012,0.3385638671600543,0.6614361328399456,0.5,0.5,0.5,0.5
26,Michigan,3536,6842,-1,-1,-1,-1,2012,0.3407207554442089,0.6592792445557911,0.5,0.5,0.5,0.5
27,Minnesota,3634,8444,-1,-1,-1,-1,2012,0.3008776287464812,0.6991223712535188,0.5,0.5,0.5,0.5
28,Mississippi,2245,5376,-1,-1,-1,-1,2012,0.2945807636793072,0.7054192363206928,0.5,0.5,0.5,0.5
29,Missouri,2040,4609,-1,-1,-1,-1,2012,0.3068130545946759,0.6931869454053241,0.5,0.5,0.5,0.5
30,Montana,2710,5824,-1,-1,-1,-1,2012,0.317553316147176,0.682446683852824,0.5,0.5,0.5,0.5
31,Nebraska,5412,13523,-1,-1,-1,-1,2012,0.28581991021917086,0.7141800897808291,0.5,0.5,0.5,0.5
32,Nevada,1658,3101,-1,-1,-1,-1,2012,0.3483925194368565,0.6516074805631435,0.5,0.5,0.5,0.5
33,New Hampshire,2319,5105,-1,-1,-1,-1,2012,0.31236530172413796,0.6876346982758621,0.5,0.5,0.5,0.5
34,New Jersey,4574,10828,-1,-1,-1,-1,2012,0.2969744189066355,0.7030255810933645,0.5,0.5,0.5,0.5
35,New Mexico,2870,5804,-1,-1,-1,-1,2012,0.3308738759511183,0.6691261240488817,0.5,0.5,0.5,0.5
36,New York,2135,3765,-1,-1,-1,-1,2012,0.36186440677966103,0.638135593220339,0.5,0.5,0.5,0.5
37,North Carolina,3504,8178,-1,-1,-1,-1,2012,0.29994863893168977,0.7000513610683102,0.5,0.5,0.5,0.5
38,North Dakota,1387,3389,-1,-1,-1,-1,2012,0.2904103852596315,0.7095896147403685,0.5,0.5,0.5,0.5
39,Ohio,4120,8667,-1,-1,-1,-1,2012,0.3222022366465942,0.6777977633534058,0.5,0.5,0.5,0.5
40,Oklahoma,2529,5378,-1,-1,-1,-1,2012,0.31984317693183256,0.6801568230681675,0.5,0.5,0.5,0.5
41,Oregon,1834,3362,-1,-1,-1,-1,2012,0.35296381832178597,0.647036181678214,0.5,0.5,0.5,0.5
42,Pennsylvania,6351,13185,-1,-1,-1,-1,2012,0.32509213759213756,0.6749078624078624,0.5,0.5,0.5,0.5
44,Rhode Island,1860,3531,-1,-1,-1,-1,2012,0.34501947690595436,0.6549805230940456,0.5,0.5,0.5,0.5
45,South Carolina,3946,8552,-1,-1,-1,-1,2012,0.3157305168827012,0.6842694831172987,0.5,0.5,0.5,0.5
46,South Dakota,2006,5743,-1,-1,-1,-1,2012,0.2588721125306491,0.7411278874693509,0.5,0.5,0.5,0.5
47,Tennessee,1932,4976,-1,-1,-1,-1,2012,0.2796757382744644,0.7203242617255357,0.5,0.5,0.5,0.5
48,Texas,2853,6080,-1,-1,-1,-1,2012,0.31937758871599686,0.6806224112840031,0.5,0.5,0.5,0.5
49,Utah,4266,7952,-1,-1,-1,-1,2012,0.3491569815027009,0.6508430184972991,0.5,0.5,0.5,0.5
50,Vermont,1969,4005,-1,-1,-1,-1,2012,0.32959491128222296,0.670405088717777,0.5,0.5,0.5,0.5
51,Virginia,2005,5241,-1,-1,-1,-1,2012,0.2767043886282087,0.7232956113717913,0.5,0.5,0.5,0.5
53,Washington,5249,9875,-1,-1,-1,-1,2012,0.347064268711981,0.6529357312880191,0.5,0.5,0.5,0.5
54,West Virginia,1677,3649,-1,-1,-1,-1,2012,0.3148704468644386,0.6851295531355613,0.5,0.5,0.5,0.5
55,Wisconsin,1655,3582,-1,-1,-1,-1,2012,0.31602062249379415,0.6839793775062059,0.5,0.5,0.5,0.5
56,Wyoming,1776,4401,-1,-1,-1,-1,2012,0.2875182127246236,0.7124817872753764,0.5,0.5,0.5,0.5
66,Guam,560,1429,-1,-1,-1,-1,2012,0.2815485168426345,0.7184514831573655,0.5,0.5,0.5,0.5
72,Puerto Rico,1353,4883,-1,-1,-1,-1,2012,0.21696600384862091,0.7830339961513791,0.5,0.5,0.5,0.5
1,Alabama,2592,4967,388,7014,634,6779,2011,0.34290250033073155,0.6570974996692684,0.9475817346663064,0.0524182653336936,0.9144745716983678,0.08552542830163226
2,Alaska,1079,2343,108,3234,202,3136,2011,0.31531268264172996,0.68468731735827,0.9676840215439856,0.03231597845601436,0.9394847213900539,0.06051527860994608
4,Arizona,2106,4305,211,5998,395,5793,2011,0.3284978942442677,0.6715021057557323,0.9660170719922693,0.033982928007730714,0.9361667744020685,0.06383322559793148
5,Arkansas,1526,3091,221,4252,436,4015,2011,0.33051765215507906,0.669482347844921,0.95059244355019,0.04940755644980997,0.9020444843855313,0.09795551561446866
6,California,6449,11453,422,16049,709,15697,2011,0.36023907943246564,0.6397609205675343,0.9743792119482727,0.025620788051727277,0.9567841033768134,0.04321589662318664
8,Colorado,4103,9255,305,12435,769,11948,2011,0.3071567599940111,0.692843240005989,0.9760596546310832,0.023940345368916798,0.9395297633089565,0.06047023669104348
9,Connecticut,2246,4497,244,6372,332,6275,2011,0.3330861634287409,0.6669138365712591,0.9631197097944377,0.03688029020556227,0.9497502648705918,0.0502497351294082
10,Delaware,1391,3357,178,4527,242,4459,2011,0.29296545914069083,0.7070345408593092,0.9621679064824654,0.03783209351753454,0.948521591150819,0.05147840884918103
11,District of Columbia,1417,3077,157,4217,112,4258,2011,0.3153093012906097,0.6846906987093903,0.964106081390032,0.03589391860996799,0.974370709382151,0.02562929061784897
12,Florida,3909,8113,488,11167,781,10838,2011,0.3251538845450008,0.6748461154549992,0.9581295581295581,0.04187044187044187,0.9327825114037352,0.06721748859626474
13,Georgia,2849,6818,423,8973,659,8753,2011,0.2947139753801593,0.7052860246198407,0.9549808429118773,0.045019157088122604,0.9299830004249894,0.07001699957501062
15,Hawaii,2081,5453,246,7165,341,7046,2011,0.27621449429254047,0.7237855057074595,0.9668060990419647,0.03319390095803535,0.9538378232029241,0.046162176797075946
16,Idaho,1990,3990,160,5644,437,5344,2011,0.33277591973244147,0.6672240802675585,0.972432804962095,0.027567195037904894,0.9244075419477599,0.0755924580522401
17,Illinois,1973,3465,182,5143,405,4903,2011,0.36281721221037144,0.6371827877896286,0.9658215962441314,0.034178403755868544,0.9237000753579503,0.07629992464204974
18,Indiana,2786,5463,346,7710,722,7315,2011,0.3377379076251667,0.6622620923748334,0.9570506454816285,0.0429493545183714,0.9101654846335697,0.08983451536643026
19,Iowa,1922,5323,197,6847,803,6214,2011,0.2652864044168392,0.7347135955831609,0.9720329358319136,0.027967064168086316,0.8855636311814166,0.11443636881858343
20,Kansas,5755,14666,786,19308,2022,18010,2011,0.2818177366436511,0.7181822633563488,0.9608838459241564,0.03911615407584353,0.8990615015974441,0.1009384984025559
21,Kentucky,3676,6985,480,9567,1109,8928,2011,0.3448081793452772,0.6551918206547228,0.9522245446401911,0.0477754553598089,0.8895088173757099,0.11049118262429013
22,Louisiana,3372,7387,588,9882,1237,9247,2011,0.31341202714006877,0.6865879728599312,0.9438395415472779,0.056160458452722065,0.8820106829454407,0.11798931705455933
23,Maine,4407,8572,459,12357,727,12067,2011,0.33954850142537946,0.6604514985746205,0.964185393258427,0.03581460674157303,0.943176488979209,0.056823511020790994
24,Maryland,2903,7032,360,9286,457,9174,2011,0.2921992954202315,0.7078007045797685,0.9626788306033589,0.037321169396641096,0.9525490603260305,0.047450939673969475
25,Massachusetts,6998,14751,868,19796,1388,19241,2011,0.3217619200882799,0.67823807991172,0.9579945799457995,0.04200542005420054,0.9327160793058316,0.0672839206941684
26,Michigan,3633,7282,324,10436,765,9983,2011,0.33284470911589553,0.6671552908841044,0.9698884758364312,0.030111524163568774,0.9288239672497208,0.07117603275027912
27,Minnesota,4671,10389,347,14290,1146,13465,2011,0.3101593625498008,0.6898406374501992,0.976292956206873,0.023707043793127006,0.9215659434672507,0.0784340565327493
28,Mississippi,2687,6067,532,7979,950,7537,2011,0.3069453963902216,0.6930546036097784,0.9374926565620961,0.06250734343790389,0.8880640980322847,0.11193590196771533
29,Missouri,1882,4420,300,5804,623,5473,2011,0.2986353538559188,0.7013646461440812,0.9508519003931848,0.0491480996068152,0.8978018372703412,0.10219816272965879
30,Montana,3240,6842,375,9436,915,8873,2011,0.3213648085697282,0.6786351914302717,0.9617775965752726,0.038222403424727346,0.9065181855333061,0.09348181446669392
31,Nebraska,7425,17611,902,23549,3070,21289,2011,0.29657293497363796,0.703427065026362,0.9631098932558996,0.03689010674410045,0.8739685537173119,0.12603144628268811
32,Nevada,1731,3675,211,4943,328,4799,2011,0.3201997780244173,0.6798002219755827,0.9590609235545208,0.04093907644547924,0.9360249658669787,0.06397503413302126
33,New Hampshire,2001,4260,233,5926,341,5808,2011,0.319597508385242,0.6804024916147581,0.9621691833089787,0.03783081669102127,0.9445438282647585,0.055456171735241505
34,New Jersey,4553,10180,520,13624,640,13507,2011,0.309034141043915,0.690965858956085,0.9632352941176471,0.03676470588235294,0.9547607266558281,0.04523927334417191
35,New Mexico,2962,6320,326,8569,684,8178,2011,0.31911226028873085,0.6808877397112691,0.9633501967397414,0.03664980326025857,0.922816519972918,0.07718348002708192
36,New York,2602,4900,276,7031,369,6946,2011,0.34684084244201546,0.6531591575579845,0.9622280005474203,0.03777199945257972,0.9495557074504443,0.05044429254955571
37,North Carolina,3299,8019,436,10591,819,10206,2011,0.2914825940978972,0.7085174059021029,0.9604606874036457,0.0395393125963544,0.9257142857142857,0.07428571428571429
38,North Dakota,1528,3666,129,4938,594,4446,2011,0.29418559876780903,0.705814401232191,0.9745411486086442,0.02545885139135583,0.8821428571428571,0.11785714285714285
39,Ohio,3175,6567,386,9053,828,8598,2011,0.32590843769246564,0.6740915623075344,0.9591058374827842,0.04089416251721581,0.9121578612348823,0.08784213876511776
40,Oklahoma,2807,5579,472,7737,875,7349,2011,0.3347245409015025,0.6652754590984975,0.9425021318065537,0.05749786819344622,0.8936040856031129,0.10639591439688716
41,Oregon,2038,4085,182,5762,349,5558,2011,0.3328433774293647,0.6671566225706353,0.9693808882907133,0.030619111709286675,0.9409175554426951,0.059082444557304895
42,Pennsylvania,3895,7339,423,10508,919,9980,2011,0.3467153284671533,0.6532846715328468,0.9613027170432714,0.03869728295672857,0.9156803376456556,0.08431966235434443
44,Rhode Island,2226,4212,292,6016,369,5916,2011,0.34575955265610436,0.6542404473438956,0.953709575142676,0.046290424857324035,0.9412887828162291,0.058711217183770883
45,South Carolina,3934,8653,568,11672,889,11403,2011,0.312544688964805,0.6874553110351951,0.9535947712418301,0.046405228758169936,0.9276765375854215,0.07232346241457858
46,South Dakota,2074,6055,256,7754,1029,6931,2011,0.25513593307909954,0.7448640669209005,0.9680399500624219,0.031960049937578026,0.8707286432160805,0.1292713567839196
47,Tennessee,1445,4342,282,5231,427,5064,2011,0.2496975980646276,0.7503024019353723,0.9488481770360965,0.0511518229639035,0.9222363868147878,0.07776361318521216
48,Texas,4484,10044,545,13732,969,13264,2011,0.3086453744493392,0.6913546255506607,0.9618267142957204,0.03817328570427961,0.9319187802993044,0.06808121970069557
49,Utah,4418,8052,326,11803,703,11397,2011,0.35429029671210904,0.6457097032878909,0.9731222689422047,0.026877731057795368,0.941900826446281,0.058099173553719005
50,Vermont,2318,4656,235,6664,381,6511,2011,0.3323774017780327,0.6676225982219673,0.965937092332222,0.03406290766777794,0.9447185142193848,0.0552814857806152
51,Virginia,1832,4615,234,5955,380,5799,2011,0.28416317667132,0.71583682332868,0.9621909840038778,0.03780901599612215,0.9385013756271241,0.06149862437287587
53,Washington,4592,9951,347,14077,779,13615,2011,0.3157532833665681,0.6842467166334318,0.975942872989462,0.02405712701053799,0.9458802278727247,0.054119772127275256
54,West Virginia,1693,3503,289,4872,665,4503,2011,0.3258275596612779,0.6741724403387221,0.9440031001743848,0.05599689982561519,0.8713235294117647,0.12867647058823528
55,Wisconsin,1628,3611,177,4734,468,4415,2011,0.3107463256346631,0.6892536743653369,0.9639584605986561,0.03604153940134392,0.9041572803604342,0.09584271963956584
56,Wyoming,2161,4587,246,6336,516,6040,2011,0.3202430349733254,0.6797569650266746,0.9626253418413856,0.037374658158614404,0.9212934716290421,0.0787065283709579
66,Guam,462,1395,51,1752,92,1710,2011,0.24878836833602586,0.7512116316639742,0.9717138103161398,0.028286189683860232,0.9489456159822419,0.051054384017758046
72,Puerto Rico,1463,5073,663,5819,1985,4531,2011,0.2238372093023256,0.7761627906976745,0.8977167540882444,0.10228324591175562,0.69536525475752,0.3046347452424801
1,Alabama,2385,5102,-1,-1,-1,-1,2010,0.3185521570722586,0.6814478429277414,0.5,0.5,0.5,0.5
2,Alaska,603,1287,-1,-1,-1,-1,2010,0.319047619047619,0.680952380952381,0.5,0.5,0.5,0.5
4,Arizona,1805,3884,-1,-1,-1,-1,2010,0.3172789593953243,0.6827210406046756,0.5,0.5,0.5,0.5
5,Arkansas,1219,2701,-1,-1,-1,-1,2010,0.310969387755102,0.6890306122448979,0.5,0.5,0.5,0.5
6,California,6333,11327,-1,-1,-1,-1,2010,0.3586070215175538,0.6413929784824463,0.5,0.5,0.5,0.5
8,Colorado,3613,7883,-1,-1,-1,-1,2010,0.31428322894919974,0.6857167710508003,0.5,0.5,0.5,0.5
9,Connecticut,2125,4553,-1,-1,-1,-1,2010,0.31820904462413896,0.681790955375861,0.5,0.5,0.5,0.5
10,Delaware,1253,2952,-1,-1,-1,-1,2010,0.2979785969084423,0.7020214030915577,0.5,0.5,0.5,0.5
11,District of Columbia,1181,2732,-1,-1,-1,-1,2010,0.30181446460516226,0.6981855353948377,0.5,0.5,0.5,0.5
12,Florida,10839,23358,-1,-1,-1,-1,2010,0.31695762786209314,0.6830423721379069,0.5,0.5,0.5,0.5
13,Georgia,1631,4026,-1,-1,-1,-1,2010,0.28831536149902776,0.7116846385009723,0.5,0.5,0.5,0.5
15,Hawaii,1716,4777,-1,-1,-1,-1,2010,0.2642846141999076,0.7357153858000924,0.5,0.5,0.5,0.5
16,Idaho,2232,4643,-1,-1,-1,-1,2010,0.3246545454545455,0.6753454545454546,0.5,0.5,0.5,0.5
17,Illinois,1930,3244,-1,-1,-1,-1,2010,0.37301894085813686,0.6269810591418632,0.5,0.5,0.5,0.5
18,Indiana,3378,6626,-1,-1,-1,-1,2010,0.3376649340263894,0.6623350659736106,0.5,0.5,0.5,0.5
19,Iowa,1551,4456,-1,-1,-1,-1,2010,0.2581987681038788,0.7418012318961212,0.5,0.5,0.5,0.5
20,Kansas,2317,6135,-1,-1,-1,-1,2010,0.27413629910080456,0.7258637008991955,0.5,0.5,0.5,0.5
21,Kentucky,2811,5111,-1,-1,-1,-1,2010,0.35483463771774804,0.645165362282252,0.5,0.5,0.5,0.5
22,Louisiana,2126,4795,-1,-1,-1,-1,2010,0.30718104320184947,0.6928189567981505,0.5,0.5,0.5,0.5
23,Maine,2588,5394,-1,-1,-1,-1,2010,0.3242295164119268,0.6757704835880731,0.5,0.5,0.5,0.5
24,Maryland,2608,6313,-1,-1,-1,-1,2010,0.29234390763367335,0.7076560923663267,0.5,0.5,0.5,0.5
25,Massachusetts,4862,11103,-1,-1,-1,-1,2010,0.30454118383964923,0.6954588161603508,0.5,0.5,0.5,0.5
26,Michigan,2885,5871,-1,-1,-1,-1,2010,0.3294883508451348,0.6705116491548653,0.5,0.5,0.5,0.5
27,Minnesota,2408,6344,-1,-1,-1,-1,2010,0.27513711151736747,0.7248628884826326,0.5,0.5,0.5,0.5
28,Mississippi,2377,5553,-1,-1,-1,-1,2010,0.29974779319041617,0.7002522068095839,0.5,0.5,0.5,0.5
29,Missouri,1658,3690,-1,-1,-1,-1,2010,0.3100224382946896,0.6899775617053104,0.5,0.5,0.5,0.5
30,Montana,2332,4846,-1,-1,-1,-1,2010,0.3248815826135414,0.6751184173864586,0.5,0.5,0.5,0.5
31,Nebraska,4594,11511,-1,-1,-1,-1,2010,0.28525302701024524,0.7147469729897548,0.5,0.5,0.5,0.5
32,Nevada,1265,2615,-1,-1,-1,-1,2010,0.32603092783505155,0.6739690721649485,0.5,0.5,0.5,0.5
33,New Hampshire,1803,4175,-1,-1,-1,-1,2010,0.3016058882569421,0.6983941117430579,0.5,0.5,0.5,0.5
34,New Jersey,3653,8360,-1,-1,-1,-1,2010,0.3040872388246067,0.6959127611753934,0.5,0.5,0.5,0.5
35,New Mexico,2203,4694,-1,-1,-1,-1,2010,0.3194142380745252,0.6805857619254748,0.5,0.5,0.5,0.5
36,New York,2948,5762,-1,-1,-1,-1,2010,0.3384615384615385,0.6615384615384615,0.5,0.5,0.5,0.5
37,North Carolina,3459,8477,-1,-1,-1,-1,2010,0.2897955764075067,0.7102044235924933,0.5,0.5,0.5,0.5
38,North Dakota,1287,3388,-1,-1,-1,-1,2010,0.2752941176470588,0.7247058823529412,0.5,0.5,0.5,0.5
39,Ohio,3169,6492,-1,-1,-1,-1,2010,0.3280198737190767,0.6719801262809233,0.5,0.5,0.5,0.5
40,Oklahoma,2442,5167,-1,-1,-1,-1,2010,0.32093573399921144,0.6790642660007885,0.5,0.5,0.5,0.5
41,Oregon,1634,3344,-1,-1,-1,-1,2010,0.3282442748091603,0.6717557251908397,0.5,0.5,0.5,0.5
42,Pennsylvania,3565,7436,-1,-1,-1,-1,2010,0.32406144895918554,0.6759385510408145,0.5,0.5,0.5,0.5
44,Rhode Island,2157,4365,-1,-1,-1,-1,2010,0.33072677092916286,0.6692732290708372,0.5,0.5,0.5,0.5
45,South Carolina,2710,6431,-1,-1,-1,-1,2010,0.2964664697516683,0.7035335302483317,0.5,0.5,0.5,0.5
46,South Dakota,1554,5054,-1,-1,-1,-1,2010,0.23516949152542374,0.7648305084745762,0.5,0.5,0.5,0.5
47,Tennessee,1345,4320,-1,-1,-1,-1,2010,0.23742277140335394,0.7625772285966461,0.5,0.5,0.5,0.5
48,Texas,5660,11791,-1,-1,-1,-1,2010,0.324336714228411,0.6756632857715891,0.5,0.5,0.5,0.5
49,Utah,3424,6573,-1,-1,-1,-1,2010,0.34250275082524756,0.6574972491747524,0.5,0.5,0.5,0.5
50,Vermont,2225,4456,-1,-1,-1,-1,2010,0.33303397694955844,0.6669660230504415,0.5,0.5,0.5,0.5
51,Virginia,1472,3802,-1,-1,-1,-1,2010,0.2791050436101631,0.7208949563898369,0.5,0.5,0.5,0.5
53,Washington,6051,13282,-1,-1,-1,-1,2010,0.3129881549681891,0.6870118450318109,0.5,0.5,0.5,0.5
54,West Virginia,1373,2965,-1,-1,-1,-1,2010,0.3165053019824804,0.6834946980175196,0.5,0.5,0.5,0.5
55,Wisconsin,1514,3210,-1,-1,-1,-1,2010,0.32049110922946655,0.6795088907705334,0.5,0.5,0.5,0.5
56,Wyoming,1787,3950,-1,-1,-1,-1,2010,0.3114868398117483,0.6885131601882517,0.5,0.5,0.5,0.5
66,Guam,172,593,-1,-1,-1,-1,2010,0.22483660130718955,0.7751633986928105,0.5,0.5,0.5,0.5
72,Puerto Rico,771,2704,-1,-1,-1,-1,2010,0.2218705035971223,0.7781294964028777,0.5,0.5,0.5,0.5
1,Alabama,2153,4463,596,5788,923,5464,2009,0.32542321644498184,0.6745767835550182,0.906641604010025,0.09335839598997493,0.8554877094097385,0.14451229059026147
2,Alaska,738,1625,127,2155,215,2071,2009,0.3123148539991536,0.6876851460008464,0.9443470639789658,0.05565293602103418,0.9059492563429571,0.09405074365704287
4,Arizona,1736,3667,262,4979,404,4860,2009,0.32130297982602257,0.6786970201739774,0.9500095401640908,0.049990459835909176,0.9232522796352584,0.07674772036474165
5,Arkansas,1207,2697,303,3468,417,3348,2009,0.30917008196721313,0.6908299180327869,0.9196499602227526,0.08035003977724742,0.8892430278884462,0.11075697211155379
6,California,6092,11224,476,14878,964,14376,2009,0.3518133518133518,0.6481866481866482,0.968998306630194,0.031001693369805915,0.9371577574967406,0.06284224250325945
8,Colorado,3605,8163,440,10275,691,10073,2009,0.30633922501699523,0.6936607749830047,0.9589360709286048,0.04106392907139524,0.9358045336306205,0.06419546636937941
9,Connecticut,1968,4446,300,5912,433,5792,2009,0.3068288119738073,0.6931711880261927,0.9517063747585319,0.04829362524146812,0.9304417670682731,0.0695582329317269
10,Delaware,1293,3022,245,3682,338,3584,2009,0.2996523754345307,0.7003476245654693,0.9376114081996435,0.062388591800356503,0.9138194798572157,0.0861805201427843
11,District of Columbia,1202,2642,158,3523,248,3432,2009,0.31269510926118627,0.6873048907388137,0.9570768812822602,0.042923118717739746,0.9326086956521739,0.06739130434782609
12,Florida,3134,8619,797,10438,1021,10254,2009,0.2666553220454352,0.7333446779545648,0.9290609701824655,0.07093902981753449,0.9094456762749445,0.09055432372505544
13,Georgia,1538,4223,414,5102,507,5023,2009,0.2669675403575768,0.7330324596424231,0.9249456127628717,0.07505438723712836,0.9083182640144666,0.09168173598553346
15,Hawaii,1862,4780,291,6139,387,6058,2009,0.2803372478169226,0.7196627521830774,0.9547433903576983,0.04525660964230171,0.9399534522885958,0.06004654771140419
16,Idaho,1661,3654,249,4882,370,4783,2009,0.3125117591721543,0.6874882408278458,0.9514714480608069,0.04852855193919314,0.9281971666990103,0.07180283330098972
17,Illinois,2067,3752,285,5374,432,5229,2009,0.35521567279601307,0.6447843272039869,0.9496377451846616,0.050362254815338396,0.9236883942766295,0.07631160572337042
18,Indiana,3023,6071,585,8124,851,7865,2009,0.3324169782274027,0.6675830217725973,0.9328281088529108,0.06717189114708921,0.9023634694814134,0.0976365305185865
19,Iowa,1545,4396,302,5469,547,5217,2009,0.26005722942265613,0.7399427705773439,0.9476693813897071,0.052330618610292846,0.9051006245662734,0.09489937543372658
20,Kansas,5216,13486,1202,17142,1658,16726,2009,0.2789006523366485,0.7210993476633515,0.9344744875708678,0.06552551242913214,0.9098128807658834,0.09018711923411663
21,Kentucky,3410,6126,669,8531,1123,8072,2009,0.3575922818791946,0.6424077181208053,0.9272826086956522,0.07271739130434783,0.877868406742795,0.122131593257205
22,Louisiana,2501,6264,765,7800,1098,7459,2009,0.28533941814033087,0.7146605818596692,0.9106830122591943,0.0893169877408056,0.8716840014023607,0.12831599859763937
23,Maine,2598,5344,374,7441,722,7093,2009,0.3271216318307731,0.6728783681692269,0.9521433141394754,0.047856685860524634,0.9076135636596289,0.09238643634037108
24,Maryland,2603,5837,383,7825,596,7618,2009,0.3084123222748815,0.6915876777251185,0.9533382066276803,0.04666179337231969,0.9274409544679815,0.0725590455320185
25,Massachusetts,5276,11121,981,14263,1520,13760,2009,0.32176617673964747,0.6782338232603525,0.9356468118604041,0.06435318813959591,0.900523560209424,0.09947643979057591
26,Michigan,2974,6129,421,8387,722,8119,2009,0.3267054817093266,0.6732945182906734,0.9522025431425977,0.04779745685740236,0.9183350299739849,0.08166497002601515
27,Minnesota,1602,3981,209,5345,446,5104,2009,0.28694250403009136,0.7130574959699086,0.9623694634497659,0.037630536550234066,0.9196396396396397,0.08036036036036036
28,Mississippi,3293,7704,945,9637,1769,8859,2009,0.2994453032645267,0.7005546967354733,0.9106974106974107,0.0893025893025893,0.8335528791870531,0.16644712081294694
29,Missouri,1647,3353,354,4387,532,4223,2009,0.3294,0.6706,0.9253322083948534,0.0746677916051466,0.888117770767613,0.11188222923238696
30,Montana,2352,5154,398,6892,551,6753,2009,0.3133493205435651,0.6866506794564349,0.9454046639231825,0.05459533607681756,0.9245618838992333,0.0754381161007667
31,Nebraska,4298,11435,801,14455,1407,13837,2009,0.27318375389309096,0.7268162461069091,0.9474960671211327,0.05250393287886733,0.9077013907110995,0.09229860928890055
32,Nevada,1268,2523,220,3444,249,3416,2009,0.3344763914534424,0.6655236085465577,0.9399563318777293,0.060043668122270744,0.9320600272851296,0.0679399727148704
33,New Hampshire,1862,4069,305,5506,574,5226,2009,0.313943685719103,0.686056314280897,0.9475133367750818,0.05248666322491826,0.9010344827586206,0.09896551724137931
34,New Jersey,3640,8385,622,10982,879,10727,2009,0.3027027027027027,0.6972972972972973,0.9463977938641848,0.053602206135815234,0.9242633120799586,0.07573668792004136
35,New Mexico,2850,5865,468,7909,684,7694,2009,0.3270223752151463,0.6729776247848537,0.9441327444192432,0.055867255580756836,0.9183576032465982,0.08164239675340176
36,New York,2224,4562,310,6197,502,6013,2009,0.32773356911287943,0.6722664308871206,0.9523589980021515,0.04764100199784847,0.9229470452801228,0.0770529547198772
37,North Carolina,4026,9042,894,11717,1188,11469,2009,0.30808080808080807,0.6919191919191919,0.9291095075727539,0.07089049242724606,0.9061388954728609,0.09386110452713914
38,North Dakota,1274,3424,226,4335,423,4133,2009,0.2711792252022137,0.7288207747977863,0.9504494628370971,0.04955053716290287,0.9071553994732221,0.09284460052677787
39,Ohio,3131,6519,528,8863,809,8570,2009,0.3244559585492228,0.6755440414507772,0.9437759557022681,0.05622404429773187,0.9137434694530334,0.08625653054696662
40,Oklahoma,2527,5197,624,6927,811,6765,2009,0.3271620921802175,0.6728379078197825,0.9173619388160509,0.08263806118394915,0.8929514255543822,0.10704857444561774
41,Oregon,1245,2993,149,3905,262,3786,2009,0.29377064653138274,0.7062293534686173,0.9632461766156882,0.03675382338431179,0.9352766798418972,0.06472332015810277
42,Pennsylvania,2834,6169,549,8206,864,7918,2009,0.31478396090192157,0.6852160390980784,0.9372929754426043,0.06270702455739577,0.9016169437485766,0.09838305625142336
44,Rhode Island,2010,4213,370,5723,540,5560,2009,0.32299533986823076,0.6770046601317693,0.9392745773838831,0.06072542261611685,0.9114754098360656,0.08852459016393442
45,South Carolina,2811,6757,652,8554,1014,8262,2009,0.2937918060200669,0.7062081939799331,0.929176623940908,0.07082337605909189,0.8906856403622251,0.1093143596377749
46,South Dakota,1669,5070,329,6237,642,5910,2009,0.24766285799079982,0.7523371420092002,0.9498933901918977,0.050106609808102345,0.902014652014652,0.09798534798534798
47,Tennessee,1388,4122,465,4655,737,4383,2009,0.2519056261343013,0.7480943738656988,0.9091796875,0.0908203125,0.8560546875,0.1439453125
48,Texas,3633,7748,640,10408,873,10185,2009,0.31921623758896406,0.6807837624110359,0.942070963070239,0.05792903692976104,0.9210526315789473,0.07894736842105263
49,Utah,3527,6470,362,9423,619,9200,2009,0.3528058417525258,0.6471941582474743,0.9630045988758303,0.036995401124169644,0.9369589571239434,0.06304104287605662
50,Vermont,2165,4398,308,6120,502,5937,2009,0.3298796282188024,0.6701203717811977,0.9520846297448662,0.04791537025513379,0.922037583475695,0.07796241652430502
51,Virginia,1375,3703,260,4587,390,4469,2009,0.27077589602205593,0.7292241039779441,0.9463585723127708,0.053641427687229216,0.9197365713109693,0.08026342868903066
53,Washington,6290,13728,787,18869,1235,18395,2009,0.31421720451593566,0.6857827954840643,0.959961334961335,0.04003866503866504,0.9370860927152318,0.06291390728476821
54,West Virginia,1326,3435,352,4337,582,4126,2009,0.27851291745431633,0.7214870825456837,0.9249306888462359,0.07506931115376413,0.8763806287170773,0.12361937128292269
55,Wisconsin,1456,3061,210,4047,405,3846,2009,0.3223378348461368,0.6776621651538632,0.9506694855532065,0.04933051444679352,0.9047282992237121,0.09527170077628794
56,Wyoming,1817,4148,305,5507,400,5418,2009,0.3046102263202012,0.6953897736797988,0.9475223675154852,0.0524776324845148,0.9312478514953593,0.06875214850464077
66,Guam,261,986,46,1192,118,1113,2009,0.20930232558139536,0.7906976744186046,0.962843295638126,0.03715670436187399,0.9041429731925265,0.0958570268074736
72,Puerto Rico,920,3216,342,3718,464,3624,2009,0.22243713733075435,0.7775628626692457,0.9157635467980295,0.08423645320197044,0.8864970645792564,0.11350293542074363
1,Alabama,2217,4117,-1,-1,-1,-1,2008,0.3500157878118093,0.6499842121881907,0.5,0.5,0.5,0.5
2,Alaska,830,1736,-1,-1,-1,-1,2008,0.323460639127046,0.676539360872954,0.5,0.5,0.5,0.5
4,Arizona,1871,4204,-1,-1,-1,-1,2008,0.3079835390946502,0.6920164609053497,0.5,0.5,0.5,0.5
5,Arkansas,1680,3892,-1,-1,-1,-1,2008,0.3015075376884422,0.6984924623115578,0.5,0.5,0.5,0.5
6,California,4163,7332,-1,-1,-1,-1,2008,0.36215745976511526,0.6378425402348847,0.5,0.5,0.5,0.5
8,Colorado,3636,7960,-1,-1,-1,-1,2008,0.31355639875819247,0.6864436012418075,0.5,0.5,0.5,0.5
9,Connecticut,1948,4128,-1,-1,-1,-1,2008,0.3206056616194865,0.6793943383805134,0.5,0.5,0.5,0.5
10,Delaware,1187,2799,-1,-1,-1,-1,2008,0.2977922729553437,0.7022077270446563,0.5,0.5,0.5,0.5
11,District of Columbia,1326,2846,-1,-1,-1,-1,2008,0.31783317353787155,0.6821668264621285,0.5,0.5,0.5,0.5
12,Florida,2975,7660,-1,-1,-1,-1,2008,0.27973671838269865,0.7202632816173014,0.5,0.5,0.5,0.5
13,Georgia,1679,3928,-1,-1,-1,-1,2008,0.2994471196718388,0.7005528803281612,0.5,0.5,0.5,0.5
15,Hawaii,1966,4421,-1,-1,-1,-1,2008,0.307812744637545,0.692187255362455,0.5,0.5,0.5,0.5
16,Idaho,1691,3341,-1,-1,-1,-1,2008,0.3360492845786963,0.6639507154213037,0.5,0.5,0.5,0.5
17,Illinois,1843,3289,-1,-1,-1,-1,2008,0.35911925175370224,0.6408807482462977,0.5,0.5,0.5,0.5
18,Indiana,1574,3240,-1,-1,-1,-1,2008,0.32696302451184045,0.6730369754881596,0.5,0.5,0.5,0.5
19,Iowa,1659,4227,-1,-1,-1,-1,2008,0.281855249745158,0.718144750254842,0.5,0.5,0.5,0.5
20,Kansas,2257,6252,-1,-1,-1,-1,2008,0.265248560347867,0.7347514396521331,0.5,0.5,0.5,0.5
21,Kentucky,2966,5040,-1,-1,-1,-1,2008,0.3704721458905821,0.6295278541094179,0.5,0.5,0.5,0.5
22,Louisiana,1518,4565,-1,-1,-1,-1,2008,0.24954792043399637,0.7504520795660036,0.5,0.5,0.5,0.5
23,Maine,2171,4542,-1,-1,-1,-1,2008,0.3234023536421868,0.6765976463578132,0.5,0.5,0.5,0.5
24,Maryland,3195,6175,-1,-1,-1,-1,2008,0.3409818569903949,0.6590181430096052,0.5,0.5,0.5,0.5
25,Massachusetts,6642,13575,-1,-1,-1,-1,2008,0.3285353910075679,0.6714646089924321,0.5,0.5,0.5,0.5
26,Michigan,3120,6198,-1,-1,-1,-1,2008,0.33483580167417903,0.665164198325821,0.5,0.5,0.5,0.5
27,Minnesota,1207,3068,-1,-1,-1,-1,2008,0.2823391812865497,0.7176608187134503,0.5,0.5,0.5,0.5
28,Mississippi,2425,5361,-1,-1,-1,-1,2008,0.311456460313383,0.688543539686617,0.5,0.5,0.5,0.5
29,Missouri,1689,3391,-1,-1,-1,-1,2008,0.3324803149606299,0.6675196850393701,0.5,0.5,0.5,0.5
30,Montana,2124,4608,-1,-1,-1,-1,2008,0.3155080213903743,0.6844919786096256,0.5,0.5,0.5,0.5
31,Nebraska,4254,11782,-1,-1,-1,-1,2008,0.26527812422050384,0.7347218757794961,0.5,0.5,0.5,0.5
32,Nevada,1690,3032,-1,-1,-1,-1,2008,0.35789919525624736,0.6421008047437526,0.5,0.5,0.5,0.5
33,New Hampshire,2211,4591,-1,-1,-1,-1,2008,0.32505145545427816,0.6749485445457218,0.5,0.5,0.5,0.5
34,New Jersey,3344,8184,-1,-1,-1,-1,2008,0.2900763358778626,0.7099236641221374,0.5,0.5,0.5,0.5
35,New Mexico,1994,4168,-1,-1,-1,-1,2008,0.32359623498864004,0.6764037650113599,0.5,0.5,0.5,0.5
36,New York,2541,5213,-1,-1,-1,-1,2008,0.3277018313128708,0.6722981686871292,0.5,0.5,0.5,0.5
37,North Carolina,4772,10787,-1,-1,-1,-1,2008,0.30670351565010606,0.693296484349894,0.5,0.5,0.5,0.5
38,North Dakota,1353,3589,-1,-1,-1,-1,2008,0.27377579927155,0.7262242007284501,0.5,0.5,0.5,0.5
39,Ohio,4280,8495,-1,-1,-1,-1,2008,0.3350293542074364,0.6649706457925636,0.5,0.5,0.5,0.5
40,Oklahoma,2499,5179,-1,-1,-1,-1,2008,0.32547538421463923,0.6745246157853608,0.5,0.5,0.5,0.5
41,Oregon,1417,3329,-1,-1,-1,-1,2008,0.29856721449641804,0.701432785503582,0.5,0.5,0.5,0.5
42,Pennsylvania,4219,8720,-1,-1,-1,-1,2008,0.3260684751526393,0.6739315248473607,0.5,0.5,0.5,0.5
44,Rhode Island,1583,3146,-1,-1,-1,-1,2008,0.3347430746458025,0.6652569253541976,0.5,0.5,0.5,0.5
45,South Carolina,3045,6867,-1,-1,-1,-1,2008,0.3072033898305085,0.6927966101694916,0.5,0.5,0.5,0.5
46,South Dakota,1779,5118,-1,-1,-1,-1,2008,0.25793823401478905,0.742061765985211,0.5,0.5,0.5,0.5
47,Tennessee,1337,3613,-1,-1,-1,-1,2008,0.2701010101010101,0.7298989898989899,0.5,0.5,0.5,0.5
48,Texas,3175,7397,-1,-1,-1,-1,2008,0.3003216042376088,0.6996783957623912,0.5,0.5,0.5,0.5
49,Utah,1936,3318,-1,-1,-1,-1,2008,0.36848115721355157,0.6315188427864484,0.5,0.5,0.5,0.5
50,Vermont,2214,4409,-1,-1,-1,-1,2008,0.33428959685942927,0.6657104031405707,0.5,0.5,0.5,0.5
51,Virginia,1596,3634,-1,-1,-1,-1,2008,0.30516252390057363,0.6948374760994264,0.5,0.5,0.5,0.5
53,Washington,7099,15149,-1,-1,-1,-1,2008,0.31908486156058974,0.6809151384394103,0.5,0.5,0.5,0.5
54,West Virginia,1264,2828,-1,-1,-1,-1,2008,0.3088954056695992,0.6911045943304008,0.5,0.5,0.5,0.5
55,Wisconsin,2343,4673,-1,-1,-1,-1,2008,0.3339509692132269,0.6660490307867731,0.5,0.5,0.5,0.5
56,Wyoming,2468,5412,-1,-1,-1,-1,2008,0.3131979695431472,0.6868020304568528,0.5,0.5,0.5,0.5
66,Guam,221,563,-1,-1,-1,-1,2008,0.28188775510204084,0.7181122448979592,0.5,0.5,0.5,0.5
72,Puerto Rico,1140,3246,-1,-1,-1,-1,2008,0.25991792065663477,0.7400820793433652,0.5,0.5,0.5,0.5
1,Alabama,2342,4721,596,5788,923,5464,2007,0.3315871442729718,0.6684128557270281,0.906641604010025,0.09335839598997493,0.8554877094097385,0.14451229059026147
2,Alaska,821,1629,127,2155,215,2071,2007,0.33510204081632655,0.6648979591836734,0.9443470639789658,0.05565293602103418,0.9059492563429571,0.09405074365704287
4,Arizona,1522,3135,262,4979,404,4860,2007,0.32681984109942025,0.6731801589005798,0.9500095401640908,0.049990459835909176,0.9232522796352584,0.07674772036474165
5,Arkansas,1780,3808,303,3468,417,3348,2007,0.3185397279885469,0.6814602720114531,0.9196499602227526,0.08035003977724742,0.8892430278884462,0.11075697211155379
6,California,2065,3599,476,14878,964,14376,2007,0.3645833333333333,0.6354166666666666,0.968998306630194,0.031001693369805915,0.9371577574967406,0.06284224250325945
8,Colorado,3804,7957,440,10275,691,10073,2007,0.32344188419352093,0.6765581158064791,0.9589360709286048,0.04106392907139524,0.9358045336306205,0.06419546636937941
9,Connecticut,2334,5086,300,5912,433,5792,2007,0.31455525606469004,0.68544474393531,0.9517063747585319,0.04829362524146812,0.9304417670682731,0.0695582329317269
10,Delaware,1306,2666,245,3682,338,3584,2007,0.3288016112789527,0.6711983887210473,0.9376114081996435,0.062388591800356503,0.9138194798572157,0.0861805201427843
11,District of Columbia,1256,2657,158,3523,248,3432,2007,0.3209813442371582,0.6790186557628418,0.9570768812822602,0.042923118717739746,0.9326086956521739,0.06739130434782609
12,Florida,10994,27692,797,10438,1021,10254,2007,0.28418549346016647,0.7158145065398336,0.9290609701824655,0.07093902981753449,0.9094456762749445,0.09055432372505544
13,Georgia,2469,5079,414,5102,507,5023,2007,0.32710651828298887,0.6728934817170111,0.9249456127628717,0.07505438723712836,0.9083182640144666,0.09168173598553346
15,Hawaii,1938,4608,291,6139,387,6058,2007,0.29605866177818513,0.7039413382218148,0.9547433903576983,0.04525660964230171,0.9399534522885958,0.06004654771140419
16,Idaho,1739,3495,249,4882,370,4783,2007,0.3322506687046236,0.6677493312953764,0.9514714480608069,0.04852855193919314,0.9281971666990103,0.07180283330098972
17,Illinois,1835,3366,285,5374,432,5229,2007,0.3528167660065372,0.6471832339934628,0.9496377451846616,0.050362254815338396,0.9236883942766295,0.07631160572337042
18,Indiana,1958,3931,585,8124,851,7865,2007,0.3324842927491934,0.6675157072508066,0.9328281088529108,0.06717189114708921,0.9023634694814134,0.0976365305185865
19,Iowa,1388,3947,302,5469,547,5217,2007,0.26016869728209935,0.7398313027179007,0.9476693813897071,0.052330618610292846,0.9051006245662734,0.09489937543372658
20,Kansas,2221,6152,1202,17142,1658,16726,2007,0.26525737489549744,0.7347426251045026,0.9344744875708678,0.06552551242913214,0.9098128807658834,0.09018711923411663
21,Kentucky,1909,4821,669,8531,1123,8072,2007,0.2836552748885587,0.7163447251114413,0.9272826086956522,0.07271739130434783,0.877868406742795,0.122131593257205
22,Louisiana,1514,4965,765,7800,1098,7459,2007,0.2336780367340639,0.766321963265936,0.9106830122591943,0.0893169877408056,0.8716840014023607,0.12831599859763937
23,Maine,2176,4544,374,7441,722,7093,2007,0.3238095238095238,0.6761904761904762,0.9521433141394754,0.047856685860524634,0.9076135636596289,0.09238643634037108
24,Maryland,2848,5856,383,7825,596,7618,2007,0.3272058823529412,0.6727941176470589,0.9533382066276803,0.04666179337231969,0.9274409544679815,0.0725590455320185
25,Massachusetts,6914,14284,981,14263,1520,13760,2007,0.32616284555146713,0.6738371544485329,0.9356468118604041,0.06435318813959591,0.900523560209424,0.09947643979057591
26,Michigan,2616,4762,421,8387,722,8119,2007,0.3545676335050149,0.6454323664949851,0.9522025431425977,0.04779745685740236,0.9183350299739849,0.08166497002601515
27,Minnesota,1345,3413,209,5345,446,5104,2007,0.2826817990752417,0.7173182009247583,0.9623694634497659,0.037630536550234066,0.9196396396396397,0.08036036036036036
28,Mississippi,2447,5195,945,9637,1769,8859,2007,0.3202041350431824,0.6797958649568175,0.9106974106974107,0.0893025893025893,0.8335528791870531,0.16644712081294694
29,Missouri,1750,3456,354,4387,532,4223,2007,0.3361505954667691,0.6638494045332309,0.9253322083948534,0.0746677916051466,0.888117770767613,0.11188222923238696
30,Montana,1919,3992,398,6892,551,6753,2007,0.32464895956690915,0.6753510404330908,0.9454046639231825,0.05459533607681756,0.9245618838992333,0.0754381161007667
31,Nebraska,2856,7922,801,14455,1407,13837,2007,0.26498422712933756,0.7350157728706624,0.9474960671211327,0.05250393287886733,0.9077013907110995,0.09229860928890055
32,Nevada,1533,2549,220,3444,249,3416,2007,0.3755512003919647,0.6244487996080352,0.9399563318777293,0.060043668122270744,0.9320600272851296,0.0679399727148704
33,New Hampshire,1940,3973,305,5506,574,5226,2007,0.3280906477253509,0.6719093522746491,0.9475133367750818,0.05248666322491826,0.9010344827586206,0.09896551724137931
34,New Jersey,2278,4851,622,10982,879,10727,2007,0.31953990742039556,0.6804600925796044,0.9463977938641848,0.053602206135815234,0.9242633120799586,0.07573668792004136
35,New Mexico,2112,4407,468,7909,684,7694,2007,0.3239760699493787,0.6760239300506212,0.9441327444192432,0.055867255580756836,0.9183576032465982,0.08164239675340176
36,New York,2087,4305,310,6197,502,6013,2007,0.32650187734668334,0.6734981226533167,0.9523589980021515,0.04764100199784847,0.9229470452801228,0.0770529547198772
37,North Carolina,4316,10194,894,11717,1188,11469,2007,0.2974500344589938,0.7025499655410062,0.9291095075727539,0.07089049242724606,0.9061388954728609,0.09386110452713914
38,North Dakota,1318,3338,226,4335,423,4133,2007,0.28307560137457044,0.7169243986254296,0.9504494628370971,0.04955053716290287,0.9071553994732221,0.09284460052677787
39,Ohio,3749,7271,528,8863,809,8570,2007,0.34019963702359346,0.6598003629764065,0.9437759557022681,0.05622404429773187,0.9137434694530334,0.08625653054696662
40,Oklahoma,2305,5012,624,6927,811,6765,2007,0.3150198168648353,0.6849801831351647,0.9173619388160509,0.08263806118394915,0.8929514255543822,0.10704857444561774
41,Oregon,1519,3371,149,3905,262,3786,2007,0.31063394683026585,0.6893660531697342,0.9632461766156882,0.03675382338431179,0.9352766798418972,0.06472332015810277
42,Pennsylvania,4220,8754,549,8206,864,7918,2007,0.3252659164482812,0.6747340835517188,0.9372929754426043,0.06270702455739577,0.9016169437485766,0.09838305625142336
44,Rhode Island,1464,2970,370,5723,540,5560,2007,0.3301759133964817,0.6698240866035182,0.9392745773838831,0.06072542261611685,0.9114754098360656,0.08852459016393442
45,South Carolina,3100,7042,652,8554,1014,8262,2007,0.30565963320844014,0.6943403667915599,0.929176623940908,0.07082337605909189,0.8906856403622251,0.1093143596377749
46,South Dakota,1716,5034,329,6237,642,5910,2007,0.25422222222222224,0.7457777777777778,0.9498933901918977,0.050106609808102345,0.902014652014652,0.09798534798534798
47,Tennessee,1301,3652,465,4655,737,4383,2007,0.26266908944074296,0.737330910559257,0.9091796875,0.0908203125,0.8560546875,0.1439453125
48,Texas,5161,11750,640,10408,873,10185,2007,0.3051859736266336,0.6948140263733664,0.942070963070239,0.05792903692976104,0.9210526315789473,0.07894736842105263
49,Utah,1750,3216,362,9423,619,9200,2007,0.3523962948046718,0.6476037051953283,0.9630045988758303,0.036995401124169644,0.9369589571239434,0.06304104287605662
50,Vermont,2178,4654,308,6120,502,5937,2007,0.31879391100702575,0.6812060889929742,0.9520846297448662,0.04791537025513379,0.922037583475695,0.07796241652430502
51,Virginia,1861,4245,260,4587,390,4469,2007,0.30478218146085817,0.6952178185391418,0.9463585723127708,0.053641427687229216,0.9197365713109693,0.08026342868903066
53,Washington,8381,17165,787,18869,1235,18395,2007,0.328074845376967,0.6719251546230329,0.959961334961335,0.04003866503866504,0.9370860927152318,0.06291390728476821
54,West Virginia,1285,3101,352,4337,582,4126,2007,0.29297765617875055,0.7070223438212494,0.9249306888462359,0.07506931115376413,0.8763806287170773,0.12361937128292269
55,Wisconsin,2306,5063,210,4047,405,3846,2007,0.3129325552992265,0.6870674447007735,0.9506694855532065,0.04933051444679352,0.9047282992237121,0.09527170077628794
56,Wyoming,1968,4098,305,5507,400,5418,2007,0.32443125618199803,0.675568743818002,0.9475223675154852,0.0524776324845148,0.9312478514953593,0.06875214850464077
66,Guam,170,473,46,1192,118,1113,2007,0.2643856920684292,0.7356143079315708,0.962843295638126,0.03715670436187399,0.9041429731925265,0.0958570268074736
72,Puerto Rico,1031,2801,342,3718,464,3624,2007,0.2690501043841336,0.7309498956158664,0.9157635467980295,0.08423645320197044,0.8864970645792564,0.11350293542074363
